channel,model,radial_absolute_error,shell_absolute_error,source_snapshot
Bcc1,Stage AD,0.8997658866601131,3.831373934358501,169
Bcc2,Stage AD,0.29846153828141775,2.3604674945990842,169
Bcc3,Stage AD,0.5615519078172089,63.95870755394925,169
rho,Stage AD,8.309948633868059,27203.944572559634,169
press,Stage AD,6350314001.122744,2.0646531598541453e+22,169
vel1,Stage AD,0.10165671716127374,0.04319956088932729,169
vel2,Stage AD,0.005728611292342901,0.00010242185743155629,169
vel3,Stage AD,0.03153972943386701,0.004189818672138714,169
Bcc1,Stage AG,2.4310337634209462,4.01238401295186,169
Bcc2,Stage AG,0.1484705334669875,0.5686940716736575,169
Bcc3,Stage AG,0.4319474015217234,11.600226973981563,169
rho,Stage AG,5.124455610072018,51.514520236756915,169
press,Stage AG,20.889124150613558,171198.13961038893,169
vel1,Stage AG,0.060583932427495046,0.04495381190730952,169
vel2,Stage AG,0.00934657574416281,0.00014442304631518207,169
vel3,Stage AG,0.026899380185516533,0.0044946950981783985,169
Bcc1,Stage AD,0.9373312933173346,3.9620554529595613,170
Bcc2,Stage AD,0.15840735964107544,0.36022672353780566,170
Bcc3,Stage AD,0.23070243226036719,35.03912711272022,170
rho,Stage AD,3.7347681253796443,159.96773920687275,170
press,Stage AD,25.723343104013427,215554.6053006023,170
vel1,Stage AD,0.0893882560743043,0.04334086169949386,170
vel2,Stage AD,0.005049989722642205,7.98226190225457e-05,170
vel3,Stage AD,0.04803833535025622,0.003705423411611608,170
Bcc1,Stage AG,2.4053231943562863,3.8165145102060083,170
Bcc2,Stage AG,0.10867815358858474,0.19061826414714822,170
Bcc3,Stage AG,1.0348829632269954,4.574773114650068,170
rho,Stage AG,6.580969053923658,97.13085891961987,170
press,Stage AG,0.7144390999298919,93.30447950640234,170
vel1,Stage AG,0.056789243103159026,0.0473008837838684,170
vel2,Stage AG,0.006964305546616668,0.00015544236292993225,170
vel3,Stage AG,0.03850368216682344,0.0029071863085585467,170
Bcc1,Stage AD,1.073903693531353,3.8885716400048067,171
Bcc2,Stage AD,0.15604886825729947,0.9000320974438168,171
Bcc3,Stage AD,0.7632572413385418,72.76297231078627,171
rho,Stage AD,2.060092260590374,487.7525105199167,171
press,Stage AD,17425.36531317654,153984708595.6693,171
vel1,Stage AD,0.07440448062238263,0.0436801037298115,171
vel2,Stage AD,0.006641526901717943,6.025377919117642e-05,171
vel3,Stage AD,0.03955674885231723,0.0065163472321292755,171
Bcc1,Stage AG,2.301873711487002,4.023396926285297,171
Bcc2,Stage AG,0.1261683458044676,0.6149202301628414,171
Bcc3,Stage AG,0.3588158191563203,12.527158564205195,171
rho,Stage AG,6.032577630691029,68.3984492119205,171
press,Stage AG,5.708970872169649,12435.101908457107,171
vel1,Stage AG,0.07834040812321698,0.04815351025395337,171
vel2,Stage AG,0.007185872017266771,0.00010349795094014161,171
vel3,Stage AG,0.03660363932269605,0.0061610996217460155,171
Bcc1,Stage AD,0.8664274194060454,3.72826354072024,172
Bcc2,Stage AD,0.11305158057141673,0.30358511091878115,172
Bcc3,Stage AD,0.8767071148930149,33.12865196949004,172
rho,Stage AD,2.9934059459117175,365.9776466291191,172
press,Stage AD,222.2965047371219,17077867.995071538,172
vel1,Stage AD,0.07559021157025339,0.04253119264239863,172
vel2,Stage AD,0.005000598275744584,6.396643634988529e-05,172
vel3,Stage AD,0.02786571787119879,0.001847603033980865,172
Bcc1,Stage AG,2.2947551357224,3.712741156959024,172
Bcc2,Stage AG,0.06082738135915692,0.18730593919103014,172
Bcc3,Stage AG,0.7890338786927648,4.062955764958263,172
rho,Stage AG,6.694993594688911,99.11280442562774,172
press,Stage AG,0.8407882309708131,283.03133165957695,172
vel1,Stage AG,0.06313133105048228,0.04797889161044629,172
vel2,Stage AG,0.006834185515230481,0.00010835405572094602,172
vel3,Stage AG,0.016057751629401568,0.0013650281016543656,172
Bcc1,Stage AD,0.7952555175157195,3.6090214679061403,173
Bcc2,Stage AD,0.1614556515754434,0.5253047667803832,173
Bcc3,Stage AD,0.8224642235156869,44.926781336763646,173
rho,Stage AD,3.077921985956586,263.34425336538646,173
press,Stage AD,8503.070187462055,36989639604.65732,173
vel1,Stage AD,0.06463786953411112,0.04217113164723791,173
vel2,Stage AD,0.0027682720175441528,4.083698189327607e-05,173
vel3,Stage AD,0.02602191568578567,0.002638860450956117,173
Bcc1,Stage AG,2.332576453580193,3.773031588923602,173
Bcc2,Stage AG,0.1353223513168206,0.4758184182545867,173
Bcc3,Stage AG,0.7633335215309643,8.22470163313477,173
rho,Stage AG,6.397428131887416,106.26348612227571,173
press,Stage AG,1.8661957279452936,977.9637582727319,173
vel1,Stage AG,0.06633017657157457,0.04816968020697986,173
vel2,Stage AG,0.007999119602572689,0.00010112934577417256,173
vel3,Stage AG,0.02855124046102108,0.0025401715034864118,173
Bcc1,Stage AD,0.7091614136594623,3.083169735841835,174
Bcc2,Stage AD,0.16773188072099252,0.23022455126337613,174
Bcc3,Stage AD,0.6496675419054366,1.8926798239988847,174
rho,Stage AD,3.7743494468145378,30.46996192182156,174
press,Stage AD,91.45619408760165,3299680.8348665037,174
vel1,Stage AD,0.05425765150892213,0.04464772309429081,174
vel2,Stage AD,0.003019784886106229,6.818477337002001e-05,174
vel3,Stage AD,0.035655368641489535,0.00295484118461663,174
Bcc1,Stage AG,2.207618532586261,3.168202842664086,174
Bcc2,Stage AG,0.15463101079666006,0.2090595889591786,174
Bcc3,Stage AG,0.5854708233987514,13.32407707813848,174
rho,Stage AG,6.4217829362824155,110.34256938890668,174
press,Stage AG,0.9514618148192847,429.0385479397572,174
vel1,Stage AG,0.07746355070732794,0.050234130240898386,174
vel2,Stage AG,0.00567295631632492,0.00011533652997880892,174
vel3,Stage AG,0.032673655825294315,0.003219542136262272,174
Bcc1,Stage AD,0.8188612977223371,3.1836178526779912,175
Bcc2,Stage AD,0.13274568185412844,0.2350554046213922,175
Bcc3,Stage AD,0.5195534528532056,12.571822469592599,175
rho,Stage AD,4.684438989316927,14.795173303558085,175
press,Stage AD,16.23183216733465,118258.10644956569,175
vel1,Stage AD,0.052162554483558735,0.04534159983893833,175
vel2,Stage AD,0.002091112099729428,5.369855694509501e-05,175
vel3,Stage AD,0.04047524803613068,0.002722534563966986,175
Bcc1,Stage AG,2.2263749291252926,3.169668631610828,175
Bcc2,Stage AG,0.09611568363978865,0.16941029433070012,175
Bcc3,Stage AG,0.4917172027088497,0.4381176832518478,175
rho,Stage AG,7.0453271063390615,136.4825168115177,175
press,Stage AG,0.36723644614578815,259.0380840511131,175
vel1,Stage AG,0.06909360308686678,0.05094453268363455,175
vel2,Stage AG,0.005486939045298823,7.476668056253616e-05,175
vel3,Stage AG,0.03559508981535659,0.002934158264472438,175
Bcc1,Stage AD,0.8990930266530079,3.0989649573843776,176
Bcc2,Stage AD,0.1368034315201388,0.417929621599157,176
Bcc3,Stage AD,0.4607333861947058,34.86998864841526,176
rho,Stage AD,3.951951891515044,57.48375671287071,176
press,Stage AD,6.070259896797119,6391.093646961722,176
vel1,Stage AD,0.054094122191104106,0.04531150086861079,176
vel2,Stage AD,0.0022902747493287567,3.184896480836925e-05,176
vel3,Stage AD,0.019141975735044097,0.002683269847639539,176
Bcc1,Stage AG,2.2471762029319557,3.2168440122263795,176
Bcc2,Stage AG,0.0918073609987372,0.38643388043553284,176
Bcc3,Stage AG,0.6299199344555818,7.750045848232743,176
rho,Stage AG,6.295075703368725,108.15670055361122,176
press,Stage AG,2.5636320168984854,2334.121812845954,176
vel1,Stage AG,0.0632584877886463,0.05147332975247925,176
vel2,Stage AG,0.0044703976437903085,6.707345509809822e-05,176
vel3,Stage AG,0.007609754376247361,0.0033897521648282164,176
Bcc1,Stage AD,0.7379837330947712,2.7205388339443783,177
Bcc2,Stage AD,0.1279891742287991,0.23904917033264977,177
Bcc3,Stage AD,0.8161380998590659,2.528753060647562,177
rho,Stage AD,5.031310821766624,32.51187428075056,177
press,Stage AD,128.0788506254114,7180373.057277211,177
vel1,Stage AD,0.05272453606413429,0.04854164965504235,177
vel2,Stage AD,0.0025781098964101704,3.0772373111745475e-05,177
vel3,Stage AD,0.011252944449923464,0.001865551095367844,177
Bcc1,Stage AG,2.0634864786179294,2.8153896200827426,177
Bcc2,Stage AG,0.06738585420617242,0.1604617479053042,177
Bcc3,Stage AG,0.8004881733476044,8.194946817872713,177
rho,Stage AG,7.22905192058272,158.5008465680893,177
press,Stage AG,2.5733972797105866,2280.70110886568,177
vel1,Stage AG,0.0553967262497841,0.05417878284942318,177
vel2,Stage AG,0.0022235583943368744,6.18585598569974e-05,177
vel3,Stage AG,0.019407779133554307,0.0013831832544415178,177
Bcc1,Stage AD,0.7602211107175737,2.5697398073524296,178
Bcc2,Stage AD,0.10456954678082044,0.12623965565802195,178
Bcc3,Stage AD,0.23661130987567688,1.9877834408520196,178
rho,Stage AD,3.726573010437308,188.91381514327975,178
press,Stage AD,3.0585942959244874,3574.71513331067,178
vel1,Stage AD,0.057215023629806544,0.051927483764543654,178
vel2,Stage AD,0.0017184105299553913,3.958491460060814e-05,178
vel3,Stage AD,0.015346944151449448,0.0020401314187654244,178
Bcc1,Stage AG,1.9626725654795933,2.602666929342728,178
Bcc2,Stage AG,0.07548564954281095,0.07095562394654786,178
Bcc3,Stage AG,0.3353326267733362,4.651907853165696,178
rho,Stage AG,6.1510176796927665,139.60076802422546,178
press,Stage AG,0.6633262494446313,118.00036290073571,178
vel1,Stage AG,0.07474381763613866,0.05672114319066496,178
vel2,Stage AG,0.002170282612518449,1.4716029391981614e-05,178
vel3,Stage AG,0.016045421798613502,0.0027086394937101306,178
Bcc1,Stage AD,0.7515275135633517,2.3676727298455598,179
Bcc2,Stage AD,0.06250842909222729,0.023710023640415242,179
Bcc3,Stage AD,0.7375623404419652,13.110483458967288,179
rho,Stage AD,2.8903846366263646,27.10737416438069,179
press,Stage AD,0.7869460845465153,158.6467480686851,179
vel1,Stage AD,0.05165404723992316,0.05502679084955207,179
vel2,Stage AD,0.0010669919484243562,3.8807470491276353e-05,179
vel3,Stage AD,0.04318576069988452,0.002460324774312763,179
Bcc1,Stage AG,1.826313447004257,2.3533253904321056,179
Bcc2,Stage AG,0.03463743261362151,0.01488376554799713,179
Bcc3,Stage AG,0.7057330608303666,11.756456278417392,179
rho,Stage AG,4.796683362889331,102.74279105427185,179
press,Stage AG,1.3760601713271683,166.06466587948316,179
vel1,Stage AG,0.05673340060998803,0.05939812461792493,179
vel2,Stage AG,0.0016690348182591458,6.115234903077658e-05,179
vel3,Stage AG,0.04187472215836032,0.002373346893168472,179
Bcc1,Stage AD,0.6800921288296006,2.15319960906997,180
Bcc2,Stage AD,0.09734174659294585,0.0627870829035444,180
Bcc3,Stage AD,0.5695759700804188,19.10316292806221,180
rho,Stage AD,2.542642696141021,16.51145187297284,180
press,Stage AD,0.5063389694667108,34.83829448907483,180
vel1,Stage AD,0.06163458836850585,0.054691920654369154,180
vel2,Stage AD,0.001100880880998315,2.0082636655863196e-05,180
vel3,Stage AD,0.09259371565316006,0.010654143409474182,180
Bcc1,Stage AG,1.7185956910354958,2.000357573433649,180
Bcc2,Stage AG,0.06758527710985066,0.027313934118203577,180
Bcc3,Stage AG,0.6367213824020436,19.993496476710128,180
rho,Stage AG,4.505363379381808,93.19174289182047,180
press,Stage AG,1.0407194333203633,160.74083107483287,180
vel1,Stage AG,0.06283959499796345,0.05994808969657929,180
vel2,Stage AG,0.0015921657277797457,2.6537778131086065e-05,180
vel3,Stage AG,0.09353647652452841,0.0110655406094303,180
Bcc1,Stage AD,0.5197793943968413,2.0351533353651785,181
Bcc2,Stage AD,0.1479934562824452,0.07613256120777868,181
Bcc3,Stage AD,0.7007258334042441,14.864690507666884,181
rho,Stage AD,1.3925773239523562,71.1694195930463,181
press,Stage AD,0.6117415949109695,39.52160486568032,181
vel1,Stage AD,0.06278372590886078,0.05270311199397332,181
vel2,Stage AD,0.0014639606246212224,3.3355685542678196e-05,181
vel3,Stage AD,0.07942128813386407,0.0046869800839991335,181
Bcc1,Stage AG,1.6946815540500364,1.6163636791519902,181
Bcc2,Stage AG,0.14662629329260923,0.0035566758567402374,181
Bcc3,Stage AG,0.3173128138585131,12.801589604178723,181
rho,Stage AG,2.6694161946090236,17.096049609420522,181
press,Stage AG,0.5868211451508456,92.39250994449517,181
vel1,Stage AG,0.0542370638059683,0.057565973601710105,181
vel2,Stage AG,0.0013517542952172087,5.385638455356279e-05,181
vel3,Stage AG,0.07557868968072712,0.005012744848023541,181
Bcc1,Stage AD,0.36602260383052393,2.336391245296137,182
Bcc2,Stage AD,0.03562116327237911,0.05513832040468504,182
Bcc3,Stage AD,0.7085984165503301,6.4493196116772005,182
rho,Stage AD,1.7877153159145487,41.809401592021054,182
press,Stage AD,0.829694135985085,252.34143126924323,182
vel1,Stage AD,0.07319038727407408,0.04905350660217067,182
vel2,Stage AD,0.0007544353182474157,7.302830690353642e-05,182
vel3,Stage AD,0.01965499963267148,0.0023323220880551486,182
Bcc1,Stage AG,1.6840949967636085,1.7426999681184152,182
Bcc2,Stage AG,0.012411881427678743,0.0019464202272199552,182
Bcc3,Stage AG,0.6681198347338694,6.181086432387512,182
rho,Stage AG,2.552633400396016,17.610749155551332,182
press,Stage AG,1091.8647289274859,609024946.4801227,182
vel1,Stage AG,0.05625695632897632,0.05306413628564338,182
vel2,Stage AG,0.0011781333127782617,8.563696888568844e-05,182
vel3,Stage AG,0.026836056465462697,0.002627079418191648,182
Bcc1,Stage AD,0.3895126742934991,2.5339262183294244,183
Bcc2,Stage AD,0.11588920795751219,0.047940963968954135,183
Bcc3,Stage AD,1.042699851798041,4.932994932093279,183
rho,Stage AD,2.614955159367283,23.97932398866164,183
press,Stage AD,4.04498235371116,4123.442718571214,183
vel1,Stage AD,0.08551205018963812,0.04665676277918424,183
vel2,Stage AD,0.0014988796165469386,5.694000676210781e-05,183
vel3,Stage AD,0.02196665630616765,0.001316532521912791,183
Bcc1,Stage AG,1.7445755542037051,2.1666212532495264,183
Bcc2,Stage AG,0.12165286996965038,0.0018381379456839763,183
Bcc3,Stage AG,1.0241117018135089,5.777905118458036,183
rho,Stage AG,3.6894083446018895,42.123691663766124,183
press,Stage AG,0.956919723069054,221.6050359623152,183
vel1,Stage AG,0.0719498626352026,0.05125603132264906,183
vel2,Stage AG,0.002299508090106911,9.705878553747844e-05,183
vel3,Stage AG,0.016513990974465417,0.00022659452861936735,183
Bcc1,Stage AD,0.6577434149015223,2.5027574771406713,184
Bcc2,Stage AD,0.09516434572317445,0.019190948085285632,184
Bcc3,Stage AD,0.6288652388051296,7.573135784986493,184
rho,Stage AD,3.0038078417878933,140.5266467837171,184
press,Stage AD,1.4123317559551387,374.5707604903645,184
vel1,Stage AD,0.08354307820371694,0.04652162279113636,184
vel2,Stage AD,0.0014459370662952785,6.859079940640067e-05,184
vel3,Stage AD,0.04269957336281606,0.001145619699754996,184
Bcc1,Stage AG,1.8930699820653825,2.3120423428258334,184
Bcc2,Stage AG,0.09464569215125465,0.022181189819118364,184
Bcc3,Stage AG,0.6065650621790412,7.3887887759472095,184
rho,Stage AG,4.489342444388618,71.43255082793125,184
press,Stage AG,1.5202577264098698,239.18716824895193,184
vel1,Stage AG,0.06282474520699458,0.05079514700652207,184
vel2,Stage AG,0.005890664741310283,0.00010313043567551522,184
vel3,Stage AG,0.05391752422531413,0.001573594952575108,184
Bcc1,Stage AD,0.9711676618649103,3.2693399751591663,185
Bcc2,Stage AD,0.11736713268066228,0.8687642346724643,185
Bcc3,Stage AD,0.6581393346870957,34.43468093974633,185
rho,Stage AD,2.6195350472111616,122.17135930475641,185
press,Stage AD,71.55711357582979,2171727.3841180294,185
vel1,Stage AD,0.10445350198694603,0.04754799942681141,185
vel2,Stage AD,0.002610793928211489,6.230353011500685e-05,185
vel3,Stage AD,0.03349453344713481,0.004792256688131013,185
Bcc1,Stage AG,2.0733757180971315,2.866478837740859,185
Bcc2,Stage AG,0.08501369885605704,0.32285785156558244,185
Bcc3,Stage AG,0.5088398505095092,9.076830623818653,185
rho,Stage AG,4.189331791969243,343.12201962340157,185
press,Stage AG,558.9163099610493,158069628.4287581,185
vel1,Stage AG,0.07465505166675195,0.05189125877406878,185
vel2,Stage AG,0.009733164085357899,0.00011274398804670419,185
vel3,Stage AG,0.02219742136500948,0.003750286270654762,185
Bcc1,Stage AD,1.3635220000431414,3.583666554772846,186
Bcc2,Stage AD,0.8781811783308843,148.26520414677637,186
Bcc3,Stage AD,0.5639293592171497,83.26996847703982,186
rho,Stage AD,2.427988722113003,622.8759021541912,186
press,Stage AD,27.220147984353726,181632.19191261096,186
vel1,Stage AD,0.11041739234276167,0.04679281388384865,186
vel2,Stage AD,0.010455979906987774,0.00013043950552899276,186
vel3,Stage AD,0.06689113478008048,0.003215691656975435,186
Bcc1,Stage AG,2.236311716183985,3.016832582082238,186
Bcc2,Stage AG,0.198258631534863,0.4922210515390142,186
Bcc3,Stage AG,1.1363088760311837,85.11163357957574,186
rho,Stage AG,3.84275294295074,20.084947480756664,186
press,Stage AG,56807.166895671326,1623127326700.3372,186
vel1,Stage AG,0.06395051876014614,0.051555408123985944,186
vel2,Stage AG,0.005113421513190354,0.00014281337700388502,186
vel3,Stage AG,0.07229446341696459,0.00448255210927485,186
Bcc1,Stage AD,1.780197698403867,4.335356768500129,187
Bcc2,Stage AD,0.2872927866582098,1.7486172643415645,187
Bcc3,Stage AD,0.6766751657407997,41.87481948963615,187
rho,Stage AD,4.9605668832565035,4747.002814820316,187
press,Stage AD,467.7584681564402,69923682.90165617,187
vel1,Stage AD,0.12892663763258125,0.04729453340154046,187
vel2,Stage AD,0.006791433414131603,0.00011474882890892005,187
vel3,Stage AD,0.08458019266311416,0.005326174044888411,187
Bcc1,Stage AG,2.4087646702733134,3.502411779204898,187
Bcc2,Stage AG,0.24794266476885937,0.5022712883212591,187
Bcc3,Stage AG,0.85027532653701,38.51370849642466,187
rho,Stage AG,4.229984058812449,14.496639608922399,187
press,Stage AG,4.117653812785391,3268.0640953691864,187
vel1,Stage AG,0.0682047847183344,0.050710332573535306,187
vel2,Stage AG,0.010359988467765218,0.00010322618466684009,187
vel3,Stage AG,0.0947143628970967,0.005311451596959487,187
Bcc1,Stage AD,1.9760518976463606,5.0354201727878865,188
Bcc2,Stage AD,0.43315455994089935,7.119205927428469,188
Bcc3,Stage AD,1.1045824755076772,121.04682047171404,188
rho,Stage AD,1.743763875847253,307.6795361813832,188
press,Stage AD,38.86298832279891,460697.0415952199,188
vel1,Stage AD,0.1661830541801007,0.042533168552537894,188
vel2,Stage AD,0.0032583388797971023,4.823592084024785e-05,188
vel3,Stage AD,0.04820496554574818,0.0008233508854848631,188
Bcc1,Stage AG,2.609475082558885,4.38032734139752,188
Bcc2,Stage AG,0.30182081944955874,1.4295831525313725,188
Bcc3,Stage AG,1.1911217927804199,35.91860120009347,188
rho,Stage AG,4.4588978201942115,47.20910636037508,188
press,Stage AG,5.0890047755152485,3138.4933888263095,188
vel1,Stage AG,0.1027499049127156,0.04577218568266279,188
vel2,Stage AG,0.011173433925748287,9.030419889536389e-05,188
vel3,Stage AG,0.027468912748184703,0.002011168996027447,188
Bcc1,Stage AD,1.7573915615913471,4.569621227176229,189
Bcc2,Stage AD,0.2607777918641153,2.2632752224030686,189
Bcc3,Stage AD,1.1351982890700543,41.84628229776952,189
rho,Stage AD,2.341003433404072,194.3231251593497,189
press,Stage AD,481.97572524021416,85158595.66498281,189
vel1,Stage AD,0.14374408281174395,0.04260488303078625,189
vel2,Stage AD,0.0036258028604608276,8.598512826746614e-05,189
vel3,Stage AD,0.05164566877469251,0.0056223002528092425,189
Bcc1,Stage AG,2.602286613349098,4.302818184664701,189
Bcc2,Stage AG,0.18805297897433215,0.5332437980006495,189
Bcc3,Stage AG,0.9254940178533817,31.38320945204598,189
rho,Stage AG,4.569764440970184,52.407878013962424,189
press,Stage AG,60.74195880066584,1692509.0128021208,189
vel1,Stage AG,0.06160645539318464,0.04509546199471124,189
vel2,Stage AG,0.0057060123062217735,0.0001885537244416159,189
vel3,Stage AG,0.05418612910294061,0.004322827062171725,189
Bcc1,Stage AD,1.7120366026598577,4.648913042400998,190
Bcc2,Stage AD,0.1799116261778592,1.2193631421903466,190
Bcc3,Stage AD,1.0555172020038748,173.42765103467352,190
rho,Stage AD,2.8609032893838187,149.9892689617346,190
press,Stage AD,15992.330806617902,100651495234.2374,190
vel1,Stage AD,0.13097464943511783,0.04312934496433856,190
vel2,Stage AD,0.003418676934783557,0.00010877695494295912,190
vel3,Stage AD,0.03302360670032692,0.0038405152144692883,190
Bcc1,Stage AG,2.5284372332828253,4.408335027176314,190
Bcc2,Stage AG,0.23804183023456504,3.652301671403835,190
Bcc3,Stage AG,1.8001990040071478,32.411382268520086,190
rho,Stage AG,5.040088676422284,16.660067307027436,190
press,Stage AG,6.49324558836116,5824.560983551446,190
vel1,Stage AG,0.07303451266427907,0.046697530349360486,190
vel2,Stage AG,0.010771691052062389,0.0002237841667925968,190
vel3,Stage AG,0.03382743444813655,0.0033946092574126847,190
Bcc1,Stage AD,1.5761587814232703,4.2171253885344315,191
Bcc2,Stage AD,0.23556303151654656,1.4458327232356547,191
Bcc3,Stage AD,0.4563162656954766,54.369016524577,191
rho,Stage AD,3.3243302530051646,6790.226578051797,191
press,Stage AD,16164442891188.363,1.3377599444135368e+29,191
vel1,Stage AD,0.12719251564759057,0.04235230530117541,191
vel2,Stage AD,0.0033165042473320525,7.51798372086997e-05,191
vel3,Stage AD,0.035416160302023526,0.003707042051787342,191
Bcc1,Stage AG,2.5537012754669517,4.466937766805021,191
Bcc2,Stage AG,0.1945236023923017,16.400342728315508,191
Bcc3,Stage AG,0.9221858478657665,275.0878648827859,191
rho,Stage AG,4.981912332906759,28.011715373397738,191
press,Stage AG,10.703534570582695,28561.65137030245,191
vel1,Stage AG,0.09823255856086016,0.04595512569104159,191
vel2,Stage AG,0.008584443279424682,0.0001449082842052254,191
vel3,Stage AG,0.047307181223940224,0.0022918633530409596,191
Bcc1,Stage AD,1.173654827139611,3.717097450662301,192
Bcc2,Stage AD,0.6512718980900994,102.61625017201429,192
Bcc3,Stage AD,0.3193814505691606,21.40923682444375,192
rho,Stage AD,2.3838739965273827,652.2132088043402,192
press,Stage AD,169980.93800402302,14790323148376.312,192
vel1,Stage AD,0.10683661779441668,0.042097879936657576,192
vel2,Stage AD,0.006773183204907881,0.00012996810643585172,192
vel3,Stage AD,0.02856047885691196,0.005400845569549693,192
Bcc1,Stage AG,2.361744081329604,4.163006689971193,192
Bcc2,Stage AG,0.13638430727082032,2.4378793704752564,192
Bcc3,Stage AG,0.6915127116023739,44.253618863809436,192
rho,Stage AG,4.118289387732175,22.563122044009503,192
press,Stage AG,3.180175665139466,2904.9099257874805,192
vel1,Stage AG,0.08651641469788116,0.04579278329371303,192
vel2,Stage AG,0.005822117823771816,0.00016603999719964498,192
vel3,Stage AG,0.0231391672906411,0.0019455991498812154,192
Bcc1,Stage AD,0.7100183187916942,3.4510649251374073,193
Bcc2,Stage AD,0.13247485386428093,0.8570592421898523,193
Bcc3,Stage AD,0.50573511409599,28.64379837060465,193
rho,Stage AD,1.558957946926121,131.3543845668618,193
press,Stage AD,6.929408013347195,8977.621717101605,193
vel1,Stage AD,0.1031567448892943,0.04198362453050882,193
vel2,Stage AD,0.002472719836168244,0.00016359260138634003,193
vel3,Stage AD,0.03629315138446175,0.0022288534148977098,193
Bcc1,Stage AG,2.151038458210713,3.4759478786207616,193
Bcc2,Stage AG,0.049384137293503716,0.49027369369469914,193
Bcc3,Stage AG,0.6269165187308747,12.678454511256092,193
rho,Stage AG,4.3944226924417285,37.18923427915167,193
press,Stage AG,5.45272663034287,10435.888553840756,193
vel1,Stage AG,0.07669485532236851,0.044599402473450234,193
vel2,Stage AG,0.010398467114662448,0.0002009442340919181,193
vel3,Stage AG,0.032766401337142086,0.0032496557791215396,193
Bcc1,Stage AD,0.7255735900545129,3.475462260516003,194
Bcc2,Stage AD,0.1291471579964921,0.8160913964041093,194
Bcc3,Stage AD,3.397753189677698,1235.792742271546,194
rho,Stage AD,2.148454527181694,414.32482836608426,194
press,Stage AD,21.43260881528851,99882.20887906128,194
vel1,Stage AD,0.10911732843097725,0.0418023058208815,194
vel2,Stage AD,0.003891424853482012,0.00016689704243294623,194
vel3,Stage AD,0.04875281334039721,0.0038130389328834167,194
Bcc1,Stage AG,2.1753185346184005,3.323534598448793,194
Bcc2,Stage AG,0.1004417167144045,0.46632956419483623,194
Bcc3,Stage AG,0.7062358065819289,26.29019408990476,194
rho,Stage AG,3.9430444181545967,20.209697523234823,194
press,Stage AG,0.8988284729637868,668.072912056907,194
vel1,Stage AG,0.0843591772709957,0.04146631703841233,194
vel2,Stage AG,0.0113112919007229,0.00023111997844134485,194
vel3,Stage AG,0.039154713848541335,0.00356215247203657,194
Bcc1,Stage AD,0.6244451568499119,3.6942255845172647,195
Bcc2,Stage AD,0.12449865356753745,0.5994497802746862,195
Bcc3,Stage AD,0.731754850389498,84.29821115204915,195
rho,Stage AD,1.246175215142775,668.2300697180747,195
press,Stage AD,18.06033537149073,100299.74496126713,195
vel1,Stage AD,0.12026851091284668,0.040052326767531427,195
vel2,Stage AD,0.004446373183258462,0.00017119862713459326,195
vel3,Stage AD,0.08231944389149937,0.0006913972040175133,195
Bcc1,Stage AG,2.268308090053579,3.4240181290144225,195
Bcc2,Stage AG,0.1303538175449778,0.7225060242059675,195
Bcc3,Stage AG,0.9753574584767523,31.495958850848428,195
rho,Stage AG,3.404783774752174,20.063917363709898,195
press,Stage AG,3.2676414082895335,1175.1985134291156,195
vel1,Stage AG,0.09098363586213824,0.04159637992159819,195
vel2,Stage AG,0.01023680923346319,0.00023892730024058817,195
vel3,Stage AG,0.07587661104829617,0.0013446424475053972,195
Bcc1,Stage AD,0.7055928763227897,4.4206711543994315,196
Bcc2,Stage AD,0.13771290122183402,2.377335380697533,196
Bcc3,Stage AD,0.2203519022122734,48.88416074999525,196
rho,Stage AD,2.638328266356808,1299.1636301503038,196
press,Stage AD,65.15631258825876,718143.906462419,196
vel1,Stage AD,0.13489407400544806,0.04009112715481062,196
vel2,Stage AD,0.005352800930907676,0.0001673672454759743,196
vel3,Stage AD,0.0586498140477779,0.0024297341774512297,196
Bcc1,Stage AG,2.4044309025549886,4.0328092541080425,196
Bcc2,Stage AG,0.3514469996142737,34.813895488235744,196
Bcc3,Stage AG,0.16496560019248374,60.757833520469994,196
rho,Stage AG,3.657997312917855,17.2737579833535,196
press,Stage AG,13.121151253777468,19802.42408749286,196
vel1,Stage AG,0.08135039873417954,0.0418084689337948,196
vel2,Stage AG,0.006454631071337185,0.0002618142390994243,196
vel3,Stage AG,0.03335274857364951,0.0027725312793605607,196
Bcc1,Stage AD,1.3336286896387988,5.044348727547155,197
Bcc2,Stage AD,0.3227420557052181,9.430058346651128,197
Bcc3,Stage AD,2.2125612228705203,127.20454184587541,197
rho,Stage AD,2.053839434003123,327.5746205260714,197
press,Stage AD,14922.062109211176,111041170766.41449,197
vel1,Stage AD,0.1670131915480042,0.04397513502358173,197
vel2,Stage AD,0.004134934930279558,0.00013701112722356372,197
vel3,Stage AD,0.11658405025895921,0.002500525904149106,197
Bcc1,Stage AG,2.4922976439007223,4.988644607734124,197
Bcc2,Stage AG,1.699408871449874,199.03793196497338,197
Bcc3,Stage AG,4.041078368112655,627.3840770207894,197
rho,Stage AG,4.147861456341085,19.66391699188062,197
press,Stage AG,18.74495233205509,43052.872400101856,197
vel1,Stage AG,0.07432396686059327,0.04530213924800675,197
vel2,Stage AG,0.009488062420481858,0.0002669422951665367,197
vel3,Stage AG,0.09756482732305627,0.002294160005087929,197
Bcc1,Stage AD,1.5142684510804605,5.256034058597332,198
Bcc2,Stage AD,1.1797585665830077,416.9385852184929,198
Bcc3,Stage AD,4.2399321622017005,2560.7573893050217,198
rho,Stage AD,2.085469486214136,255.42229648432968,198
press,Stage AD,620.890945513421,157892286.17821035,198
vel1,Stage AD,0.17323156595424968,0.046302298740942376,198
vel2,Stage AD,0.008700262833209935,0.00017311525100347956,198
vel3,Stage AD,0.08766959505515116,0.0020043736063515547,198
Bcc1,Stage AG,2.327081030682008,5.045954023989102,198
Bcc2,Stage AG,0.43615124042849956,38.46554639866565,198
Bcc3,Stage AG,2.8875319157078425,1024.616432617376,198
rho,Stage AG,4.25912233700556,19.40784700505139,198
press,Stage AG,15.922996408267643,28462.334480818627,198
vel1,Stage AG,0.08636502020215006,0.04611106115456453,198
vel2,Stage AG,0.008009311700625181,0.00023075332694488142,198
vel3,Stage AG,0.0615894780379084,0.0018036201070842353,198
Bcc1,Stage AD,1.7783406144356182,5.620924840650449,199
Bcc2,Stage AD,1.1359306608585908,12.339596104749962,199
Bcc3,Stage AD,0.5715671289511295,321.4521622641126,199
rho,Stage AD,1.6460612050897276,406.87945942533696,199
press,Stage AD,11269.977008615297,58787258542.41039,199
vel1,Stage AD,0.15903525381679096,0.04561996831728238,199
vel2,Stage AD,0.008711080160407985,0.000111082700861486,199
vel3,Stage AD,0.07228545603449862,0.008811974675081734,199
Bcc1,Stage AG,2.4781126403211644,5.496461375461826,199
Bcc2,Stage AG,0.8161678364916627,267.6767496190811,199
Bcc3,Stage AG,10.69471502861371,11224.069085260931,199
rho,Stage AG,4.334501194922155,377.1367274359925,199
press,Stage AG,5524138.692589134,1.5623701658011598e+16,199
vel1,Stage AG,0.07419927848027943,0.04285079976283715,199
vel2,Stage AG,0.010919777934930996,0.00016586805703605769,199
vel3,Stage AG,0.05750828154096008,0.008032640107418337,199
Bcc1,Stage AD,2.0277570693944655,5.118064443859967,200
Bcc2,Stage AD,0.5357728555578004,5.489004081768451,200
Bcc3,Stage AD,0.8229192082702577,54.97519249482503,200
rho,Stage AD,2.7275680475632798,621.9971109577145,200
press,Stage AD,463.59012335599283,95462047.65873939,200
vel1,Stage AD,0.15261272001912904,0.04433058801546501,200
vel2,Stage AD,0.0043779320271264376,0.00014325675653024207,200
vel3,Stage AD,0.0593954609105544,0.00822079384538398,200
Bcc1,Stage AG,2.7199189401474633,5.201594082827794,200
Bcc2,Stage AG,0.8072790391372474,116.29379728851819,200
Bcc3,Stage AG,1.4174340448289104,346.7833417982574,200
rho,Stage AG,3.8552936560247315,252.08479042840565,200
press,Stage AG,8.20379917843167,8604.342599885167,200
vel1,Stage AG,0.07341197693682279,0.0464627189020913,200
vel2,Stage AG,0.007771011672182749,0.00022271468665853902,200
vel3,Stage AG,0.061252408254920135,0.008293971086636827,200
Bcc1,Stage AD,1.968506523337706,5.199033190586889,201
Bcc2,Stage AD,0.5388038061237839,24.589252902434705,201
Bcc3,Stage AD,1.1045163578289916,433.7914221887321,201
rho,Stage AD,1.5804000394934818,357.43964406565914,201
press,Stage AD,66.37780776308789,1026016.6063786085,201
vel1,Stage AD,0.15085196428227765,0.039728035670619506,201
vel2,Stage AD,0.005705407534189673,0.00012038436262624544,201
vel3,Stage AD,0.10256479696133307,0.0076234174508942555,201
Bcc1,Stage AG,2.7591694272276697,4.945384097932185,201
Bcc2,Stage AG,0.251840050691263,57.155759577275155,201
Bcc3,Stage AG,0.7323550445167211,1010.1645624822944,201
rho,Stage AG,3.2846390403981895,250.92731365297098,201
press,Stage AG,27.12022377104923,202595.8707344658,201
vel1,Stage AG,0.08066194721466925,0.040734479518474455,201
vel2,Stage AG,0.008254421012159157,0.00026366962742494177,201
vel3,Stage AG,0.09870922453178524,0.007741531323837991,201
Bcc1,Stage AD,2.0576458090935907,5.158652432054248,202
Bcc2,Stage AD,1.1130602362177349,12.957957031071546,202
Bcc3,Stage AD,0.7809851752218562,114.47497959115465,202
rho,Stage AD,2.298967487117625,723.5154476114385,202
press,Stage AD,11.270271821204211,6972.5743266927575,202
vel1,Stage AD,0.17073310755747081,0.0384285443998508,202
vel2,Stage AD,0.006890788299798912,0.00014161538961543393,202
vel3,Stage AD,0.08988681620158945,0.003965149212733799,202
Bcc1,Stage AG,2.836516916351656,4.904200935650585,202
Bcc2,Stage AG,0.3931051457501199,1.483220202276909,202
Bcc3,Stage AG,0.9100347960502359,217.39410770695903,202
rho,Stage AG,3.781118495586613,25.792629036751137,202
press,Stage AG,2.4589576502730908,1344.8906165357243,202
vel1,Stage AG,0.10413805524431849,0.036817675023775864,202
vel2,Stage AG,0.009529048314312097,0.00030979504194952255,202
vel3,Stage AG,0.05527387980882952,0.0038019721628739563,202
Bcc1,Stage AD,1.9823345562564474,4.9938033294795945,203
Bcc2,Stage AD,1.2607682751992733,17.991469663602164,203
Bcc3,Stage AD,1.0523483293263938,415.706764690883,203
rho,Stage AD,2.047426947439595,737.0384232126692,203
press,Stage AD,88.48875447460857,2817033.7287642774,203
vel1,Stage AD,0.1692178941066165,0.04446965227869454,203
vel2,Stage AD,0.005316862107294014,0.0001444229110493784,203
vel3,Stage AD,0.11932348907225669,0.005783677530474343,203
Bcc1,Stage AG,2.669679573242058,4.727781070400171,203
Bcc2,Stage AG,0.5560347925808335,1.8011407366863266,203
Bcc3,Stage AG,0.5322850459684301,126.99441653590823,203
rho,Stage AG,4.074746357686204,22.5197852473051,203
press,Stage AG,0.27912776408736045,127.63031760921618,203
vel1,Stage AG,0.09961215456377182,0.04613979085797712,203
vel2,Stage AG,0.012393624108184126,0.00024265630603334767,203
vel3,Stage AG,0.10765762399597943,0.007022253523386893,203
Bcc1,Stage AD,1.8582283876821997,5.168865808392109,204
Bcc2,Stage AD,0.6707671596446928,6.24784881482045,204
Bcc3,Stage AD,0.6487814991651256,30.959297132872436,204
rho,Stage AD,2.548909721235247,67.21778408474384,204
press,Stage AD,959665.2574380185,433981035375092.44,204
vel1,Stage AD,0.1912503903300243,0.04525267376766464,204
vel2,Stage AD,0.007679679020044268,0.00017653679712156833,204
vel3,Stage AD,0.0641219030648178,0.002801923408260972,204
Bcc1,Stage AG,2.7290252078780863,5.263205298336205,204
Bcc2,Stage AG,0.35195065476163573,2.6064000661454565,204
Bcc3,Stage AG,1.2333860434105395,26.173373225561683,204
rho,Stage AG,4.400016393374718,18.84470664022203,204
press,Stage AG,7655.1969114456715,29468229963.31228,204
vel1,Stage AG,0.11903784802382841,0.04593643306963402,204
vel2,Stage AG,0.011559555612701958,0.0002551421240006613,204
vel3,Stage AG,0.0565813740948705,0.003592737404459526,204
Bcc1,Stage AD,1.8676706336321696,5.215065820507623,205
Bcc2,Stage AD,0.4420036141100553,4.532335182644928,205
Bcc3,Stage AD,0.8676624515618436,18.669014505210267,205
rho,Stage AD,1.9537507459241497,444.81861509201093,205
press,Stage AD,576636106.1134068,1.702370212338085e+20,205
vel1,Stage AD,0.1846379717366057,0.0514734590430067,205
vel2,Stage AD,0.00861186276995012,0.00016975732494039304,205
vel3,Stage AD,0.06571068640045363,0.004904508724099138,205
Bcc1,Stage AG,2.7099566061853393,5.315036593870905,205
Bcc2,Stage AG,0.26541817724088873,4.557842280122947,205
Bcc3,Stage AG,0.7808105453770507,45.59013452508583,205
rho,Stage AG,3.681608446416774,846.8295565226771,205
press,Stage AG,16164442866056.535,1.337759944925014e+29,205
vel1,Stage AG,0.1137505581050565,0.052249220916053114,205
vel2,Stage AG,0.01523794719241137,0.0002532608380031096,205
vel3,Stage AG,0.03888998939024429,0.004969116521196938,205
Bcc1,Stage AD,1.8098037102265339,5.465845678383151,206
Bcc2,Stage AD,0.3808923903301495,6.079209532365235,206
Bcc3,Stage AD,0.6289023633873989,25.173245717704283,206
rho,Stage AD,1.7168986248451523,262.4734344537146,206
press,Stage AD,31.156088249651717,149778.14836136042,206
vel1,Stage AD,0.1647088233751565,0.050635160122524066,206
vel2,Stage AD,0.008234909190732673,0.00015196167595556113,206
vel3,Stage AD,0.04265296254390857,0.009802259414856056,206
Bcc1,Stage AG,2.736757519911235,5.187506066504866,206
Bcc2,Stage AG,0.29419954575852786,1.3999863871816798,206
Bcc3,Stage AG,0.5677595824049183,69.42015121818278,206
rho,Stage AG,3.2002107677683065,310.1937431793148,206
press,Stage AG,6666825777.850406,2.2755947068760556e+22,206
vel1,Stage AG,0.11387927320917234,0.05130545986648666,206
vel2,Stage AG,0.013601303542531822,0.00021894275813891205,206
vel3,Stage AG,0.028667371241212793,0.009398162265876055,206
Bcc1,Stage AD,1.5033998799217343,5.06166723401053,207
Bcc2,Stage AD,0.2180557557066947,1.2038472897263104,207
Bcc3,Stage AD,0.4825449225722584,16.43937054237571,207
rho,Stage AD,4.125525968637571,1563.6734354127677,207
press,Stage AD,14957325.41518121,1.1453360514851155e+17,207
vel1,Stage AD,0.148289540216372,0.05136328307273398,207
vel2,Stage AD,0.006277737818995259,0.0002056553249849092,207
vel3,Stage AD,0.029404095727064917,0.005770392950339555,207
Bcc1,Stage AG,2.541206866050721,4.372995586122907,207
Bcc2,Stage AG,0.1075454513254682,0.6133732192485922,207
Bcc3,Stage AG,0.49493876221289873,18.76422235626929,207
rho,Stage AG,3.6050680471331242,226.97034598087538,207
press,Stage AG,16164442865673.375,1.3377599449178534e+29,207
vel1,Stage AG,0.11947296280069901,0.055529506697305775,207
vel2,Stage AG,0.01070707722308233,0.00032647429585669287,207
vel3,Stage AG,0.033014257057429004,0.00539181969557145,207
Bcc1,Stage AD,1.4166259824689795,4.624901243803518,208
Bcc2,Stage AD,0.19869136438216295,0.9793420807171876,208
Bcc3,Stage AD,0.4163488215441968,31.798578356881425,208
rho,Stage AD,3.3872779724205153,1675.7343139731513,208
press,Stage AD,16164442865669.398,1.337759944925879e+29,208
vel1,Stage AD,0.14238173826329953,0.05178017092814811,208
vel2,Stage AD,0.0030208415949141837,0.00021181797000908789,208
vel3,Stage AD,0.05090437282551976,0.008434621252459537,208
Bcc1,Stage AG,2.366835801185034,4.160994204237474,208
Bcc2,Stage AG,0.19196212957871514,10.729464679267918,208
Bcc3,Stage AG,0.6542447402459086,26.927006974237166,208
rho,Stage AG,4.320996250988608,42.51142908571258,208
press,Stage AG,16.755253503608433,30905.98770754763,208
vel1,Stage AG,0.11966056033449488,0.05654918838535122,208
vel2,Stage AG,0.0091520173209284,0.0002450201310774231,208
vel3,Stage AG,0.05358555094701553,0.008432702018779789,208
Bcc1,Stage AD,1.536000062955795,4.244020769720697,209
Bcc2,Stage AD,0.19311792908999212,0.47593684806188796,209
Bcc3,Stage AD,1.0106648810546333,98.96481979777371,209
rho,Stage AD,6.302500299054637,6894.745318306902,209
press,Stage AD,16559593555164.658,1.3385573802571619e+29,209
vel1,Stage AD,0.13792478667841288,0.05612460671108487,209
vel2,Stage AD,0.007182102224054603,0.00021657978559662565,209
vel3,Stage AD,0.038731228901163504,0.005034272774363226,209
Bcc1,Stage AG,2.327236728506656,3.863551483903929,209
Bcc2,Stage AG,0.7626256219792908,347.7695285719793,209
Bcc3,Stage AG,0.5208876828220649,25.092149433993487,209
rho,Stage AG,4.3831827401644,24.529423775844236,209
press,Stage AG,118.95049998927473,5392925.867764371,209
vel1,Stage AG,0.11639876005303972,0.06073097425063573,209
vel2,Stage AG,0.00585471325887202,0.0002128602130062347,209
vel3,Stage AG,0.024369674846320445,0.005851180366740969,209
Bcc1,Stage AD,1.1738605647816374,3.708019507941981,210
Bcc2,Stage AD,0.11337150987430865,0.21321655999954883,210
Bcc3,Stage AD,1.0914687346800525,23.126420104197372,210
rho,Stage AD,1.8029456963097175,624.003866561733,210
press,Stage AD,39595127188716.31,5.35054984554117e+29,210
vel1,Stage AD,0.1363980400714372,0.059325399096238386,210
vel2,Stage AD,0.007806676727542848,0.000123693467943238,210
vel3,Stage AD,0.039275086517866334,0.008761115391068306,210
Bcc1,Stage AG,2.254510989761736,3.6118152932963223,210
Bcc2,Stage AG,0.12717471995659274,4.3097673109795345,210
Bcc3,Stage AG,0.9179138400237338,16.90050828124721,210
rho,Stage AG,4.616163315026993,54.95575999361633,210
press,Stage AG,15.119079913772646,63302.86851088787,210
vel1,Stage AG,0.12753926879433283,0.0643140675804205,210
vel2,Stage AG,0.007029538627925047,0.00015502238327881032,210
vel3,Stage AG,0.038188611421379665,0.007883849257932885,210
