channel,model,shell_absolute_error,shell_persistence_absolute_error,shell_skill,source_snapshot,target_snapshot
Bcc1,Stage AD,3.831373934358501,47.467250659393116,0.9192838455749001,169,170
Bcc2,Stage AD,2.3604674945990842,0.043459388972694024,-53.31432770677448,169,170
Bcc3,Stage AD,63.95870755394925,5.346774382123647,-10.962110794835137,169,170
rho,Stage AD,27203.944572559634,4.432960178035068,-6135.744631127708,169,170
press,Stage AD,2.0646531598541453e+22,0.6709415557168974,-3.077247402939701e+22,169,170
vel1,Stage AD,0.04319956088932729,0.03864959145103729,-0.11772361019790001,169,170
vel2,Stage AD,0.00010242185743155629,0.0009564438708586095,0.8929138859558887,169,170
vel3,Stage AD,0.004189818672138714,0.0021641489443559796,-0.936012159914227,169,170
Bcc1,Stage AG,4.01238401295186,47.467250659393116,0.9154704779144848,169,170
Bcc2,Stage AG,0.5686940716736575,0.043459388972694024,-12.085643519538984,169,170
Bcc3,Stage AG,11.600226973981563,5.346774382123647,-1.1695748024763581,169,170
rho,Stage AG,51.514520236756915,4.432960178035068,-10.62079472132569,169,170
press,Stage AG,171198.13961038893,0.6709415557168974,-255160.03176448005,169,170
vel1,Stage AG,0.04495381190730952,0.03864959145103729,-0.16311221463385062,169,170
vel2,Stage AG,0.00014442304631518207,0.0009564438708586095,0.8489999771909961,169,170
vel3,Stage AG,0.0044946950981783985,0.0021641489443559796,-1.0768880579594104,169,170
Bcc1,Stage AD,3.9620554529595613,48.81367874578767,0.9188330903394274,170,171
Bcc2,Stage AD,0.36022672353780566,0.058755865550347154,-5.130906593983063,170,171
Bcc3,Stage AD,35.03912711272022,5.675230396842717,-5.174044869123451,170,171
rho,Stage AD,159.96773920687275,30.41857387715024,-4.258883597006399,170,171
press,Stage AD,215554.6053006023,1.0447860986404138,-206313.58016248947,170,171
vel1,Stage AD,0.04334086169949386,0.04051670368794922,-0.06970354827716707,170,171
vel2,Stage AD,7.98226190225457e-05,0.0007370502120157574,0.8916998900193802,170,171
vel3,Stage AD,0.003705423411611608,0.0019605313512658044,-0.8900097716974662,170,171
Bcc1,Stage AG,3.8165145102060083,48.81367874578767,0.9218146509694201,170,171
Bcc2,Stage AG,0.19061826414714822,0.058755865550347154,-2.244242295840402,170,171
Bcc3,Stage AG,4.574773114650068,5.675230396842717,0.1939053052022105,170,171
rho,Stage AG,97.13085891961987,30.41857387715024,-2.1931430879007254,170,171
press,Stage AG,93.30447950640234,1.0447860986404138,-88.3048630985998,170,171
vel1,Stage AG,0.0473008837838684,0.04051670368794922,-0.16744156060101667,170,171
vel2,Stage AG,0.00015544236292993225,0.0007370502120157574,0.7891020714792101,170,171
vel3,Stage AG,0.0029071863085585467,0.0019605313512658044,-0.48285632192596184,170,171
Bcc1,Stage AD,3.8885716400048067,51.5634639390001,0.924586687104555,171,172
Bcc2,Stage AD,0.9000320974438168,0.048728701455781315,-17.470266404709097,171,172
Bcc3,Stage AD,72.76297231078627,1.1439036532797342,-62.60935390158471,171,172
rho,Stage AD,487.7525105199167,6.001025486583989,-80.27819347049031,171,172
press,Stage AD,153984708595.6693,1.197471253414296,-128591570073.53802,171,172
vel1,Stage AD,0.0436801037298115,0.04358902795702614,-0.002089419678620752,171,172
vel2,Stage AD,6.025377919117642e-05,0.0008471060060384134,0.9288710282282615,171,172
vel3,Stage AD,0.0065163472321292755,0.004018463796015079,-0.6216015778445558,171,172
Bcc1,Stage AG,4.023396926285297,51.5634639390001,0.9219719425551975,171,172
Bcc2,Stage AG,0.6149202301628414,0.048728701455781315,-11.61926158079235,171,172
Bcc3,Stage AG,12.527158564205195,1.1439036532797342,-9.95123573413552,171,172
rho,Stage AG,68.3984492119205,6.001025486583989,-10.397793487935255,171,172
press,Stage AG,12435.101908457107,1.197471253414296,-10383.467997040814,171,172
vel1,Stage AG,0.04815351025395337,0.04358902795702614,-0.10471631304619344,171,172
vel2,Stage AG,0.00010349795094014161,0.0008471060060384134,0.8778217245511439,171,172
vel3,Stage AG,0.0061610996217460155,0.004018463796015079,-0.5331977428428463,171,172
Bcc1,Stage AD,3.72826354072024,53.17510967014391,0.9298870549802827,172,173
Bcc2,Stage AD,0.30358511091878115,0.051548690448419435,-4.889288520773461,172,173
Bcc3,Stage AD,33.12865196949004,5.057906066058701,-5.549874896214722,172,173
rho,Stage AD,365.9776466291191,10.99550330793128,-32.284301443948635,172,173
press,Stage AD,17077867.995071538,0.8001013554074546,-21344629.751655918,172,173
vel1,Stage AD,0.04253119264239863,0.04901941403774765,0.13236023976852784,172,173
vel2,Stage AD,6.396643634988529e-05,0.0006616542517989127,0.9033234711694625,172,173
vel3,Stage AD,0.001847603033980865,0.0006837581817200054,-1.702129324921843,172,173
Bcc1,Stage AG,3.712741156959024,53.17510967014391,0.930178965685451,172,173
Bcc2,Stage AG,0.18730593919103014,0.051548690448419435,-2.6335731822024053,172,173
Bcc3,Stage AG,4.062955764958263,5.057906066058701,0.19671189779048992,172,173
rho,Stage AG,99.11280442562774,10.99550330793128,-8.013939757913189,172,173
press,Stage AG,283.03133165957695,0.8001013554074546,-352.7443471964151,172,173
vel1,Stage AG,0.04797889161044629,0.04901941403774765,0.021226741439628327,172,173
vel2,Stage AG,0.00010835405572094602,0.0006616542517989127,0.8362376491553529,172,173
vel3,Stage AG,0.0013650281016543656,0.0006837581817200054,-0.9963609038221877,172,173
Bcc1,Stage AD,3.6090214679061403,54.83430153734187,0.9341831414511879,173,174
Bcc2,Stage AD,0.5253047667803832,0.023903325840049672,-20.976220811090762,173,174
Bcc3,Stage AD,44.926781336763646,0.5347878852317767,-83.00859962879004,173,174
rho,Stage AD,263.34425336538646,17.187205797597834,-14.32210974061838,173,174
press,Stage AD,36989639604.65732,0.3532349386578847,-104716820326.00209,173,174
vel1,Stage AD,0.04217113164723791,0.055910235523511966,0.24573503845277744,173,174
vel2,Stage AD,4.083698189327607e-05,0.000703499381681847,0.9419516449386954,173,174
vel3,Stage AD,0.002638860450956117,0.0011731779144094063,-1.2493267376965198,173,174
Bcc1,Stage AG,3.773031588923602,54.83430153734187,0.9311921282273617,173,174
Bcc2,Stage AG,0.4758184182545867,0.023903325840049672,-18.905950386927326,173,174
Bcc3,Stage AG,8.22470163313477,0.5347878852317767,-14.379371635485331,173,174
rho,Stage AG,106.26348612227571,17.187205797597834,-5.182708659782709,173,174
press,Stage AG,977.9637582727319,0.3532349386578847,-2767.5929426701186,173,174
vel1,Stage AG,0.04816968020697986,0.055910235523511966,0.13844612250429467,173,174
vel2,Stage AG,0.00010112934577417256,0.000703499381681847,0.8562481383673659,173,174
vel3,Stage AG,0.0025401715034864118,0.0011731779144094063,-1.1652056966697746,173,174
Bcc1,Stage AD,3.083169735841835,56.7447288035524,0.9456659710804923,174,175
Bcc2,Stage AD,0.23022455126337613,0.024377447778303654,-8.44416139692359,174,175
Bcc3,Stage AD,1.8926798239988847,17.894157815535422,0.8942291756052532,174,175
rho,Stage AD,30.46996192182156,6.147353387787635,-3.9565983927901964,174,175
press,Stage AD,3299680.8348665037,0.7691714865490972,-4289914.698345223,174,175
vel1,Stage AD,0.04464772309429081,0.06388919649866875,0.3011694380094273,174,175
vel2,Stage AD,6.818477337002001e-05,0.0005709052051646637,0.8805672592346504,174,175
vel3,Stage AD,0.00295484118461663,0.004419020889684722,0.3313357736067536,174,175
Bcc1,Stage AG,3.168202842664086,56.7447288035524,0.944167451154234,174,175
Bcc2,Stage AG,0.2090595889591786,0.024377447778303654,-7.575942439111497,174,175
Bcc3,Stage AG,13.32407707813848,17.894157815535422,0.255395128650831,174,175
rho,Stage AG,110.34256938890668,6.147353387787635,-16.9496056966749,174,175
press,Stage AG,429.0385479397572,0.7691714865490972,-556.793100033709,174,175
vel1,Stage AG,0.050234130240898386,0.06388919649866875,0.21373044279958808,174,175
vel2,Stage AG,0.00011533652997880892,0.0005709052051646637,0.7979760406186122,174,175
vel3,Stage AG,0.003219542136262272,0.004419020889684722,0.2714354114555968,174,175
Bcc1,Stage AD,3.1836178526779912,58.55531237741476,0.9456305888668448,175,176
Bcc2,Stage AD,0.2350554046213922,0.008125307563329848,-27.92880088406939,175,176
Bcc3,Stage AD,12.571822469592599,3.803084955025612,-2.305690674350958,175,176
rho,Stage AD,14.795173303558085,24.846510853178255,0.4045371846781637,175,176
press,Stage AD,118258.10644956569,0.028951394080066653,-4084710.9873577235,175,176
vel1,Stage AD,0.04534159983893833,0.07007498089124128,0.3529559443004342,175,176
vel2,Stage AD,5.369855694509501e-05,0.000593787518712712,0.9095660396137838,175,176
vel3,Stage AD,0.002722534563966986,0.0020117656291724914,-0.3533060335099065,175,176
Bcc1,Stage AG,3.169668631610828,58.55531237741476,0.9458688118478317,175,176
Bcc2,Stage AG,0.16941029433070012,0.008125307563329848,-19.84970851999032,175,176
Bcc3,Stage AG,0.4381176832518478,3.803084955025612,0.8847993961657643,175,176
rho,Stage AG,136.4825168115177,24.846510853178255,-4.493025464139142,175,176
press,Stage AG,259.0380840511131,0.028951394080066653,-8946.344066911915,175,176
vel1,Stage AG,0.05094453268363455,0.07007498089124128,0.2729996921054867,175,176
vel2,Stage AG,7.476668056253616e-05,0.000593787518712712,0.8740851260655919,175,176
vel3,Stage AG,0.002934158264472438,0.0020117656291724914,-0.45849905273476543,175,176
Bcc1,Stage AD,3.0989649573843776,60.733295959323854,0.9489742009150975,176,177
Bcc2,Stage AD,0.417929621599157,0.004507751719216788,-91.7135405034622,176,177
Bcc3,Stage AD,34.86998864841526,2.48872074673325,-13.011209853169094,176,177
rho,Stage AD,57.48375671287071,12.145102321300778,-3.7330813024154104,176,177
press,Stage AD,6391.093646961722,0.812124465301822,-7868.598713032864,176,177
vel1,Stage AD,0.04531150086861079,0.07393057111180765,0.3871073875503449,176,177
vel2,Stage AD,3.184896480836925e-05,0.0005012642481924644,0.9364627241555424,176,177
vel3,Stage AD,0.002683269847639539,0.0020281199761240615,-0.32303309430812566,176,177
Bcc1,Stage AG,3.2168440122263795,60.733295959323854,0.9470332712655533,176,177
Bcc2,Stage AG,0.38643388043553284,0.004507751719216788,-84.72652277811675,176,177
Bcc3,Stage AG,7.750045848232743,2.48872074673325,-2.114068084338359,176,177
rho,Stage AG,108.15670055361122,12.145102321300778,-7.905375820829422,176,177
press,Stage AG,2334.121812845954,0.812124465301822,-2873.0937043172185,176,177
vel1,Stage AG,0.05147332975247925,0.07393057111180765,0.30376123194511195,176,177
vel2,Stage AG,6.707345509809822e-05,0.0005012642481924644,0.8661914243037241,176,177
vel3,Stage AG,0.0033897521648282164,0.0020281199761240615,-0.6713765481006548,176,177
Bcc1,Stage AD,2.7205388339443783,61.89482760062682,0.9560457805699288,177,178
Bcc2,Stage AD,0.23904917033264977,0.01815436835293703,-12.167584004319059,177,178
Bcc3,Stage AD,2.528753060647562,9.702986189312728,0.7393840399945291,177,178
rho,Stage AD,32.51187428075056,49.44818435320479,0.34250620713349944,177,178
press,Stage AD,7180373.057277211,0.9415092387479602,-7626448.918670825,177,178
vel1,Stage AD,0.04854164965504235,0.07758339557763339,0.3743294000780176,177,178
vel2,Stage AD,3.0772373111745475e-05,0.00047719118448751296,0.9355135339627156,177,178
vel3,Stage AD,0.001865551095367844,0.002101095493181408,0.11210551761115362,177,178
Bcc1,Stage AG,2.8153896200827426,61.89482760062682,0.9545133296396122,177,178
Bcc2,Stage AG,0.1604617479053042,0.01815436835293703,-7.838740339833667,177,178
Bcc3,Stage AG,8.194946817872713,9.702986189312728,0.15542012964019591,177,178
rho,Stage AG,158.5008465680893,49.44818435320479,-2.205392647704297,177,178
press,Stage AG,2280.70110886568,0.9415092387479602,-2421.3884535627144,177,178
vel1,Stage AG,0.05417878284942318,0.07758339557763339,0.30167038390051537,177,178
vel2,Stage AG,6.18585598569974e-05,0.00047719118448751296,0.8703694412891735,177,178
vel3,Stage AG,0.0013831832544415178,0.002101095493181408,0.3416847264056768,177,178
Bcc1,Stage AD,2.5697398073524296,64.53176897150736,0.9601786864313755,178,179
Bcc2,Stage AD,0.12623965565802195,0.009865831562574041,-11.7956427045553,178,179
Bcc3,Stage AD,1.9877834408520196,6.632630497293559,0.7003024001317224,178,179
rho,Stage AD,188.91381514327975,16.37303100247817,-10.53810892526169,178,179
press,Stage AD,3574.71513331067,1.9171996614638003,-1863.5502631589975,178,179
vel1,Stage AD,0.051927483764543654,0.0785953990226583,0.3393063155061602,178,179
vel2,Stage AD,3.958491460060814e-05,0.0004560832114521556,0.9132068148823743,178,179
vel3,Stage AD,0.0020401314187654244,0.0012901073055294069,-0.5813656817703536,178,179
Bcc1,Stage AG,2.602666929342728,64.53176897150736,0.9596684397340497,178,179
Bcc2,Stage AG,0.07095562394654786,0.009865831562574041,-6.192057100966278,178,179
Bcc3,Stage AG,4.651907853165696,6.632630497293559,0.298633045356001,178,179
rho,Stage AG,139.60076802422546,16.37303100247817,-7.526262974955335,178,179
press,Stage AG,118.00036290073571,1.9171996614638003,-60.54829112093693,178,179
vel1,Stage AG,0.05672114319066496,0.0785953990226583,0.27831471185338985,178,179
vel2,Stage AG,1.4716029391981614e-05,0.0004560832114521556,0.9677338936789052,178,179
vel3,Stage AG,0.0027086394937101306,0.0012901073055294069,-1.0995458921136927,178,179
Bcc1,Stage AD,2.3676727298455598,66.22756187361763,0.9642494353881877,179,180
Bcc2,Stage AD,0.023710023640415242,0.026041795357090336,0.08953959144142598,179,180
Bcc3,Stage AD,13.110483458967288,15.981199026609527,0.17963080009593457,179,180
rho,Stage AD,27.10737416438069,24.200957859314705,-0.12009509383726047,179,180
press,Stage AD,158.6467480686851,1.1119445685975977,-141.67505103134135,179,180
vel1,Stage AD,0.05502679084955207,0.07641059544440891,0.27985391908657786,179,180
vel2,Stage AD,3.8807470491276353e-05,0.00033391249110152995,0.883779518510206,179,180
vel3,Stage AD,0.002460324774312763,0.002951271321559449,0.16635086840720226,179,180
Bcc1,Stage AG,2.3533253904321056,66.22756187361763,0.964466072374475,179,180
Bcc2,Stage AG,0.01488376554799713,0.026041795357090336,0.4284662273123667,179,180
Bcc3,Stage AG,11.756456278417392,15.981199026609527,0.26435705738710336,179,180
rho,Stage AG,102.74279105427185,24.200957859314705,-3.245401841180727,179,180
press,Stage AG,166.06466587948316,1.1119445685975977,-148.34617297418572,179,180
vel1,Stage AG,0.05939812461792493,0.07641059544440891,0.22264544239628503,179,180
vel2,Stage AG,6.115234903077658e-05,0.00033391249110152995,0.8168611517675075,179,180
vel3,Stage AG,0.002373346893168472,0.002951271321559449,0.19582219505511345,179,180
Bcc1,Stage AD,2.15319960906997,68.5071194786605,0.968569695741759,180,181
Bcc2,Stage AD,0.0627870829035444,0.019503397849948624,-2.219289448259386,180,181
Bcc3,Stage AD,19.10316292806221,18.336658374328547,-0.04180175788227469,180,181
rho,Stage AD,16.51145187297284,23.79897242398704,0.3062115633055269,180,181
press,Stage AD,34.83829448907483,2.506005824252677,-12.901920798394018,180,181
vel1,Stage AD,0.054691920654369154,0.07186054843194581,0.23891590242782357,180,181
vel2,Stage AD,2.0082636655863196e-05,0.0003940075110912387,0.9490298126544782,180,181
vel3,Stage AD,0.010654143409474182,0.009871323186668631,-0.07930246107864858,180,181
Bcc1,Stage AG,2.000357573433649,68.5071194786605,0.9708007344542234,180,181
Bcc2,Stage AG,0.027313934118203577,0.019503397849948624,-0.40047053997186066,180,181
Bcc3,Stage AG,19.993496476710128,18.336658374328547,-0.09035659979907606,180,181
rho,Stage AG,93.19174289182047,23.79897242398704,-2.9157885152172494,180,181
press,Stage AG,160.74083107483287,2.506005824252677,-63.142241617801446,180,181
vel1,Stage AG,0.05994808969657929,0.07186054843194581,0.1657718872915086,180,181
vel2,Stage AG,2.6537778131086065e-05,0.0003940075110912387,0.9326465171753012,180,181
vel3,Stage AG,0.0110655406094303,0.009871323186668631,-0.12097845447654643,180,181
Bcc1,Stage AD,2.0351533353651785,69.90338033885968,0.9708861956961211,181,182
Bcc2,Stage AD,0.07613256120777868,0.009201622320722991,-7.273819393382448,181,182
Bcc3,Stage AD,14.864690507666884,15.01100756102088,0.00974731727761824,181,182
rho,Stage AD,71.1694195930463,83.48767825838881,0.1475458285858462,181,182
press,Stage AD,39.52160486568032,3.026919671709917,-12.056707528467193,181,182
vel1,Stage AD,0.05270311199397332,0.06417363384624435,0.178741971815927,181,182
vel2,Stage AD,3.3355685542678196e-05,0.00027186216564775684,0.8773066290294469,181,182
vel3,Stage AD,0.0046869800839991335,0.005514139752152068,0.15000701928711724,181,182
Bcc1,Stage AG,1.6163636791519902,69.90338033885968,0.9768771743037805,181,182
Bcc2,Stage AG,0.0035566758567402374,0.009201622320722991,0.613472958053251,181,182
Bcc3,Stage AG,12.801589604178723,15.01100756102088,0.1471865194831664,181,182
rho,Stage AG,17.096049609420522,83.48767825838881,0.7952266733719748,181,182
press,Stage AG,92.39250994449517,3.026919671709917,-29.523608144613345,181,182
vel1,Stage AG,0.057565973601710105,0.06417363384624435,0.10296534337397423,181,182
vel2,Stage AG,5.385638455356279e-05,0.00027186216564775684,0.8018981993127253,181,182
vel3,Stage AG,0.005012744848023541,0.005514139752152068,0.09092894389063,181,182
Bcc1,Stage AD,2.336391245296137,69.1523467732032,0.9662138545643473,182,183
Bcc2,Stage AD,0.05513832040468504,0.020005142246345375,-1.7562073653716683,182,183
Bcc3,Stage AD,6.4493196116772005,6.026526748446717,-0.07015531182027113,182,183
rho,Stage AD,41.809401592021054,29.145507367108628,-0.4345058765113117,182,183
press,Stage AD,252.34143126924323,2.7926958325616686,-89.35764952525348,182,183
vel1,Stage AD,0.04905350660217067,0.05637259207221343,0.1298341126600493,182,183
vel2,Stage AD,7.302830690353642e-05,0.00029904085437812194,0.7557915387333805,182,183
vel3,Stage AD,0.0023323220880551486,0.0035776837818357675,0.3480916061121544,182,183
Bcc1,Stage AG,1.7426999681184152,69.1523467732032,0.9747991203561913,182,183
Bcc2,Stage AG,0.0019464202272199552,0.020005142246345375,0.9027040046378307,182,183
Bcc3,Stage AG,6.181086432387512,6.026526748446717,-0.02564656067952109,182,183
rho,Stage AG,17.610749155551332,29.145507367108628,0.3957645364092901,182,183
press,Stage AG,609024946.4801227,2.7926958325616686,-218077793.00074503,182,183
vel1,Stage AG,0.05306413628564338,0.05637259207221343,0.05868908391389749,182,183
vel2,Stage AG,8.563696888568844e-05,0.00029904085437812194,0.7136278617723422,182,183
vel3,Stage AG,0.002627079418191648,0.0035776837818357675,0.2657038524395101,182,183
Bcc1,Stage AD,2.5339262183294244,67.06366499835266,0.9622161088513181,183,184
Bcc2,Stage AD,0.047940963968954135,0.016749060594664515,-1.8623076320009218,183,184
Bcc3,Stage AD,4.932994932093279,5.1348708586868295,0.03931470374800772,183,184
rho,Stage AD,23.97932398866164,4.8408829633086485,-3.953502113232716,183,184
press,Stage AD,4123.442718571214,1.3658188350962595,-3018.026105523434,183,184
vel1,Stage AD,0.04665676277918424,0.052019012590640665,0.10308249896348876,183,184
vel2,Stage AD,5.694000676210781e-05,0.0004094068102276595,0.8609207142146827,183,184
vel3,Stage AD,0.001316532521912791,0.0012621263034620234,-0.04310679390923933,183,184
Bcc1,Stage AG,2.1666212532495264,67.06366499835266,0.9676930681718223,183,184
Bcc2,Stage AG,0.0018381379456839763,0.016749060594664515,0.890254266184366,183,184
Bcc3,Stage AG,5.777905118458036,5.1348708586868295,-0.1252289059389613,183,184
rho,Stage AG,42.123691663766124,4.8408829633086485,-7.7016546326448285,183,184
press,Stage AG,221.6050359623152,1.3658188350962595,-161.25068088674956,183,184
vel1,Stage AG,0.05125603132264906,0.052019012590640665,0.014667353915304382,183,184
vel2,Stage AG,9.705878553747844e-05,0.0004094068102276595,0.7629282583660325,183,184
vel3,Stage AG,0.00022659452861936735,0.0012621263034620234,0.820466043693237,183,184
Bcc1,Stage AD,2.5027574771406713,64.98570962984209,0.9614875717846839,184,185
Bcc2,Stage AD,0.019190948085285632,0.00376855327541639,-4.092391345632552,184,185
Bcc3,Stage AD,7.573135784986493,6.583505945264614,-0.1503195786484708,184,185
rho,Stage AD,140.5266467837171,20.27345835193345,-5.931557721641275,184,185
press,Stage AD,374.5707604903645,0.5196401765001477,-719.8271750909506,184,185
vel1,Stage AD,0.04652162279113636,0.04868011532121779,0.04434033312859931,184,185
vel2,Stage AD,6.859079940640067e-05,0.0005130297930252312,0.8663025026247797,184,185
vel3,Stage AD,0.001145619699754996,0.0009188279092968361,-0.246827276537257,184,185
Bcc1,Stage AG,2.3120423428258334,64.98570962984209,0.964422295978682,184,185
Bcc2,Stage AG,0.022181189819118364,0.00376855327541639,-4.885863406473284,184,185
Bcc3,Stage AG,7.3887887759472095,6.583505945264614,-0.12231823550821264,184,185
rho,Stage AG,71.43255082793125,20.27345835193345,-2.523451676961609,184,185
press,Stage AG,239.18716824895193,0.5196401765001477,-459.2938322820078,184,185
vel1,Stage AG,0.05079514700652207,0.04868011532121779,-0.04344754878553925,184,185
vel2,Stage AG,0.00010313043567551522,0.0005130297930252312,0.7989776869148744,184,185
vel3,Stage AG,0.001573594952575108,0.0009188279092968361,-0.7126111828485429,184,185
Bcc1,Stage AD,3.2693399751591663,63.30110843471167,0.9483525635490073,185,186
Bcc2,Stage AD,0.8687642346724643,0.010522950812339192,-81.55899416100597,185,186
Bcc3,Stage AD,34.43468093974633,4.999666622335881,-5.88739540870791,185,186
rho,Stage AD,122.17135930475641,2.5817112063262666,-46.32185343015352,185,186
press,Stage AD,2171727.3841180294,0.4187618451887691,-5186066.950242841,185,186
vel1,Stage AD,0.04754799942681141,0.04936590733248184,0.036825169512771816,185,186
vel2,Stage AD,6.230353011500685e-05,0.0006127064757874697,0.8983142294441521,185,186
vel3,Stage AD,0.004792256688131013,0.004524328663179704,-0.059219399141310136,185,186
Bcc1,Stage AG,2.866478837740859,63.30110843471167,0.9547167670737183,185,186
Bcc2,Stage AG,0.32285785156558244,0.010522950812339192,-29.68130387790086,185,186
Bcc3,Stage AG,9.076830623818653,4.999666622335881,-0.8154871733383477,185,186
rho,Stage AG,343.12201962340157,2.5817112063262666,-131.9048806011338,185,186
press,Stage AG,158069628.4287581,0.4187618451887691,-377469031.2073245,185,186
vel1,Stage AG,0.05189125877406878,0.04936590733248184,-0.05115577891800038,185,186
vel2,Stage AG,0.00011274398804670419,0.0006127064757874697,0.8159902130921628,185,186
vel3,Stage AG,0.003750286270654762,0.004524328663179704,0.1710844746590413,185,186
Bcc1,Stage AD,3.583666554772846,61.72277215350782,0.9419393130000695,186,187
Bcc2,Stage AD,148.26520414677637,0.0638002108990906,-2322.8983391650468,186,187
Bcc3,Stage AD,83.26996847703982,15.324767938671645,-4.433685443739104,186,187
rho,Stage AD,622.8759021541912,18.184377672381466,-33.25335270616484,186,187
press,Stage AD,181632.19191261096,0.4835345447438646,-375633.3655008645,186,187
vel1,Stage AD,0.04679281388384865,0.049518723689891186,0.05504806269065876,186,187
vel2,Stage AD,0.00013043950552899276,0.0007030403025823873,0.8144636871458633,186,187
vel3,Stage AD,0.003215691656975435,0.0021732900745950563,-0.4796421768845591,186,187
Bcc1,Stage AG,3.016832582082238,61.72277215350782,0.951122859897167,186,187
Bcc2,Stage AG,0.4922210515390142,0.0638002108990906,-6.715038000697741,186,187
Bcc3,Stage AG,85.11163357957574,15.324767938671645,-4.55386116906859,186,187
rho,Stage AG,20.084947480756664,18.184377672381466,-0.10451662644808546,186,187
press,Stage AG,1623127326700.3372,0.4835345447438646,-3356797036206.892,186,187
vel1,Stage AG,0.051555408123985944,0.049518723689891186,-0.04112958255647703,186,187
vel2,Stage AG,0.00014281337700388502,0.0007030403025823873,0.7968631720268282,186,187
vel3,Stage AG,0.00448255210927485,0.0021732900745950563,-1.0625650306299188,186,187
Bcc1,Stage AD,4.335356768500129,58.49154344338708,0.9258806228511265,187,188
Bcc2,Stage AD,1.7486172643415645,0.002491885388849244,-700.7245946247465,187,188
Bcc3,Stage AD,41.87481948963615,16.72781031872713,-1.5033054949670506,187,188
rho,Stage AD,4747.002814820316,14.21635823799578,-332.91131085407625,187,188
press,Stage AD,69923682.90165617,0.6087850231756613,-114857757.05867699,187,188
vel1,Stage AD,0.04729453340154046,0.04945402168461534,0.04366658584101912,187,188
vel2,Stage AD,0.00011474882890892005,0.0007403956369299965,0.8450168758628579,187,188
vel3,Stage AD,0.005326174044888411,0.0034772701297259906,-0.5317113270426634,187,188
Bcc1,Stage AG,3.502411779204898,58.49154344338708,0.9401210572842069,187,188
Bcc2,Stage AG,0.5022712883212591,0.002491885388849244,-200.56275668569518,187,188
Bcc3,Stage AG,38.51370849642466,16.72781031872713,-1.302375969274817,187,188
rho,Stage AG,14.496639608922399,14.21635823799578,-0.01971541278254496,187,188
press,Stage AG,3268.0640953691864,0.6087850231756613,-5367.174266708605,187,188
vel1,Stage AG,0.050710332573535306,0.04945402168461534,-0.025403614228421745,187,188
vel2,Stage AG,0.00010322618466684009,0.0007403956369299965,0.8605796961542603,187,188
vel3,Stage AG,0.005311451596959487,0.0034772701297259906,-0.5274774172859646,187,188
Bcc1,Stage AD,5.0354201727878865,56.118426947260545,0.9102715374128338,188,189
Bcc2,Stage AD,7.119205927428469,0.03607532673351847,-196.34279830690596,188,189
Bcc3,Stage AD,121.04682047171404,1.1662672779823202,-102.78994828795071,188,189
rho,Stage AD,307.6795361813832,4.5493907491324235,-66.63093195282427,188,189
press,Stage AD,460697.0415952199,3.967028076349716,-116130.53038713378,188,189
vel1,Stage AD,0.042533168552537894,0.047810183504239274,0.11037428775468883,188,189
vel2,Stage AD,4.823592084024785e-05,0.0009293083262331409,0.9480948147362809,188,189
vel3,Stage AD,0.0008233508854848631,0.002560689235478187,0.6784651280298333,188,189
Bcc1,Stage AG,4.38032734139752,56.118426947260545,0.9219449371680696,188,189
Bcc2,Stage AG,1.4295831525313725,0.03607532673351847,-38.627725705478134,188,189
Bcc3,Stage AG,35.91860120009347,1.1662672779823202,-29.797915604932175,188,189
rho,Stage AG,47.20910636037508,4.5493907491324235,-9.37701726750509,188,189
press,Stage AG,3138.4933888263095,3.967028076349716,-790.1447381824967,188,189
vel1,Stage AG,0.04577218568266279,0.047810183504239274,0.04262685629298579,188,189
vel2,Stage AG,9.030419889536389e-05,0.0009293083262331409,0.9028264394644961,188,189
vel3,Stage AG,0.002011168996027447,0.002560689235478187,0.21459856660354248,188,189
Bcc1,Stage AD,4.569621227176229,55.292564059524544,0.91735559193354,189,190
Bcc2,Stage AD,2.2632752224030686,0.043155637219418765,-51.44448624164125,189,190
Bcc3,Stage AD,41.84628229776952,9.303771615616245,-3.4977761736467334,189,190
rho,Stage AD,194.3231251593497,13.231000698890103,-13.686956004442711,189,190
press,Stage AD,85158595.66498281,2.2177120401675587,-38399301.57967517,189,190
vel1,Stage AD,0.04260488303078625,0.04550385075483517,0.0637081846032751,189,190
vel2,Stage AD,8.598512826746614e-05,0.0006820755522572346,0.8739360647322569,189,190
vel3,Stage AD,0.0056223002528092425,0.002865860578121727,-0.9618191812017856,189,190
Bcc1,Stage AG,4.302818184664701,55.292564059524544,0.9221808889160474,189,190
Bcc2,Stage AG,0.5332437980006495,0.043155637219418765,-11.35629531524344,189,190
Bcc3,Stage AG,31.38320945204598,9.303771615616245,-2.373170661172477,189,190
rho,Stage AG,52.407878013962424,13.231000698890103,-2.960991251278425,189,190
press,Stage AG,1692509.0128021208,2.2177120401675587,-763176.9880106723,189,190
vel1,Stage AG,0.04509546199471124,0.04550385075483517,0.0089748175890485,189,190
vel2,Stage AG,0.0001885537244416159,0.0006820755522572346,0.7235588875490062,189,190
vel3,Stage AG,0.004322827062171725,0.002865860578121727,-0.5083870775754511,189,190
Bcc1,Stage AD,4.648913042400998,57.211731951225794,0.9187419628134262,190,191
Bcc2,Stage AD,1.2193631421903466,0.02022661849538192,-59.28507149965516,190,191
Bcc3,Stage AD,173.42765103467352,5.021684864318912,-33.53574959809737,190,191
rho,Stage AD,149.9892689617346,3.1460588718623543,-46.67528996459826,190,191
press,Stage AD,100651495234.2374,5.5020014665370525,-18293614758.355423,190,191
vel1,Stage AD,0.04312934496433856,0.045042028821645874,0.04246442505689563,190,191
vel2,Stage AD,0.00010877695494295912,0.0008216616623901816,0.8676134473324078,190,191
vel3,Stage AD,0.0038405152144692883,0.0015712823470153262,-1.4441916640662344,190,191
Bcc1,Stage AG,4.408335027176314,57.211731951225794,0.9229470096983865,190,191
Bcc2,Stage AG,3.652301671403835,0.02022661849538192,-179.56906903334917,190,191
Bcc3,Stage AG,32.411382268520086,5.021684864318912,-5.454284397417284,190,191
rho,Stage AG,16.660067307027436,3.1460588718623543,-4.295535775261978,190,191
press,Stage AG,5824.560983551446,5.5020014665370525,-1057.6258507883335,190,191
vel1,Stage AG,0.046697530349360486,0.045042028821645874,-0.03675459500880707,190,191
vel2,Stage AG,0.0002237841667925968,0.0008216616623901816,0.7276443857175745,190,191
vel3,Stage AG,0.0033946092574126847,0.0015712823470153262,-1.1604069210481454,190,191
Bcc1,Stage AD,4.2171253885344315,58.85328692443213,0.9283451170034184,191,192
Bcc2,Stage AD,1.4458327232356547,0.009997670464116355,-143.6169613636535,191,192
Bcc3,Stage AD,54.369016524577,3.1876723253078127,-16.056024263512384,191,192
rho,Stage AD,6790.226578051797,6.325109302085267,-1072.5350574595113,191,192
press,Stage AD,1.3377599444135368e+29,4.538304875816696,-2.9477084087983375e+28,191,192
vel1,Stage AD,0.04235230530117541,0.04446633933333831,0.04754234470067831,191,192
vel2,Stage AD,7.51798372086997e-05,0.0009408682391949033,0.920095254492775,191,192
vel3,Stage AD,0.003707042051787342,0.0012120746199315011,-2.0584272542534063,191,192
Bcc1,Stage AG,4.466937766805021,58.85328692443213,0.9241004538533152,191,192
Bcc2,Stage AG,16.400342728315508,0.009997670464116355,-1639.4164137215391,191,192
Bcc3,Stage AG,275.0878648827859,3.1876723253078127,-85.29740977414372,191,192
rho,Stage AG,28.011715373397738,6.325109302085267,-3.428653171916383,191,192
press,Stage AG,28561.65137030245,4.538304875816696,-6292.462460510127,191,192
vel1,Stage AG,0.04595512569104159,0.04446633933333831,-0.03348119903783209,191,192
vel2,Stage AG,0.0001449082842052254,0.0009408682391949033,0.8459845085968437,191,192
vel3,Stage AG,0.0022918633530409596,0.0012120746199315011,-0.8908599481857655,191,192
Bcc1,Stage AD,3.717097450662301,59.289293818579054,0.93730575604364,192,193
Bcc2,Stage AD,102.61625017201429,0.046113866369652895,-2224.2796880971378,192,193
Bcc3,Stage AD,21.40923682444375,8.887684391557528,-1.4088655583652958,192,193
rho,Stage AD,652.2132088043402,14.429902701553184,-44.19872533403418,192,193
press,Stage AD,14790323148376.312,0.5758203646611656,-25685654860572.566,192,193
vel1,Stage AD,0.042097879936657576,0.04741912681895825,0.11221731059318507,192,193
vel2,Stage AD,0.00012996810643585172,0.0009077659261599487,0.8568264101015053,192,193
vel3,Stage AD,0.005400845569549693,0.0009598120664307357,-4.626982362947238,192,193
Bcc1,Stage AG,4.163006689971193,59.289293818579054,0.929784849475359,192,193
Bcc2,Stage AG,2.4378793704752564,0.046113866369652895,-51.866514183239296,192,193
Bcc3,Stage AG,44.253618863809436,8.887684391557528,-3.979206834329789,192,193
rho,Stage AG,22.563122044009503,14.429902701553184,-0.5636364645467005,192,193
press,Stage AG,2904.9099257874805,0.5758203646611656,-5043.8197112598455,192,193
vel1,Stage AG,0.04579278329371303,0.04741912681895825,0.03429720524914859,192,193
vel2,Stage AG,0.00016603999719964498,0.0009077659261599487,0.8170894143361043,192,193
vel3,Stage AG,0.0019455991498812154,0.0009598120664307357,-1.027062607283463,192,193
Bcc1,Stage AD,3.4510649251374073,58.9597250575743,0.9414674182797251,193,194
Bcc2,Stage AD,0.8570592421898523,0.021825250299216913,-38.2691598235922,193,194
Bcc3,Stage AD,28.64379837060465,7.041317709823601,-3.0679599403166593,193,194
rho,Stage AD,131.3543845668618,8.893857672341008,-13.769112505067465,193,194
press,Stage AD,8977.621717101605,1.3304844738285895,-6746.633582876534,193,194
vel1,Stage AD,0.04198362453050882,0.048695393094770265,0.1378316949038505,193,194
vel2,Stage AD,0.00016359260138634003,0.0008712994627281483,0.8122429676771394,193,194
vel3,Stage AD,0.0022288534148977098,0.00427578448448526,0.47872643652056523,193,194
Bcc1,Stage AG,3.4759478786207616,58.9597250575743,0.9410453852146275,193,194
Bcc2,Stage AG,0.49027369369469914,0.021825250299216913,-21.463600049172864,193,194
Bcc3,Stage AG,12.678454511256092,7.041317709823601,-0.8005798110157583,193,194
rho,Stage AG,37.18923427915167,8.893857672341008,-3.181451474629103,193,194
press,Stage AG,10435.888553840756,1.3304844738285895,-7842.675562639632,193,194
vel1,Stage AG,0.044599402473450234,0.048695393094770265,0.08411454063731394,193,194
vel2,Stage AG,0.0002009442340919181,0.0008712994627281483,0.7693740869956049,193,194
vel3,Stage AG,0.0032496557791215396,0.00427578448448526,0.23998606784019216,193,194
Bcc1,Stage AD,3.475462260516003,57.45287007901673,0.9395075954302006,194,195
Bcc2,Stage AD,0.8160913964041093,0.011271172969320068,-71.40518787401237,194,195
Bcc3,Stage AD,1235.792742271546,1.2760215646624282,-967.4732425336991,194,195
rho,Stage AD,414.32482836608426,5.096852841313894,-80.29032586690836,194,195
press,Stage AD,99882.20887906128,1.2555996627754096,-79548.4072197177,194,195
vel1,Stage AD,0.0418023058208815,0.045726318250485724,0.08581518433451707,194,195
vel2,Stage AD,0.00016689704243294623,0.0009654030383345308,0.8271219005889299,194,195
vel3,Stage AD,0.0038130389328834167,0.0029562455301370273,-0.2898248450651104,194,195
Bcc1,Stage AG,3.323534598448793,57.45287007901673,0.9421519831145453,194,195
Bcc2,Stage AG,0.46632956419483623,0.011271172969320068,-40.3736498822418,194,195
Bcc3,Stage AG,26.29019408990476,1.2760215646624282,-19.603252184738615,194,195
rho,Stage AG,20.209697523234823,5.096852841313894,-2.9651326323216067,194,195
press,Stage AG,668.072912056907,1.2555996627754096,-531.0747781822284,194,195
vel1,Stage AG,0.04146631703841233,0.045726318250485724,0.09316300491846707,194,195
vel2,Stage AG,0.00023111997844134485,0.0009654030383345308,0.7605974196641617,194,195
vel3,Stage AG,0.00356215247203657,0.0029562455301370273,-0.20495826064604916,194,195
Bcc1,Stage AD,3.6942255845172647,56.59886620339625,0.9347296892619451,195,196
Bcc2,Stage AD,0.5994497802746862,0.04033424866501938,-13.862053964440648,195,196
Bcc3,Stage AD,84.29821115204915,12.659478316177502,-5.658900868318149,195,196
rho,Stage AD,668.2300697180747,5.962905815104521,-111.0645018449552,195,196
press,Stage AD,100299.74496126713,0.9515327629405408,-105407.60900186854,195,196
vel1,Stage AD,0.040052326767531427,0.04585746045128946,0.1265908235351223,195,196
vel2,Stage AD,0.00017119862713459326,0.0010747266857254344,0.8407049630306377,195,196
vel3,Stage AD,0.0006913972040175133,0.0011919332646284696,0.4199363131013676,195,196
Bcc1,Stage AG,3.4240181290144225,56.59886620339625,0.9395037682078344,195,196
Bcc2,Stage AG,0.7225060242059675,0.04033424866501938,-16.91296598100696,195,196
Bcc3,Stage AG,31.495958850848428,12.659478316177502,-1.487934973639463,195,196
rho,Stage AG,20.063917363709898,5.962905815104521,-2.364788575544222,195,196
press,Stage AG,1175.1985134291156,0.9515327629405408,-1234.0583807512587,195,196
vel1,Stage AG,0.04159637992159819,0.04585746045128946,0.09292011567490654,195,196
vel2,Stage AG,0.00023892730024058817,0.0010747266857254344,0.7776855237577789,195,196
vel3,Stage AG,0.0013446424475053972,0.0011919332646284696,-0.12811890347277766,195,196
Bcc1,Stage AD,4.4206711543994315,54.567834452638024,0.918987601418628,196,197
Bcc2,Stage AD,2.377335380697533,0.011872092499796493,-199.24569221797123,196,197
Bcc3,Stage AD,48.88416074999525,4.110553128103662,-10.89235590115026,196,197
rho,Stage AD,1299.1636301503038,3.6245326063865986,-357.43618232627176,196,197
press,Stage AD,718143.906462419,1.1968530191999622,-600025.8161101879,196,197
vel1,Stage AD,0.04009112715481062,0.0477671633956806,0.16069692431357763,196,197
vel2,Stage AD,0.0001673672454759743,0.0009770173963058776,0.8286957365254772,196,197
vel3,Stage AD,0.0024297341774512297,0.0032350759574633534,0.24894060930909268,196,197
Bcc1,Stage AG,4.0328092541080425,54.567834452638024,0.9260954865707873,196,197
Bcc2,Stage AG,34.813895488235744,0.011872092499796493,-2931.41444074265,196,197
Bcc3,Stage AG,60.757833520469994,4.110553128103662,-13.780938629663119,196,197
rho,Stage AG,17.2737579833535,3.6245326063865986,-3.7657890986871854,196,197
press,Stage AG,19802.42408749286,1.1968530191999622,-16544.41014629333,196,197
vel1,Stage AG,0.0418084689337948,0.0477671633956806,0.12474457427012764,196,197
vel2,Stage AG,0.0002618142390994243,0.0009770173963058776,0.7320270446674244,196,197
vel3,Stage AG,0.0027725312793605607,0.0032350759574633534,0.14297799624633156,196,197
Bcc1,Stage AD,5.044348727547155,52.630716908969035,0.9041558043704412,197,198
Bcc2,Stage AD,9.430058346651128,0.03155620297358605,-297.83374607979636,197,198
Bcc3,Stage AD,127.20454184587541,11.384987406527767,-10.173006811842464,197,198
rho,Stage AD,327.5746205260714,12.438973603537582,-25.334537797629125,197,198
press,Stage AD,111041170766.41449,1.9872189620545808,-55877672709.816574,197,198
vel1,Stage AD,0.04397513502358173,0.05073320222401289,0.1332079763187597,197,198
vel2,Stage AD,0.00013701112722356372,0.0010083257559275818,0.8641201750345809,197,198
vel3,Stage AD,0.002500525904149106,0.0024524102325469747,-0.019619748345349297,197,198
Bcc1,Stage AG,4.988644607734124,52.630716908969035,0.9052141999820643,197,198
Bcc2,Stage AG,199.03793196497338,0.03155620297358605,-6306.410689796139,197,198
Bcc3,Stage AG,627.3840770207894,11.384987406527767,-54.106260079046606,197,198
rho,Stage AG,19.66391699188062,12.438973603537582,-0.580831153648264,197,198
press,Stage AG,43052.872400101856,1.9872189620545808,-21663.886065494058,197,198
vel1,Stage AG,0.04530213924800675,0.05073320222401289,0.1070514522624697,197,198
vel2,Stage AG,0.0002669422951665367,0.0010083257559275818,0.735261850054628,197,198
vel3,Stage AG,0.002294160005087929,0.0024524102325469747,0.06452844852742812,197,198
Bcc1,Stage AD,5.256034058597332,52.235432961838896,0.8993779938143295,198,199
Bcc2,Stage AD,416.9385852184929,0.029987741170568415,-13902.63424997475,198,199
Bcc3,Stage AD,2560.7573893050217,1.2570411174879415,-2036.1309686531288,198,199
rho,Stage AD,255.42229648432968,4.139024620809434,-60.71074586030824,198,199
press,Stage AD,157892286.17821035,2.1997108944071178,-71778652.54018107,198,199
vel1,Stage AD,0.046302298740942376,0.05594494481624214,0.17235956004554454,198,199
vel2,Stage AD,0.00017311525100347956,0.0010278896964771129,0.8315818792650636,198,199
vel3,Stage AD,0.0020043736063515547,0.0043336601927113074,0.537487131611595,198,199
Bcc1,Stage AG,5.045954023989102,52.235432961838896,0.9033997855885396,198,199
Bcc2,Stage AG,38.46554639866565,0.029987741170568415,-1281.7090303292937,198,199
Bcc3,Stage AG,1024.616432617376,1.2570411174879415,-814.1017642644492,198,199
rho,Stage AG,19.40784700505139,4.139024620809434,-3.6889904707201193,198,199
press,Stage AG,28462.334480818627,2.1997108944071178,-12938.125115571154,198,199
vel1,Stage AG,0.04611106115456453,0.05594494481624214,0.17577787758980146,198,199
vel2,Stage AG,0.00023075332694488142,0.0010278896964771129,0.7755076952947944,198,199
vel3,Stage AG,0.0018036201070842353,0.0043336601927113074,0.5838113680168773,198,199
Bcc1,Stage AD,5.620924840650449,52.07887436328383,0.892069002846704,199,200
Bcc2,Stage AD,12.339596104749962,0.03256477444337946,-377.9246606392094,199,200
Bcc3,Stage AD,321.4521622641126,0.6035565678194033,-531.5965773605794,199,200
rho,Stage AD,406.87945942533696,19.031568176719524,-20.379187234978072,199,200
press,Stage AD,58787258542.41039,1.6270307172692675,-36131621804.56504,199,200
vel1,Stage AD,0.04561996831728238,0.05493681062915341,0.16959197676697402,199,200
vel2,Stage AD,0.000111082700861486,0.0011727692833400321,0.9052817101884492,199,200
vel3,Stage AD,0.008811974675081734,0.0041498206947193335,-1.1234591379562526,199,200
Bcc1,Stage AG,5.496461375461826,52.07887436328383,0.8944589059832505,199,200
Bcc2,Stage AG,267.6767496190811,0.03256477444337946,-8218.825077692216,199,200
Bcc3,Stage AG,11224.069085260931,0.6035565678194033,-18595.548664547725,199,200
rho,Stage AG,377.1367274359925,19.031568176719524,-18.816376870999374,199,200
press,Stage AG,1.5623701658011598e+16,1.6270307172692675,-9602585551816556.0,199,200
vel1,Stage AG,0.04285079976283715,0.05493681062915341,0.219998407768917,199,200
vel2,Stage AG,0.00016586805703605769,0.0011727692833400321,0.858567188455288,199,200
vel3,Stage AG,0.008032640107418337,0.0041498206947193335,-0.9356595617829728,199,200
Bcc1,Stage AD,5.118064443859967,52.47841568752518,0.9024729619443028,200,201
Bcc2,Stage AD,5.489004081768451,0.018813641459459834,-290.75660084712,200,201
Bcc3,Stage AD,54.97519249482503,2.445816801326883,-21.477232336044292,200,201
rho,Stage AD,621.9971109577145,2.412803127930168,-256.7902456100084,200,201
press,Stage AD,95462047.65873939,2.2534603569604186,-42362425.01911286,200,201
vel1,Stage AD,0.04433058801546501,0.05651863795776401,0.21564656160693485,200,201
vel2,Stage AD,0.00014325675653024207,0.0009004623709171269,0.8409075590972956,200,201
vel3,Stage AD,0.00822079384538398,0.00408099875013987,-1.014407342100319,200,201
Bcc1,Stage AG,5.201594082827794,52.47841568752518,0.9008812668088171,200,201
Bcc2,Stage AG,116.29379728851819,0.018813641459459834,-6180.355031088019,200,201
Bcc3,Stage AG,346.7833417982574,2.445816801326883,-140.78631106390455,200,201
rho,Stage AG,252.08479042840565,2.412803127930168,-103.47797729964712,200,201
press,Stage AG,8604.342599885167,2.2534603569604186,-3817.2799947238213,200,201
vel1,Stage AG,0.0464627189020913,0.05651863795776401,0.1779221761003411,200,201
vel2,Stage AG,0.00022271468665853902,0.0009004623709171269,0.7526663036105521,200,201
vel3,Stage AG,0.008293971086636827,0.00408099875013987,-1.03233855103547,200,201
Bcc1,Stage AD,5.199033190586889,51.4970784373238,0.8990421719376849,201,202
Bcc2,Stage AD,24.589252902434705,0.0055416202954088325,-4436.195547808754,201,202
Bcc3,Stage AD,433.7914221887321,8.877680155005924,-47.86315057702624,201,202
rho,Stage AD,357.43964406565914,14.211271362045359,-24.15184144750682,201,202
press,Stage AD,1026016.6063786085,1.6065621494624525,-638640.0925477787,201,202
vel1,Stage AD,0.039728035670619506,0.05576131832510726,0.2875341390066912,201,202
vel2,Stage AD,0.00012038436262624544,0.0009546480288156215,0.8738965995922082,201,202
vel3,Stage AD,0.0076234174508942555,0.0050357069034635245,-0.5138723513973622,201,202
Bcc1,Stage AG,4.945384097932185,51.4970784373238,0.9039676764585562,201,202
Bcc2,Stage AG,57.155759577275155,0.0055416202954088325,-10312.907581258865,201,202
Bcc3,Stage AG,1010.1645624822944,8.877680155005924,-112.78699669785753,201,202
rho,Stage AG,250.92731365297098,14.211271362045359,-16.656922259829134,201,202
press,Stage AG,202595.8707344658,1.6065621494624525,-126104.21840207263,201,202
vel1,Stage AG,0.040734479518474455,0.05576131832510726,0.26948499888437494,201,202
vel2,Stage AG,0.00026366962742494177,0.0009546480288156215,0.7238043556722555,201,202
vel3,Stage AG,0.007741531323837991,0.0050357069034635245,-0.5373276229626112,201,202
Bcc1,Stage AD,5.158652432054248,50.89835854827448,0.898647960775365,202,203
Bcc2,Stage AD,12.957957031071546,0.03814117137195759,-338.7367350022863,202,203
Bcc3,Stage AD,114.47497959115465,5.119632022477634,-21.360001478339598,202,203
rho,Stage AD,723.5154476114385,3.5586949783018027,-202.3092052066507,202,203
press,Stage AD,6972.5743266927575,3.7178877675363373,-1874.4128049737074,202,203
vel1,Stage AD,0.0384285443998508,0.05764237009685227,0.33332816927405795,202,203
vel2,Stage AD,0.00014161538961543393,0.0008619458294112047,0.8357026801647484,202,203
vel3,Stage AD,0.003965149212733799,0.006056670188163257,0.3453252216897965,202,203
Bcc1,Stage AG,4.904200935650585,50.89835854827448,0.9036471690732579,202,203
Bcc2,Stage AG,1.483220202276909,0.03814117137195759,-37.887641593708686,202,203
Bcc3,Stage AG,217.39410770695903,5.119632022477634,-41.46283849161324,202,203
rho,Stage AG,25.792629036751137,3.5586949783018027,-6.247777399865637,202,203
press,Stage AG,1344.8906165357243,3.7178877675363373,-360.7351304358813,202,203
vel1,Stage AG,0.036817675023775864,0.05764237009685227,0.36127409469954463,202,203
vel2,Stage AG,0.00030979504194952255,0.0008619458294112047,0.6405864134627305,202,203
vel3,Stage AG,0.0038019721628739563,0.006056670188163257,0.37226693137356703,202,203
Bcc1,Stage AD,4.9938033294795945,50.23514090246472,0.9005914338097422,203,204
Bcc2,Stage AD,17.991469663602164,0.022201836396823237,-809.359528015281,203,204
Bcc3,Stage AD,415.706764690883,6.792266767927835,-60.20295019238557,203,204
rho,Stage AD,737.0384232126692,12.759236220860371,-56.765089575476935,203,204
press,Stage AD,2817033.7287642774,1.9992934621604204,-1409013.625456842,203,204
vel1,Stage AD,0.04446965227869454,0.06787203324345938,0.3448015308576313,203,204
vel2,Stage AD,0.0001444229110493784,0.0011525619778845187,0.8746940174840221,203,204
vel3,Stage AD,0.005783677530474343,0.0042525792727009844,-0.3600399098029974,203,204
Bcc1,Stage AG,4.727781070400171,50.23514090246472,0.905886975024525,203,204
Bcc2,Stage AG,1.8011407366863266,0.022201836396823237,-80.12575484720011,203,204
Bcc3,Stage AG,126.99441653590823,6.792266767927835,-17.696912367393857,203,204
rho,Stage AG,22.5197852473051,12.759236220860371,-0.764979098865415,203,204
press,Stage AG,127.63031760921618,1.9992934621604204,-62.83771068370318,203,204
vel1,Stage AG,0.04613979085797712,0.06787203324345938,0.32019436205083085,203,204
vel2,Stage AG,0.00024265630603334767,0.0011525619778845187,0.7894635510372001,203,204
vel3,Stage AG,0.007022253523386893,0.0042525792727009844,-0.6512927974007587,203,204
Bcc1,Stage AD,5.168865808392109,48.65061384598413,0.8937553835444818,204,205
Bcc2,Stage AD,6.24784881482045,0.007791822039801545,-800.8469599158838,204,205
Bcc3,Stage AD,30.959297132872436,1.635869517675941,-17.92528517607927,204,205
rho,Stage AD,67.21778408474384,17.04034912034801,-2.944624820185085,204,205
press,Stage AD,433981035375092.44,0.348065875671814,-1246835917302867.5,204,205
vel1,Stage AD,0.04525267376766464,0.0814001157864886,0.4440711376091677,204,205
vel2,Stage AD,0.00017653679712156833,0.0009666477138430706,0.8173721464464891,204,205
vel3,Stage AD,0.002801923408260972,0.006474049815917724,0.5672070052084103,204,205
Bcc1,Stage AG,5.263205298336205,48.65061384598413,0.8918162612501002,204,205
Bcc2,Stage AG,2.6064000661454565,0.007791822039801545,-333.50456810122944,204,205
Bcc3,Stage AG,26.173373225561683,1.635869517675941,-14.99967047661959,204,205
rho,Stage AG,18.84470664022203,17.04034912034801,-0.10588735636404412,204,205
press,Stage AG,29468229963.31228,0.348065875671814,-84662795242.67227,204,205
vel1,Stage AG,0.04593643306963402,0.0814001157864886,0.4356711581329361,204,205
vel2,Stage AG,0.0002551421240006613,0.0009666477138430706,0.7360546967143792,204,205
vel3,Stage AG,0.003592737404459526,0.006474049815917724,0.4450556442080388,204,205
Bcc1,Stage AD,5.215065820507623,48.09567107829699,0.8915689145491328,205,206
Bcc2,Stage AD,4.532335182644928,0.03578255904744073,-125.66324889273378,205,206
Bcc3,Stage AD,18.669014505210267,10.483549104544215,-0.7807914399063547,205,206
rho,Stage AD,444.81861509201093,3.99186717780055,-110.43121634049416,205,206
press,Stage AD,1.702370212338085e+20,1.7992919379003967,-9.461334075250678e+19,205,206
vel1,Stage AD,0.0514734590430067,0.0909326062937461,0.43393837325273277,205,206
vel2,Stage AD,0.00016975732494039304,0.0008685318905200156,0.8045468142352789,205,206
vel3,Stage AD,0.004904508724099138,0.0018407501615049428,-1.6644076022187373,205,206
Bcc1,Stage AG,5.315036593870905,48.09567107829699,0.889490333023562,205,206
Bcc2,Stage AG,4.557842280122947,0.03578255904744073,-126.37608492674134,205,206
Bcc3,Stage AG,45.59013452508583,10.483549104544215,-3.3487309565158867,205,206
rho,Stage AG,846.8295565226771,3.99186717780055,-211.1387107346757,205,206
press,Stage AG,1.337759944925014e+29,1.7992919379003967,-7.434924354110391e+28,205,206
vel1,Stage AG,0.052249220916053114,0.0909326062937461,0.4254071994014037,205,206
vel2,Stage AG,0.0002532608380031096,0.0008685318905200156,0.708403524651841,205,206
vel3,Stage AG,0.004969116521196938,0.0018407501615049428,-1.6995062258391087,205,206
Bcc1,Stage AD,5.465845678383151,49.10057278830665,0.8886806127099836,206,207
Bcc2,Stage AD,6.079209532365235,0.08890159449016383,-67.3813329471593,206,207
Bcc3,Stage AD,25.173245717704283,0.01662902597379761,-1512.8136026349239,206,207
rho,Stage AD,262.4734344537146,8.554968841870714,-29.680817114036337,206,207
press,Stage AD,149778.14836136042,1.2502846608985692,-119794.23787304254,206,207
vel1,Stage AD,0.050635160122524066,0.09439718494153758,0.4635945960265274,206,207
vel2,Stage AD,0.00015196167595556113,0.0009233697247408145,0.8354270538833011,206,207
vel3,Stage AD,0.009802259414856056,0.00590882026610509,-0.6589198813653203,206,207
Bcc1,Stage AG,5.187506066504866,49.10057278830665,0.89434937777874,206,207
Bcc2,Stage AG,1.3999863871816798,0.08890159449016383,-14.747595925701601,206,207
Bcc3,Stage AG,69.42015121818278,0.01662902597379761,-4173.637247399111,206,207
rho,Stage AG,310.1937431793148,8.554968841870714,-35.258898064143594,206,207
press,Stage AG,2.2755947068760556e+22,1.2502846608985692,-1.8200612852761104e+22,206,207
vel1,Stage AG,0.05130545986648666,0.09439718494153758,0.45649375139458503,206,207
vel2,Stage AG,0.00021894275813891205,0.0009233697247408145,0.7628872246159378,206,207
vel3,Stage AG,0.009398162265876055,0.00590882026610509,-0.5905310777156252,206,207
Bcc1,Stage AD,5.06166723401053,48.52107051270471,0.8956810478308554,207,208
Bcc2,Stage AD,1.2038472897263104,0.006381084807366907,-187.658719648496,207,208
Bcc3,Stage AD,16.43937054237571,0.5194099779231226,-30.65008613833153,207,208
rho,Stage AD,1563.6734354127677,3.489691541938784,-447.08356745021376,207,208
press,Stage AD,1.1453360514851155e+17,2.2605436677682755,-5.066639799158801e+16,207,208
vel1,Stage AD,0.05136328307273398,0.09737150585349053,0.4725019129311048,207,208
vel2,Stage AD,0.0002056553249849092,0.0008152567446404038,0.7477416453934149,207,208
vel3,Stage AD,0.005770392950339555,0.003619698619486279,-0.5941639227297082,207,208
Bcc1,Stage AG,4.372995586122907,48.52107051270471,0.9098742970854716,207,208
Bcc2,Stage AG,0.6133732192485922,0.006381084807366907,-95.12365887073905,207,208
Bcc3,Stage AG,18.76422235626929,0.5194099779231226,-35.126033680174245,207,208
rho,Stage AG,226.97034598087538,3.489691541938784,-64.04023156578945,207,208
press,Stage AG,1.3377599449178534e+29,2.2605436677682755,-5.91786818362398e+28,207,208
vel1,Stage AG,0.055529506697305775,0.09737150585349053,0.429715025863337,207,208
vel2,Stage AG,0.00032647429585669287,0.0008152567446404038,0.599544195122611,207,208
vel3,Stage AG,0.00539181969557145,0.003619698619486279,-0.4895769682440241,207,208
Bcc1,Stage AD,4.624901243803518,47.73186059541748,0.9031066213193555,208,209
Bcc2,Stage AD,0.9793420807171876,0.014719987018348167,-65.5314500275345,208,209
Bcc3,Stage AD,31.798578356881425,6.213755043918649,-4.117449614947797,208,209
rho,Stage AD,1675.7343139731513,7.634390527579983,-218.4981129036296,208,209
press,Stage AD,1.337759944925879e+29,0.3029409911762236,-4.4159093153151126e+29,208,209
vel1,Stage AD,0.05178017092814811,0.09954516868534098,0.4798324056105271,208,209
vel2,Stage AD,0.00021181797000908789,0.0008257284557074196,0.7434774488574227,208,209
vel3,Stage AD,0.008434621252459537,0.00792217827329111,-0.06468460586100178,208,209
Bcc1,Stage AG,4.160994204237474,47.73186059541748,0.9128256440806551,208,209
Bcc2,Stage AG,10.729464679267918,0.014719987018348167,-727.9044933187683,208,209
Bcc3,Stage AG,26.927006974237166,6.213755043918649,-3.3334516381669097,208,209
rho,Stage AG,42.51142908571258,7.634390527579983,-4.568411640999485,208,209
press,Stage AG,30905.98770754763,0.3029409911762236,-102018.82764877577,208,209
vel1,Stage AG,0.05654918838535122,0.09954516868534098,0.4319243301088639,208,209
vel2,Stage AG,0.0002450201310774231,0.0008257284557074196,0.7032679092214292,208,209
vel3,Stage AG,0.008432702018779789,0.00792217827329111,-0.06444234500627966,208,209
Bcc1,Stage AD,4.244020769720697,46.812862291859545,0.9093407118910841,209,210
Bcc2,Stage AD,0.47593684806188796,0.01793352367200778,-25.538947769911612,209,210
Bcc3,Stage AD,98.96481979777371,3.723731587692899,-25.576786609662445,209,210
rho,Stage AD,6894.745318306902,19.63676702257143,-350.11407648630524,209,210
press,Stage AD,1.3385573802571619e+29,3.8141406575298484,-3.509459929367292e+28,209,210
vel1,Stage AD,0.05612460671108487,0.10021683029017793,0.4399682513548271,209,210
vel2,Stage AD,0.00021657978559662565,0.0007903360699549141,0.7259649485452679,209,210
vel3,Stage AD,0.005034272774363226,0.00489757149025449,-0.027912054858362678,209,210
Bcc1,Stage AG,3.863551483903929,46.812862291859545,0.9174681637748142,209,210
Bcc2,Stage AG,347.7695285719793,0.01793352367200778,-19391.147072290572,209,210
Bcc3,Stage AG,25.092149433993487,3.723731587692899,-5.738442028669352,209,210
rho,Stage AG,24.529423775844236,19.63676702257143,-0.24915795699205256,209,210
press,Stage AG,5392925.867764371,3.8141406575298484,-1413928.4672097887,209,210
vel1,Stage AG,0.06073097425063573,0.10021683029017793,0.3940042398588228,209,210
vel2,Stage AG,0.0002128602130062347,0.0007903360699549141,0.7306712661888535,209,210
vel3,Stage AG,0.005851180366740969,0.00489757149025449,-0.1947105577496997,209,210
Bcc1,Stage AD,3.708019507941981,44.83591353096402,0.917298004748332,210,211
Bcc2,Stage AD,0.21321655999954883,0.0006815084825893784,-311.8597302111877,210,211
Bcc3,Stage AD,23.126420104197372,4.383817390771977,-4.275406807062481,210,211
rho,Stage AD,624.003866561733,28.991738841382034,-20.523506057216775,210,211
press,Stage AD,5.35054984554117e+29,1.6436086442577453,-3.255367306709123e+29,210,211
vel1,Stage AD,0.059325399096238386,0.09407575548850336,0.3693869500363639,210,211
vel2,Stage AD,0.000123693467943238,0.0007801884905962841,0.841456943502587,210,211
vel3,Stage AD,0.008761115391068306,0.007655995455821471,-0.14434699466893264,210,211
Bcc1,Stage AG,3.6118152932963223,44.83591353096402,0.919443700175709,210,211
Bcc2,Stage AG,4.3097673109795345,0.0006815084825893784,-6322.864516850408,210,211
Bcc3,Stage AG,16.90050828124721,4.383817390771977,-2.8552035303347982,210,211
rho,Stage AG,54.95575999361633,28.991738841382034,-0.8955661919516862,210,211
press,Stage AG,63302.86851088787,1.6436086442577453,-38513.56289917207,210,211
vel1,Stage AG,0.0643140675804205,0.09407575548850336,0.3163587446472318,210,211
vel2,Stage AG,0.00015502238327881032,0.0007801884905962841,0.801301371210527,210,211
vel3,Stage AG,0.007883849257932885,0.007655995455821471,-0.029761486070130516,210,211
