absolute_residual_error_mean,absolute_residual_error_median,channel,model,pair_count,region,residual_cosine_mean,residual_cosine_median,residual_l2_mean,residual_l2_median,state_l2_mean,state_l2_median
3.170416763849907,3.1618834523379737,ALL,3D CNN/U-Net,42,inner,0.7660843522775316,0.763944906771544,0.6703962265950658,0.6712125653781922,0.2354574587346333,0.23931532787273052
0.4612059113203787,0.47988141841633913,Bcc1,3D CNN/U-Net,42,inner,0.6912851619325641,0.6928942126914044,0.7389953020114014,0.7367062255264424,0.2707790415464014,0.2649201141560498
13.638821872313482,13.372355418481199,Bcc2,3D CNN/U-Net,42,inner,0.6965870188890548,0.6901233866494576,0.7461661814923006,0.746750102000226,0.4060875205445273,0.4222569421938034
7.649454474302636,7.490747725532769,Bcc3,3D CNN/U-Net,42,inner,0.807815666081593,0.8047140076821551,0.6201843269243981,0.6205324325808453,0.1852087274950517,0.183292082087129
0.15573381302325828,0.16277615945061474,press,3D CNN/U-Net,42,inner,0.2884310580979011,0.2797309616451249,0.9699007483613878,0.9734729359011169,0.14378303367684914,0.15123785974492449
0.10331536643602159,0.11112397254076745,rho,3D CNN/U-Net,42,inner,0.289471872156296,0.2661236733874607,0.956228218289584,0.9722238487373963,0.19336504052511086,0.20815157151231317
0.17634660759578202,0.17694781309795293,vel1,3D CNN/U-Net,42,inner,0.2770537550434981,0.2737846831907225,0.9993910287245261,1.0115236343798344,0.17824724669729924,0.17936139865865303
1.6659690547379453,1.6970817241164338,vel2,3D CNN/U-Net,42,inner,0.6595697594635881,0.6618884379977004,0.768498474211543,0.7720662970646595,0.7353711929199591,0.7559491104585688
1.5124870110697504,1.5001238913126773,vel3,3D CNN/U-Net,42,inner,0.446128962601743,0.4244748207211611,0.958490147871022,0.9610028237151809,0.1332312794638119,0.13357828543078182
0.416533987623882,0.34341833490235096,ALL,3D CNN/U-Net,42,middle,0.7143982563251514,0.7255705848572097,0.82409749808329,0.7907347594148737,0.149298509823962,0.12916525296338432
0.07472848931974027,0.07033003563688431,Bcc1,3D CNN/U-Net,42,middle,0.5224487856358218,0.6060676413443835,0.904419960537818,0.879053326097651,0.07414021578923677,0.07842336969577815
1.4842648499306537,1.15235596522662,Bcc2,3D CNN/U-Net,42,middle,0.7619449169809145,0.762868612417946,0.8052079424007985,0.7695541842977773,0.37015737170154833,0.3463755785553788
0.8542747604783172,0.724966555153796,Bcc3,3D CNN/U-Net,42,middle,0.5377079401796373,0.5376389073709806,0.8897610314347718,0.9213547395149018,0.07284592367385839,0.06265318842859507
0.07294421223138256,0.06834312148102738,press,3D CNN/U-Net,42,middle,0.058287384984121365,0.04096590408372615,0.9988131254026014,1.001687678758815,0.17298513793503695,0.16971255021262127
0.04849807791533126,0.045666440163548,rho,3D CNN/U-Net,42,middle,0.21489109001292078,0.23418262652648814,0.9835707360307602,0.9812401955952877,0.13326525247750332,0.12554311546202204
0.12594262163062175,0.11836410090645105,vel1,3D CNN/U-Net,42,middle,0.09467584758617326,0.09866981722234497,0.9971149391254364,0.9953561646932658,0.09264375568898851,0.08882195267381604
0.40822733463880806,0.3826498780562546,vel2,3D CNN/U-Net,42,middle,0.3766471483009169,0.3625949192939395,1.046291376549484,0.9750144970539598,0.2219709708090178,0.2106641652831131
0.26339155484620125,0.2157840132300357,vel3,3D CNN/U-Net,42,middle,-0.006238593198223209,-0.000339656906972199,1.2100568447830018,1.1932843416582912,0.14862880683981738,0.1266902692239516
0.09931909063454462,0.09920749144252206,ALL,3D CNN/U-Net,42,outer,0.032431807712207356,0.030428754601649035,2.652664221895979,2.3830170735917457,0.12222076176716097,0.1167668361669974
0.01618523247629026,0.01567195105948439,Bcc1,3D CNN/U-Net,42,outer,0.00288834666333219,0.0011123989921323345,1.5391748491531656,1.5134443605435757,0.030267696520112186,0.029237104102723854
0.13015655168808807,0.1270963245776327,Bcc2,3D CNN/U-Net,42,outer,0.18545574572441673,0.1592922591731169,3.8406404824960174,3.305801904498372,0.6167525121337133,0.640393092196025
0.3234916478564463,0.31286745838881946,Bcc3,3D CNN/U-Net,42,outer,0.020956060663679214,0.02595270259082669,5.323181501774455,4.975154188957715,0.217726492649707,0.21946891458823997
0.025435203455964447,0.02335015728584173,press,3D CNN/U-Net,42,outer,-0.017698990510723312,-0.03458974376046426,1.028377842766625,1.0166687450737877,0.05897815750586093,0.04518219621836114
0.011413854276062322,0.01077047545571216,rho,3D CNN/U-Net,42,outer,-0.08991591473900756,-0.09745693124662284,1.0399401656586869,1.0351751245174508,0.02070197715820889,0.019829595994689905
0.04533306591505859,0.035830900277083154,vel1,3D CNN/U-Net,42,outer,-0.010028571142818628,-0.05266355872083507,1.019545393359908,1.0134992260581082,0.03909990917510034,0.027214544981408424
0.16448465826793038,0.15079451758232768,vel2,3D CNN/U-Net,42,outer,0.03286182298563588,0.03201073603441443,3.341993272826766,2.9920854431781745,0.12898002749231927,0.12015810957491471
0.07805251114051667,0.07005458474663165,vel3,3D CNN/U-Net,42,outer,0.011706713831166402,0.009344069513548773,1.2454091702246712,1.1224499754055528,0.13999645228365615,0.11567613373679939
3.5107153015204595,3.477847268327169,ALL,Anisotropic spherical DISCO3D LocalNO,42,inner,0.7476616743074119,0.7590683673276373,0.6891334790214977,0.6746951310320549,0.24424762523861898,0.24275135837877354
0.4781215644619318,0.5017436020056248,Bcc1,Anisotropic spherical DISCO3D LocalNO,42,inner,0.6715352774652084,0.674114373909092,0.7407883933541982,0.750440101646357,0.27340138661019014,0.2779370678536521
15.476850544537214,15.948717007019695,Bcc2,Anisotropic spherical DISCO3D LocalNO,42,inner,0.6752277258892608,0.6816936980367693,0.782894781643023,0.7720768074741984,0.4317932502983188,0.4445700852202414
7.986846018388056,7.9009168015663125,Bcc3,Anisotropic spherical DISCO3D LocalNO,42,inner,0.79718133462493,0.8003574794147583,0.6185551891601218,0.6193615812910824,0.18604579831761775,0.18053703562916995
0.16102083715367832,0.16621072585846958,press,Anisotropic spherical DISCO3D LocalNO,42,inner,0.32176533838151966,0.2978682276939907,0.9851546370577373,0.9970939325613944,0.14665055100558919,0.15282826363292795
0.13088700839067208,0.13911856280442525,rho,Anisotropic spherical DISCO3D LocalNO,42,inner,0.2497853262565174,0.24835690612343453,1.114569941801881,1.1095388834023767,0.22468004509314832,0.23950295746094308
0.20001164961505236,0.20151355287360062,vel1,Anisotropic spherical DISCO3D LocalNO,42,inner,0.15221939954388355,0.1594670835848659,1.125806296766078,1.129020922432319,0.20230984143407887,0.20396550489362925
2.0379862749753435,2.1048674936378386,vel2,Anisotropic spherical DISCO3D LocalNO,42,inner,0.5006753615089758,0.4952329538408575,0.9520254950600389,0.9638646913989837,0.9206872305675342,0.9309191930447853
1.613998514641732,1.6305950724281746,vel3,Anisotropic spherical DISCO3D LocalNO,42,inner,0.4209626031138269,0.393355843011829,1.0154789546046912,1.0062828390637812,0.14229061343847552,0.14272027155738493
0.4045704004541892,0.3693717216637233,ALL,Anisotropic spherical DISCO3D LocalNO,42,middle,0.6664814448324008,0.6540605580763953,0.7729258767478834,0.7796697598047397,0.14312542821063529,0.13279087213966884
0.07902073604795819,0.07404199593410932,Bcc1,Anisotropic spherical DISCO3D LocalNO,42,middle,0.4621738942129995,0.45394148158178793,0.9211204166895298,0.913304304653862,0.0754072619456289,0.07974008249280667
1.4486160586765267,1.2773869189576408,Bcc2,Anisotropic spherical DISCO3D LocalNO,42,middle,0.72420313339009,0.7073048523064152,0.7158255896112943,0.7180789766899505,0.3378275732179944,0.3360022220900568
0.8274801068615609,0.7477175974907851,Bcc3,Anisotropic spherical DISCO3D LocalNO,42,middle,0.4596552489918634,0.41661695504945107,0.9363010447677527,0.9789951623471495,0.07990003221182398,0.0702222200531711
0.07326712789948064,0.06789627774644304,press,Anisotropic spherical DISCO3D LocalNO,42,middle,0.10868700380334692,0.05761415819365657,0.9997568937768483,1.0007978418299412,0.17344611065627674,0.1686660641854224
0.04937584148886843,0.04582799751035658,rho,Anisotropic spherical DISCO3D LocalNO,42,middle,0.0426652528880444,0.053395490715949616,1.0031393207955321,1.0064870785804731,0.13614253937849613,0.12832650346124452
0.12547109715375382,0.11775422723725187,vel1,Anisotropic spherical DISCO3D LocalNO,42,middle,0.021867371604966625,-0.009046681261223703,1.0039765046063867,1.0068602295969824,0.09335644117745778,0.08937758961697029
0.39478854484099296,0.3359474008505663,vel2,Anisotropic spherical DISCO3D LocalNO,42,middle,0.21381866964963678,0.18132585292219694,1.0649670616935738,1.039419891906706,0.2427452473340127,0.21145111752937473
0.2385436906643718,0.2021774098836216,vel3,Anisotropic spherical DISCO3D LocalNO,42,middle,0.06821847170028911,0.062225615802620586,1.175058000683315,1.1677363633224647,0.14684726294176578,0.13014595717996869
0.0493074813715381,0.04440557077851068,ALL,Anisotropic spherical DISCO3D LocalNO,42,outer,0.0011129504584256953,0.0006297325453113456,4.3873299068096605,4.268678499664331,0.21520603251684212,0.21028466417116443
0.009761318498017387,0.009249707078232593,Bcc1,Anisotropic spherical DISCO3D LocalNO,42,outer,0.0013351295658417918,0.0013454169873847138,1.7687373045268502,1.5694766384176781,0.034582973402620946,0.03692577823410374
0.09112638023847522,0.08799118898678197,Bcc2,Anisotropic spherical DISCO3D LocalNO,42,outer,0.002759339461879209,0.0009624027469718254,10.061980275190159,7.658483994117413,1.766864357998606,1.6423064411284436
0.07254700147694393,0.07480060873381891,Bcc3,Anisotropic spherical DISCO3D LocalNO,42,outer,0.0002579198292884595,0.0007260074018966077,6.806935414849936,5.935015639886654,0.2956662414006531,0.3053150295106615
0.024697197595039348,0.01981500669785903,press,Anisotropic spherical DISCO3D LocalNO,42,outer,0.006646439839650895,0.008514691656943699,1.054308411989398,1.025331531039606,0.0609356113737378,0.04647163261218763
0.010988749838778896,0.010595784692904947,rho,Anisotropic spherical DISCO3D LocalNO,42,outer,0.027630006524835965,0.03582841813580147,1.0546825369497375,1.028846326370398,0.02098023496719557,0.020203041674166027
0.0429217182950026,0.03343168748673264,vel1,Anisotropic spherical DISCO3D LocalNO,42,outer,0.018437069699579624,-0.011908661374368138,1.0294519459929075,1.0108370775793087,0.03933675816817499,0.026983839087111446
0.09111506215981219,0.06859040836019999,vel2,Anisotropic spherical DISCO3D LocalNO,42,outer,5.3279009105276336e-05,0.00017005589188762312,6.284959836942427,4.4934690923943315,0.2857188277556209,0.20315000208998685
0.051302422870235266,0.040811499086457044,vel3,Anisotropic spherical DISCO3D LocalNO,42,outer,-0.0010021014518019071,0.00036680273859832107,1.4758505519409733,1.2704144364936443,0.16289144200464667,0.15563120656408655
3.497335478922949,3.414092506129683,ALL,Differential LocalNO,42,inner,0.7417135896630269,0.7549659120810932,0.6815774762906938,0.6917906650317487,0.24089911450410778,0.2385301776995018
0.49869386689297407,0.5311964555872972,Bcc1,Differential LocalNO,42,inner,0.6780293689381245,0.6771174317063265,0.7364202798770828,0.7490411551357821,0.2709999067437475,0.27604002897389934
15.32153325170214,15.279828434943724,Bcc2,Differential LocalNO,42,inner,0.6699782061993338,0.6753634673528175,0.7720941204824909,0.7616112273893259,0.4247945459572964,0.4276264272327579
8.169494146059584,8.234981793304808,Bcc3,Differential LocalNO,42,inner,0.7909522678631213,0.7945622863101841,0.6139670704339898,0.6331831399241061,0.18408870878558264,0.1763820358005611
0.1626821637970909,0.16854791059517926,press,Differential LocalNO,42,inner,0.25830748895367717,0.21683797217323597,0.988098873356324,0.9856262576259953,0.1469216534274921,0.15314801502911032
0.11965024208259582,0.12772342441287302,rho,Differential LocalNO,42,inner,0.2584877591052253,0.20909123789433898,1.000878442553934,1.0052494272445844,0.20251349507577573,0.21382518505316292
0.18658066399238846,0.19105692442058497,vel1,Differential LocalNO,42,inner,0.14963816778209932,0.16032100429463403,1.0655541795030625,1.068210128447046,0.19120655658279848,0.19475565089137603
1.9446956203498196,1.9701935168787819,vel2,Differential LocalNO,42,inner,0.5189983862178404,0.5227660249036881,0.9331241093734426,0.9367036066482257,0.9007179635699911,0.9213338355856673
1.575353876506993,1.6051107071134036,vel3,Differential LocalNO,42,inner,0.3468877055280475,0.3390950315996083,0.9866745449136697,0.9891894504684489,0.1380927909222039,0.14020456448392865
0.4908810783969443,0.4066650851996376,ALL,Differential LocalNO,42,middle,0.5705230934999065,0.5568847710792251,0.8928372931918125,0.8707047360340876,0.1677628234222628,0.1446260295335811
0.08385046362321796,0.0789501312384312,Bcc1,Differential LocalNO,42,middle,0.4488224369245812,0.44883504829435494,0.9096106859750196,0.9081323797427825,0.07471350958520066,0.0793856659052124
1.816414628551579,1.5405555140396952,Bcc2,Differential LocalNO,42,middle,0.6275214141992103,0.6055031502335702,0.853203350878822,0.8231905730324054,0.4082298997693442,0.375758165609256
0.984247841039658,0.9268221933749946,Bcc3,Differential LocalNO,42,middle,0.37068658855606607,0.32462397091510875,0.990952515215656,1.038318259050607,0.08322793798684928,0.07524680519789193
0.07353697452718294,0.0691008651872414,press,Differential LocalNO,42,middle,0.01811937387893329,0.014138312779698993,1.0110343393019487,1.0064094008995466,0.17481992850240205,0.17029271310732957
0.048724758231862515,0.04460112146928283,rho,Differential LocalNO,42,middle,0.12897921760735914,0.10643341717201096,0.9941704541333364,0.995094739836784,0.13463135301058582,0.1249084338308212
0.12664661157043175,0.1204984196337508,vel1,Differential LocalNO,42,middle,0.018696845321784793,0.0005614172445044022,1.005794850142741,1.00871273648821,0.09373064010638801,0.09040504281162103
0.549617977358771,0.41572230540661825,vel2,Differential LocalNO,42,middle,0.14364366658959554,0.13186249180330162,1.3201623829728175,1.1506979078485289,0.3148322204650481,0.2596624663521828
0.24400937227285163,0.21034025528631173,vel3,Differential LocalNO,42,middle,-0.019899535069273937,-0.024772057979746784,1.1348199171192717,1.134182354203019,0.14345545581727004,0.12940701682078531
0.07190291599754801,0.06572164941852196,ALL,Differential LocalNO,42,outer,0.0010943838372848703,0.00014259126195771387,7.572695440390648,7.3719231256238995,0.34524457994863866,0.3548882826982801
0.012879416934292438,0.013767476098538213,Bcc1,Differential LocalNO,42,outer,0.001198468107572877,0.00030296815686334743,3.5227228375674415,3.253312085665087,0.06623022943868845,0.06847756163371449
0.23721034241865654,0.18459449485289992,Bcc2,Differential LocalNO,42,outer,0.004690746200876173,0.0005093842317869502,21.286205772425767,19.116650686076213,3.7040225316298097,3.5525480422296294
0.13090114078521056,0.1341577795136415,Bcc3,Differential LocalNO,42,outer,0.0031053219263954064,0.001720879864237982,12.931581830946206,12.206207114191422,0.5258471550332275,0.5515398835407153
0.024257921089961547,0.020460436253731406,press,Differential LocalNO,42,outer,0.015015867069256329,0.013946169477448228,1.021871269082571,1.0142426081866436,0.058663308641885945,0.04492497198559045
0.011483762659416504,0.011355485109925083,rho,Differential LocalNO,42,outer,0.03214018680285654,0.04457986370383752,1.0743555310770094,1.0482030106911093,0.021225562207982655,0.020661421161765
0.04341862747802625,0.03455368384865471,vel1,Differential LocalNO,42,outer,0.013374529729005416,-0.014297417379140566,1.0166000565674742,1.0067750046585078,0.03895339695311542,0.02694739400241593
0.061599057623644746,0.057945302465327225,vel2,Differential LocalNO,42,outer,-0.01267989586017755,-0.0031626457560328747,3.4710760163403953,3.547600372656081,0.1383802649131421,0.1324117988786725
0.05347305899117553,0.04494351619887604,vel3,Differential LocalNO,42,outer,0.0026288225082524166,0.0021756913193275574,1.4354246592895064,1.3402349640861955,0.1592251354532475,0.14871390971389323
4.160591013854632,4.2991853046669615,ALL,FNO,42,inner,0.6609890531521474,0.6481652236461151,0.7744938784491647,0.8042327694998698,0.27556066006622815,0.2840886242133799
0.6276831856699483,0.6764474175754915,Bcc1,FNO,42,inner,0.5746761104425511,0.5710213616942219,0.8404295617659985,0.8545228987111678,0.3108694317884334,0.3158692166949534
16.094661224609077,16.34043224904338,Bcc2,FNO,42,inner,0.6285881933876355,0.6277612650323666,0.7941033903545118,0.8019959719496191,0.4345911440983581,0.4569327584803022
12.1574235752671,12.641917615337206,Bcc3,FNO,42,inner,0.6808461268443012,0.6904036236210417,0.7647907058502519,0.7738816744313801,0.23248529447709476,0.2390025636811684
0.18892981406499104,0.19892888556129168,press,FNO,42,inner,0.03878583676470342,0.03862623981365085,1.1213483631287875,1.1122309520825537,0.16675138889427496,0.17644790104279198
0.18277016425424716,0.1846865875605803,rho,FNO,42,inner,-0.07962582869270199,-0.08373384848888668,1.4393819034824458,1.4125505439274377,0.29439619269692735,0.3203181678057231
0.20949014032199867,0.21307167606550914,vel1,FNO,42,inner,0.03705283245878762,0.04316060809212002,1.1733429595588338,1.1659367302362929,0.209783577319786,0.21308764657104712
2.087137997605951,2.1246759577779057,vel2,FNO,42,inner,0.384946921734772,0.3745164635916329,0.9288224745049787,0.9412560918161125,0.8995374608601041,0.9246833934558887
1.7366320090437408,1.7882305464015644,vel3,FNO,42,inner,0.04662808123692798,0.046565421591635875,1.099519440210614,1.0997726282059452,0.15447659683672527,0.15925005966988842
0.5000176087791599,0.4727902775609817,ALL,FNO,42,middle,0.2862923263273661,0.2654922114889283,1.0062734762289307,0.995468601447399,0.17947328972292692,0.17961896735588637
0.08110897674339973,0.07283884807120361,Bcc1,FNO,42,middle,0.07463938182534607,0.04460323316380371,1.0170000819719103,1.0135640340581016,0.08399590743661378,0.09054810299306663
1.8510870350013207,1.762936056635511,Bcc2,FNO,42,middle,0.3745498007595976,0.37260229675385304,0.9461071691994892,0.9397276478446697,0.4369722035502657,0.44212053320503053
1.1237909634149528,1.0459968783816294,Bcc3,FNO,42,middle,0.0811443427316615,0.05399370130753612,1.2325940746024313,1.230641177594645,0.10243440925334772,0.09405823279251926
0.0766464472276381,0.07138572807827208,press,FNO,42,middle,0.10991964023531178,0.10992516473256606,1.0073685643327777,1.0055359756366438,0.1745984042243903,0.17123480137091357
0.05713614827262359,0.05337631298299202,rho,FNO,42,middle,-0.02206296680133786,-0.021120276566800857,1.0884742134207746,1.0931527146294662,0.1484182919531309,0.1441907413261098
0.13268063824260615,0.12466970016951792,vel1,FNO,42,middle,0.02648131039666676,0.02541149639056393,1.0174999356094,1.012331979182872,0.0942067835301312,0.09017688478284938
0.4221001777898272,0.3969622181525269,vel2,FNO,42,middle,0.04964547421379819,0.05311143483169242,1.1336415847288122,1.1048739472704536,0.24772354863578322,0.24700110749817522
0.2555904835409108,0.22505741756831266,vel3,FNO,42,middle,0.009570785723682747,0.009678230563907039,1.1198482929526021,1.1284138622771014,0.14071229131398347,0.12864931540067642
0.30368039138921477,0.27922598406179266,ALL,FNO,42,outer,-0.0001361943704295619,0.0005981907058597406,23.175011337032657,21.411496100451735,1.1970711357705592,1.1762511621750766
0.04250234937608483,0.03889868529852433,Bcc1,FNO,42,outer,0.0027686980302235992,0.001958058555736789,11.691984696789351,12.453017394174912,0.24750490417927642,0.25413414966456843
0.9986651969815328,0.944331584635816,Bcc2,FNO,42,outer,0.005109267494389715,0.0003736996419861431,53.35377197624206,48.79987338442011,10.055310056561211,10.20439380219317
0.9462179689659022,0.7807344766278888,Bcc3,FNO,42,outer,-0.0031320144648966856,-0.0011805056399927893,48.234025985432595,42.1460899855559,2.3251631345522705,2.2096069522636412
0.038134262607774,0.03185320212675177,press,FNO,42,outer,0.009077475433320032,0.006791848363933142,1.3224821570985295,1.2787044593849293,0.07587551395730004,0.062484708596869554
0.0243684562943484,0.02138784281733744,rho,FNO,42,outer,0.01355869145587292,0.00233909897828298,2.7196035860108685,2.641201075945614,0.056458808540971246,0.05223995842955211
0.05875652634949341,0.047672399401909746,vel1,FNO,42,outer,-0.006951220836264583,-0.00936522052812353,1.17667364520778,1.1238135196508579,0.043341150928077304,0.03250047503390554
0.1841584958319134,0.17727294197740828,vel2,FNO,42,outer,0.011777579383451923,0.0068502853095894186,4.8346620174915484,4.578099222073188,0.2111595017787748,0.20505448813596105
0.1366398747066691,0.12467421874950797,vel3,FNO,42,outer,0.006171752352735553,0.004542806796397987,1.924180870493098,1.875673701592196,0.21165430882066752,0.19652870857439592
3.5643937222651707,3.5252501172824706,ALL,Index-space DISCO3D LocalNO,42,inner,0.7547017754385308,0.7628138934454569,0.7040898557188243,0.7082787621395604,0.24894544520467038,0.2500248833043996
0.47062223139155696,0.4862741136091496,Bcc1,Index-space DISCO3D LocalNO,42,inner,0.7015294395908536,0.6982497488557138,0.7285364124868102,0.7316377353944191,0.2668749251835968,0.2620057690408586
15.814409235983502,16.177399798506304,Bcc2,Index-space DISCO3D LocalNO,42,inner,0.6812644479656406,0.6899185060339357,0.7982700364705764,0.7760715372433227,0.4399172236879307,0.4495675354112688
8.21736916845499,8.127958415006262,Bcc3,Index-space DISCO3D LocalNO,42,inner,0.8036720294517821,0.8067219300192607,0.6334235434515564,0.6379597046984902,0.1898040878713122,0.18815507535256826
0.1605473663945672,0.1700556984499635,press,Index-space DISCO3D LocalNO,42,inner,0.3201014964127391,0.29597583937559374,0.968835473481483,0.974772356482664,0.14409270983732408,0.15089869687297897
0.12088098830420343,0.12906570635344666,rho,Index-space DISCO3D LocalNO,42,inner,0.26976436233252477,0.246715503969557,1.0111830747495205,1.030884431811359,0.20432734288334634,0.22066282856343333
0.18783453379942786,0.19499466552155992,vel1,Index-space DISCO3D LocalNO,42,inner,0.23824624285291363,0.2417326171243524,1.0617980853940976,1.0633394891042593,0.1905830090892764,0.1999083495858724
1.9197415079930533,1.9872237586976538,vel2,Index-space DISCO3D LocalNO,42,inner,0.5353604321329912,0.5498551945954318,0.8982086416273344,0.9076781085143654,0.8672399423286046,0.8997479095891121
1.6237447458000565,1.62985305220893,vel3,Index-space DISCO3D LocalNO,42,inner,0.4204187737050132,0.40480484019993657,1.0059111401832912,1.0023252562326013,0.1409405833642972,0.14146554363873143
0.43106062330536715,0.3822406018848312,ALL,Index-space DISCO3D LocalNO,42,middle,0.6452859832515399,0.6118096323797579,0.8571567773369231,0.8289178175869392,0.16006941970698307,0.15244493727660008
0.07331776181782147,0.06703977941970521,Bcc1,Index-space DISCO3D LocalNO,42,middle,0.5256525488826372,0.5973091146267708,0.8820220517480428,0.8591523680022555,0.07228598987840695,0.0758790016974781
1.580836674319738,1.3209475642477617,Bcc2,Index-space DISCO3D LocalNO,42,middle,0.6955466752862854,0.6814144380976657,0.825831280561941,0.7966186739629448,0.3909828100964055,0.3795608368377139
0.8869276370963914,0.7897495172224953,Bcc3,Index-space DISCO3D LocalNO,42,middle,0.4516427153734486,0.42684821397648187,0.958580037985409,1.0145087018650119,0.08161390843310579,0.07546177796867494
0.0734536895416048,0.06838180120683324,press,Index-space DISCO3D LocalNO,42,middle,0.08955711952958656,0.06474323685236189,1.0057746256904763,0.9992837132993813,0.17424549789244367,0.17151623680436107
0.05131662468050768,0.04819737796584923,rho,Index-space DISCO3D LocalNO,42,middle,-0.06456174744170076,-0.08993858721971724,1.0428114684480778,1.042547366605835,0.1412437734350957,0.13274316332318992
0.12610951345300553,0.11936230625429545,vel1,Index-space DISCO3D LocalNO,42,middle,0.028823771534962146,0.00849224299735054,1.0062163809402176,1.008958422920022,0.09368894012590896,0.09029561493058282
0.39286211724236914,0.3362902945641187,vel2,Index-space DISCO3D LocalNO,42,middle,0.2813408119168676,0.2841929456604806,1.0672168253539458,1.0170442010344978,0.24561463382319054,0.21743518051110228
0.26366096829149877,0.22691244910170755,vel3,Index-space DISCO3D LocalNO,42,middle,0.021548795959781448,0.013994100984070551,1.2604685766250237,1.2930383825326746,0.16092478321779646,0.1492342532308529
0.04561699706260924,0.04213972456827086,ALL,Index-space DISCO3D LocalNO,42,outer,0.005323283348321674,0.003650389204145488,3.7211344425176858,3.54350757125371,0.1736419037328129,0.16641052641647203
0.009228097586992789,0.009323615538098542,Bcc1,Index-space DISCO3D LocalNO,42,outer,-0.0073771064261579575,-0.0036761575132274,1.6976387530580304,1.5103891262750646,0.032296177667851214,0.033792218740278254
0.09076340972738858,0.08577049051800566,Bcc2,Index-space DISCO3D LocalNO,42,outer,0.012197796329390564,0.0013677492165589044,9.935956658323093,8.257747602727513,1.693067539850881,1.5431383629095996
0.06353058223583938,0.06566171155004233,Bcc3,Index-space DISCO3D LocalNO,42,outer,0.005498057626735918,0.001818017851473157,5.118473926830788,4.663047285955098,0.20936244959665665,0.2034968119058167
0.024260393743491388,0.020275715495865203,press,Index-space DISCO3D LocalNO,42,outer,0.011100462564031379,0.00821831144147165,1.0351915021596971,1.0193863943158554,0.059509410872358226,0.047563296962483535
0.011165830340249275,0.011033649795079209,rho,Index-space DISCO3D LocalNO,42,outer,0.03213491708146205,0.04284640589413122,1.0508605900542418,1.038085461241361,0.02084411847937457,0.020376388536780636
0.04211360262683157,0.033147618439976156,vel1,Index-space DISCO3D LocalNO,42,outer,0.011140149685002756,-0.020242986504655752,1.011045730977962,1.007166274406773,0.03888768365514778,0.02724369797404432
0.0709101517554797,0.05794616332147222,vel2,Index-space DISCO3D LocalNO,42,outer,0.014869985244584513,0.010553305601883193,4.490482761755202,3.7584982503504656,0.19546453844813017,0.15751847218373555
0.05296390848460127,0.04425458867278956,vel3,Index-space DISCO3D LocalNO,42,outer,0.0023787094594985856,0.00404374868314889,1.238643985901741,1.160748116002933,0.14147540059854,0.12393815369942536
