channel,pair_count,pearson_p,pearson_r,scope,spearman_p,spearman_r,split,x,y
all,168,0.7379276215624732,0.02600465705285023,aggregate,7.702527743536763e-16,0.5696923988034077,train,plain_residual_loss,state_relative_l2
all,168,0.41252340462963477,-0.0636337808818122,aggregate,0.01703694715131557,-0.18387738470649578,train,plain_residual_loss,residual_relative_l2
all,168,2.400128795208946e-06,-0.35463140147633865,aggregate,0.010645876292231666,-0.19659497572901535,train,plain_residual_loss,residual_cosine_error
all,168,1.084553241352663e-09,0.44847596291540404,aggregate,1.666535967231311e-11,0.48945389019087787,train,plain_residual_loss,shell_error
all,168,0.19086570385439097,0.1014128961713479,aggregate,0.00013725788491745293,0.2900015691356088,train,plain_residual_loss,radial_error
all,168,1.214460291150159e-12,0.5126332236882168,aggregate,2.0250117286747788e-57,0.8864350757487564,train,plain_residual_loss,physical_relative_l2
all,168,1.5061923968591458e-18,0.6106873325977071,aggregate,2.754378003889289e-08,0.41251815894837546,train,plain_residual_loss,rho_press_physical_tail_contribution
Bcc2,168,0.0024204342257470564,0.23252975267145132,per_channel,3.4383845507736687e-14,0.5416023405429211,train,Bcc2_plain_loss,state_relative_l2
Bcc2,168,0.0010069059784429157,-0.2515069873322812,per_channel,0.00010877992527637682,-0.29414965504325247,train,Bcc2_plain_loss,residual_relative_l2
Bcc2,168,1.590467593509168e-16,0.5806198698620526,per_channel,1.9573373697993013e-07,0.38846735944847427,train,Bcc2_plain_loss,shell_error
Bcc2,168,0.1747967062821461,0.10518572492611321,per_channel,0.04663531621856721,0.1537347958352104,train,Bcc2_plain_loss,radial_error
Bcc3,168,0.5065553357268417,-0.05159605585704698,per_channel,5.497035476947545e-12,0.49948370376744405,train,Bcc3_plain_loss,state_relative_l2
Bcc3,168,0.302142320505925,-0.08007891510964682,per_channel,0.04244556872388469,-0.156751585586224,train,Bcc3_plain_loss,residual_relative_l2
Bcc3,168,0.6051895458508415,-0.04016751764532523,per_channel,4.1041258161572146e-07,0.37886526186848624,train,Bcc3_plain_loss,shell_error
Bcc3,168,0.5279381394783231,-0.04903156097479898,per_channel,1.1300785383083201e-25,-0.6961394202297014,train,Bcc3_plain_loss,radial_error
vel3,168,1.291116288180308e-09,0.44664118769736344,per_channel,6.276970178409283e-42,0.8191798988666793,train,vel3_plain_loss,state_relative_l2
vel3,168,0.0006047224805004867,0.2619119627082092,per_channel,7.066829047170092e-06,0.33876625447330194,train,vel3_plain_loss,residual_relative_l2
vel3,168,0.35256351566091637,0.07216762429631599,per_channel,4.109917502855609e-06,0.3468371794028174,train,vel3_plain_loss,shell_error
vel3,168,0.00021279112741279607,0.2820022170197893,per_channel,5.911799845273205e-12,0.498835802612864,train,vel3_plain_loss,radial_error
rho,168,2.896314764297049e-48,0.8508549159811875,per_channel,5.050380701150759e-129,0.9851767302250953,train,rho_plain_loss,state_relative_l2
rho,168,0.00015528067008557862,0.2877746611071744,per_channel,0.0022971989963400854,-0.23370250201203685,train,rho_plain_loss,residual_relative_l2
rho,168,0.16389700869087806,0.10789335252103675,per_channel,0.4500694331049923,-0.05866036312835023,train,rho_plain_loss,shell_error
rho,168,0.04292379620141709,0.1563949609224363,per_channel,0.905142359503942,-0.009262961819387431,train,rho_plain_loss,radial_error
press,168,1.4410360417208154e-58,0.8902081794415666,per_channel,3.987259026145036e-127,0.9843693846457552,train,press_plain_loss,state_relative_l2
press,168,1.5307462050787643e-08,0.4193686446061604,per_channel,8.985010769819392e-18,-0.5995312840084835,train,press_plain_loss,residual_relative_l2
press,168,0.3533126503758699,0.07205570898527065,per_channel,0.0064729836055139635,0.20929991243210963,train,press_plain_loss,shell_error
press,168,0.14199384631247888,0.11377126339550589,per_channel,0.010616175141836801,-0.19666837078168267,train,press_plain_loss,radial_error
all,42,6.475274263202482e-18,0.9204686010661399,aggregate,4.8393718791485304e-20,0.9382545984928289,validation,plain_residual_loss,state_relative_l2
all,42,1.390777466068623e-07,0.710074763441671,aggregate,2.3438559661851893e-07,0.7009966777408637,validation,plain_residual_loss,residual_relative_l2
all,42,4.294744624959946e-05,0.5875706733824267,aggregate,0.0002823607702368827,0.5326148610323312,validation,plain_residual_loss,residual_cosine_error
all,42,0.00537193289837847,0.4220228080938073,aggregate,3.6532390258813632e-06,0.6470302244550684,validation,plain_residual_loss,shell_error
all,42,0.00474225345171019,0.4275256128381973,aggregate,0.0017192796880929405,0.46924884531237343,validation,plain_residual_loss,radial_error
all,42,0.000772680404740559,0.49882013124860897,aggregate,2.4987361461035533e-09,0.770034843205575,validation,plain_residual_loss,physical_relative_l2
all,42,0.008262138117222127,0.4023018829162783,aggregate,2.5528798738640672e-05,0.6011668422332064,validation,plain_residual_loss,rho_press_physical_tail_contribution
Bcc2,42,5.915339959673975e-31,0.9827790982053297,per_channel,2.3393363834944596e-53,0.9987035086297708,validation,Bcc2_plain_loss,state_relative_l2
Bcc2,42,6.260827749178337e-09,0.7577208987604539,per_channel,9.183189249417685e-07,0.6755530346001135,validation,Bcc2_plain_loss,residual_relative_l2
Bcc2,42,0.008608064490498056,0.400361478261271,per_channel,2.6220452764880235e-06,0.6541609269913298,validation,Bcc2_plain_loss,shell_error
Bcc2,42,1.6331069373404358e-08,0.7440456673764444,per_channel,1.985909495587183e-06,0.6599951381573615,validation,Bcc2_plain_loss,radial_error
Bcc3,42,5.780997246169651e-39,0.9931844413499846,per_channel,2.2281045247430352e-38,0.9927072360424601,validation,Bcc3_plain_loss,state_relative_l2
Bcc3,42,0.0032543104241858256,0.4436197991697777,per_channel,0.003239882849645863,0.4438052021716231,validation,Bcc3_plain_loss,residual_relative_l2
Bcc3,42,0.04909373461550744,0.30555045883405485,per_channel,6.437530701341714e-08,0.7228749696134835,validation,Bcc3_plain_loss,shell_error
Bcc3,42,0.06837004941734631,0.2839760666572586,per_channel,0.6584151656296703,0.07025362612430111,validation,Bcc3_plain_loss,radial_error
vel3,42,1.315016961397535e-37,0.992027842102749,per_channel,8.301485470997489e-35,0.9889798233530509,validation,vel3_plain_loss,state_relative_l2
vel3,42,1.4168576527719439e-05,0.6158414773039169,per_channel,3.0061973157024387e-06,0.6512438214083138,validation,vel3_plain_loss,residual_relative_l2
vel3,42,0.1664832786567681,0.2174909435605853,per_channel,0.10405076845620771,0.25435540069686413,validation,vel3_plain_loss,shell_error
vel3,42,0.14510212908784012,0.2287379051939,per_channel,0.04163398456508928,0.315776679361478,validation,vel3_plain_loss,radial_error
rho,42,1.901847772479593e-37,0.9918788507607061,per_channel,7.440329848926041e-56,0.9990276314723282,validation,rho_plain_loss,state_relative_l2
rho,42,0.05144376142159545,0.3025901434482604,per_channel,0.051395602778310734,0.30264970423790616,validation,rho_plain_loss,residual_relative_l2
rho,42,0.06688515657141658,0.2854517653381701,per_channel,0.00013726351748810702,0.5548172757475083,validation,rho_plain_loss,shell_error
rho,42,0.0017403438311321918,0.4687776430106415,per_channel,5.4301344300197694e-05,0.5812332874159307,validation,rho_plain_loss,radial_error
press,42,1.0573400479445496e-38,0.9929748863191163,per_channel,2.47463947665972e-36,0.9907624989871162,validation,press_plain_loss,state_relative_l2
press,42,0.05194152656422576,0.3019771407080212,per_channel,0.014335154676967504,0.3752532209707479,validation,press_plain_loss,residual_relative_l2
press,42,0.1635584120115112,0.21896489584263099,per_channel,6.868332786772533e-05,0.574750830564784,validation,press_plain_loss,shell_error
press,42,0.05398367732368289,0.29951060941401786,per_channel,0.0007464265417689885,0.5000405153553197,validation,press_plain_loss,radial_error
all,210,0.1898325399955632,0.09082775721346756,aggregate,4.02387067022339e-35,0.7220396963973915,combined,plain_residual_loss,state_relative_l2
all,210,0.655611033426914,-0.03095298127635512,aggregate,0.11292529499805494,-0.1097122383727522,combined,plain_residual_loss,residual_relative_l2
all,210,0.89689946776328,0.008995314868640157,aggregate,0.24541643593713963,-0.08050522687589287,combined,plain_residual_loss,residual_cosine_error
all,210,1.2680862423099955e-10,0.42508621831975446,aggregate,2.4150930561794595e-31,0.6926629369632612,combined,plain_residual_loss,shell_error
all,210,3.227758186900576e-09,0.3941820099449791,aggregate,4.143534203368195e-13,0.47308296592407345,combined,plain_residual_loss,radial_error
all,210,1.2547032095725203e-15,0.5151019548034785,aggregate,3.0191486764230802e-92,0.9298098758313276,combined,plain_residual_loss,physical_relative_l2
all,210,2.9608121683893497e-24,0.6260686553215808,aggregate,2.0474256701067327e-30,0.6848623065634789,combined,plain_residual_loss,rho_press_physical_tail_contribution
Bcc2,210,4.864034381371602e-38,0.7424055369431646,per_channel,1.7576946264276694e-36,0.7317632728957248,combined,Bcc2_plain_loss,state_relative_l2
Bcc2,210,0.027185758742595448,0.15244237439987285,per_channel,0.6496570771542872,-0.031525820151412566,combined,Bcc2_plain_loss,residual_relative_l2
Bcc2,210,5.1684440829104174e-17,0.535962596874218,per_channel,8.325341254928686e-26,0.6421428409455349,combined,Bcc2_plain_loss,shell_error
Bcc2,210,1.1086637327696534e-33,0.7112687871760923,per_channel,1.7822567247749633e-12,0.46154269776120604,combined,Bcc2_plain_loss,radial_error
Bcc3,210,0.5822322451185239,-0.03817639432801564,per_channel,4.7548066020930096e-30,0.6817187302595135,combined,Bcc3_plain_loss,state_relative_l2
Bcc3,210,0.4252417976167824,-0.055311090307719815,per_channel,0.18129860986482016,-0.09260009135289753,combined,Bcc3_plain_loss,residual_relative_l2
Bcc3,210,4.118456077195647e-07,0.3409185237334506,per_channel,6.217773486501265e-18,0.5490587736035478,combined,Bcc3_plain_loss,shell_error
Bcc3,210,0.48533800180303704,-0.04840953887055211,per_channel,6.537343743992892e-31,-0.6890593567071491,combined,Bcc3_plain_loss,radial_error
vel3,210,7.190441723324137e-16,0.5188478920862049,per_channel,4.085641581336602e-62,0.8580531466537951,combined,vel3_plain_loss,state_relative_l2
vel3,210,1.153613550122872e-06,0.3282242353793198,per_channel,1.924236833526816e-08,0.3756722698603467,combined,vel3_plain_loss,residual_relative_l2
vel3,210,0.013460238294361335,0.170308428299599,per_channel,4.6800739095049104e-11,0.4340033625641009,combined,vel3_plain_loss,shell_error
vel3,210,7.421009759653968e-09,0.38569334430726476,per_channel,3.7783490642156594e-24,0.6249361015636895,combined,vel3_plain_loss,radial_error
rho,210,6.997979773666987e-72,0.8873962438940913,per_channel,6.0233907339211195e-177,0.9895559666076004,combined,rho_plain_loss,state_relative_l2
rho,210,0.0030942435841199213,0.20321496111658144,per_channel,0.006772123517759489,-0.18633205158523192,combined,rho_plain_loss,residual_relative_l2
rho,210,0.0038071703673813735,0.19887364111356015,per_channel,1.979622472583684e-07,0.3496153135963563,combined,rho_plain_loss,shell_error
rho,210,8.461890768164195e-08,0.3593875020843761,per_channel,7.354146406439565e-07,0.3338430090737399,combined,rho_plain_loss,radial_error
press,210,1.934096004292949e-79,0.905641525910337,per_channel,3.4749321540867285e-153,0.9822619884480697,combined,press_plain_loss,state_relative_l2
press,210,3.8702126220075994e-07,0.341666891885292,per_channel,6.13181270416019e-13,-0.4700249114816338,combined,press_plain_loss,residual_relative_l2
press,210,0.08671544194165696,0.11849758904864534,per_channel,8.937684219846565e-16,0.5173897691233685,combined,press_plain_loss,shell_error
press,210,0.008921736286119267,0.18005229875843498,per_channel,5.318597384380249e-05,0.27510892699218964,combined,press_plain_loss,radial_error
