accumulation_count,base_h1_gradient_cosine,base_only_gradient_norm,clip_scale,clipping_triggered,effective_base_gradient_norm,effective_base_gradient_projection,effective_h1_gradient_norm,effective_h1_gradient_projection,epoch,global_optimizer_step,h1_only_gradient_norm,h1_to_base_gradient_ratio,learning_rate,nonfinite,optimizer_step_in_epoch,other_prior_gradient_norm,parameter_update_norm,selected_h1_gradient_norm,total_gradient_norm_after_clip,total_gradient_norm_before_clip
4,,,0.009709823173090977,True,,,,,0,1,,,0.0005,False,0,,0.41295087337493896,,0.9999999403953552,102.98848724365234
4,,,0.008573537979631176,True,,,,,0,2,,,0.0005,False,1,,0.4047148525714874,,0.9999999403953552,116.6379623413086
4,,,0.007332591003970627,True,,,,,0,3,,,0.0005,False,2,,0.403313547372818,,0.9999999403953552,136.37744140625
4,,,0.009820198777509923,True,,,,,0,4,,,0.0005,False,3,,0.4014839231967926,,0.9999999403953552,101.8309326171875
4,,,0.007185756115639184,True,,,,,0,5,,,0.0005,False,4,,0.400423139333725,,0.9999999403953552,139.16419982910156
4,,,0.009648512987125796,True,,,,,0,6,,,0.0005,False,5,,0.3983198404312134,,1.0,103.64291381835938
4,,,0.008709324050617098,True,,,,,0,7,,,0.0005,False,6,,0.3968147337436676,,0.9999999403953552,114.81947326660156
4,,,0.007399097038295091,True,,,,,0,8,,,0.0005,False,7,,0.39547568559646606,,1.0,135.15162658691406
4,,,0.006531995425131378,True,,,,,0,9,,,0.0005,False,8,,0.39411190152168274,,0.9999999403953552,153.0925750732422
4,,,0.005472443762281706,True,,,,,0,10,,,0.0005,False,9,,0.39252984523773193,,0.9999999403953552,182.7337188720703
4,,,0.005038753640421851,True,,,,,0,11,,,0.0005,False,10,,0.39095473289489746,,1.0,198.46177673339844
4,,,0.004305501675102676,True,,,,,0,12,,,0.0005,False,11,,0.3893439471721649,,0.9999998807907104,232.26097106933594
4,,,0.002945659821777153,True,,,,,0,13,,,0.0005,False,12,,0.38782286643981934,,0.9999999403953552,339.4825134277344
4,,,0.002236842033407367,True,,,,,0,14,,,0.0005,False,13,,0.38626471161842346,,0.9999998807907104,447.058837890625
4,,,0.0034298397946199203,True,,,,,0,15,,,0.0005,False,14,,0.3846006393432617,,1.0,291.5588073730469
4,,,0.0017872586262718292,True,,,,,0,16,,,0.0005,False,15,,0.383052796125412,,1.0,559.51611328125
4,,,0.0013348295851811755,True,,,,,0,17,,,0.0005,False,16,,0.3815286159515381,,0.9999999403953552,749.1593017578125
4,,,0.0017643926312054332,True,,,,,0,18,,,0.0005,False,17,,0.37991589307785034,,0.9999999403953552,566.7672729492188
4,,,0.0010483971182900888,True,,,,,0,19,,,0.0005,False,18,,0.3784335255622864,,0.9999999403953552,953.8370361328125
3,,,0.0010069350314873082,True,,,,,0,20,,,0.0005,False,19,,0.3769342005252838,,0.9999999403953552,993.1127319335938
4,,,0.0008641413107331688,True,,,,,1,21,,,0.001,False,0,,0.7509582042694092,,1.0,1157.2181396484375
4,,,0.0006632567346831374,True,,,,,1,22,,,0.001,False,1,,0.7475303411483765,,1.0,1507.7117919921875
4,,,0.0005309077141500062,True,,,,,1,23,,,0.001,False,2,,0.7436990141868591,,0.9999999403953552,1883.5665283203125
4,,,0.00042275080522365593,True,,,,,1,24,,,0.001,False,3,,0.7394760251045227,,1.0000001192092896,2365.459716796875
4,,,0.0008542322347954065,True,,,,,1,25,,,0.001,False,4,,0.73458331823349,,1.0,1170.641845703125
4,,,0.000359931219393544,True,,,,,1,26,,,0.001,False,5,,0.7292134165763855,,1.0,2778.30859375
4,,,0.0003045681051759327,True,,,,,1,27,,,0.001,False,6,,0.7234348058700562,,1.0,3283.337890625
4,,,0.0002922962733866455,True,,,,,1,28,,,0.001,False,7,,0.7172116041183472,,1.0,3421.186279296875
4,,,0.00022045053285950822,True,,,,,1,29,,,0.001,False,8,,0.7113281488418579,,0.9999998807907104,4536.1650390625
4,,,0.0002055860995689217,True,,,,,1,30,,,0.001,False,9,,0.7060665488243103,,0.9999999403953552,4864.14208984375
4,,,0.00019749440545022842,True,,,,,1,31,,,0.001,False,10,,0.7014034986495972,,0.9999998807907104,5063.4345703125
4,,,0.00033123687455689186,True,,,,,1,32,,,0.001,False,11,,0.6970122456550598,,1.0,3018.987548828125
4,,,0.0003031861713352723,True,,,,,1,33,,,0.001,False,12,,0.6930997967720032,,1.0,3298.303466796875
4,,,0.0003930628627086887,True,,,,,1,34,,,0.001,False,13,,0.689399778842926,,0.9999999403953552,2544.122314453125
4,,,0.000380965774280383,True,,,,,1,35,,,0.001,False,14,,0.6858115792274475,,0.9999999403953552,2624.90771484375
4,,,0.0004650775155686288,True,,,,,1,36,,,0.001,False,15,,0.6817582249641418,,0.9999999403953552,2150.17919921875
4,,,0.0006128644680752375,True,,,,,1,37,,,0.001,False,16,,0.6775480508804321,,1.0,1631.68212890625
4,,,0.0005300680314365543,True,,,,,1,38,,,0.001,False,17,,0.6733533143997192,,0.9999999403953552,1886.55029296875
4,,,0.0004184046992894986,True,,,,,1,39,,,0.001,False,18,,0.6698065400123596,,1.0,2390.030517578125
3,,,0.0008629631026388847,True,,,,,1,40,,,0.001,False,19,,0.6660038232803345,,1.0,1158.798095703125
4,,,0.0006117872402331364,True,,,,,2,41,,,0.0009968592488416748,False,0,,0.6605289578437805,,1.0000001192092896,1634.55517578125
4,,,0.0005766373735068633,True,,,,,2,42,,,0.0009968592488416748,False,1,,0.6570314764976501,,1.0,1734.192138671875
4,,,0.0004624011738848551,True,,,,,2,43,,,0.0009968592488416748,False,2,,0.6536199450492859,,0.9999999403953552,2162.624267578125
4,,,0.0008700432387699424,True,,,,,2,44,,,0.0009968592488416748,False,3,,0.6498944163322449,,1.0,1149.3681640625
4,,,0.0006704757963721138,True,,,,,2,45,,,0.0009968592488416748,False,4,,0.6467465162277222,,1.0,1491.4781494140625
4,,,0.0006552504421260765,True,,,,,2,46,,,0.0009968592488416748,False,5,,0.6441318392753601,,1.0,1526.134033203125
4,,,0.0007965695390524731,True,,,,,2,47,,,0.0009968592488416748,False,6,,0.6414099931716919,,0.9999999403953552,1255.3831787109375
4,,,0.000764878054610351,True,,,,,2,48,,,0.0009968592488416748,False,7,,0.6386182308197021,,0.9999999403953552,1307.39794921875
4,,,0.0005442596650105679,True,,,,,2,49,,,0.0009968592488416748,False,8,,0.6359394192695618,,0.9999999403953552,1837.3582763671875
4,,,0.000994917806332545,True,,,,,2,50,,,0.0009968592488416748,False,9,,0.6314151883125305,,1.0,1005.108154296875
4,,,0.0008111008337348243,True,,,,,2,51,,,0.0009968592488416748,False,10,,0.6290540099143982,,0.9999999403953552,1232.892333984375
4,,,0.0008749799732977303,True,,,,,2,52,,,0.0009968592488416748,False,11,,0.6273704171180725,,0.9999999403953552,1142.88330078125
4,,,0.0006854451184543212,True,,,,,2,53,,,0.0009968592488416748,False,12,,0.6246286034584045,,1.0,1458.906005859375
4,,,0.0005901266877806965,True,,,,,2,54,,,0.0009968592488416748,False,13,,0.6219136118888855,,1.0,1694.5513916015625
4,,,0.0009681205650458368,True,,,,,2,55,,,0.0009968592488416748,False,14,,0.6175498366355896,,0.9999999403953552,1032.92919921875
4,,,0.000852077761248893,True,,,,,2,56,,,0.0009968592488416748,False,15,,0.6143253445625305,,0.9999998807907104,1173.601806640625
4,,,0.0007253308702305865,True,,,,,2,57,,,0.0009968592488416748,False,16,,0.6085551381111145,,0.9999999403953552,1378.68115234375
4,,,0.0007783261256774369,True,,,,,2,58,,,0.0009968592488416748,False,17,,0.605787456035614,,0.9999999403953552,1284.8084716796875
4,,,0.0010204402579377006,True,,,,,2,59,,,0.0009968592488416748,False,18,,0.600676417350769,,0.9999999403953552,979.9691772460938
3,,,0.0010587024807588385,True,,,,,2,60,,,0.0009968592488416748,False,19,,0.5970665812492371,,0.9999999403953552,944.5524291992188
4,,,0.0007915504310481019,True,,,,,3,61,,,0.000987476492134821,False,0,,0.5874030590057373,,1.0,1263.3433837890625
4,,,0.0010159772719732835,True,,,,,3,62,,,0.000987476492134821,False,1,,0.5852512121200562,,0.9999999403953552,984.2739868164062
4,,,0.0009084937623674425,True,,,,,3,63,,,0.000987476492134821,False,2,,0.5826396942138672,,1.0000001192092896,1100.7230224609375
4,,,0.001566606647196913,True,,,,,3,64,,,0.000987476492134821,False,3,,0.5774897933006287,,1.0,638.3223266601562
4,,,0.0007913719590213844,True,,,,,3,65,,,0.000987476492134821,False,4,,0.5720773935317993,,1.0000001192092896,1263.6282958984375
4,,,0.0009919563984790083,True,,,,,3,66,,,0.000987476492134821,False,5,,0.5691043734550476,,1.0,1008.1088256835938
4,,,0.001360499252738478,True,,,,,3,67,,,0.000987476492134821,False,6,,0.5680314302444458,,1.0,735.0242919921875
4,,,0.001521933717854445,True,,,,,3,68,,,0.000987476492134821,False,7,,0.564947247505188,,1.0,657.058837890625
4,,,0.0015138305197250712,True,,,,,3,69,,,0.000987476492134821,False,8,,0.5637021660804749,,1.0,660.575927734375
4,,,0.0011280869623951962,True,,,,,3,70,,,0.000987476492134821,False,9,,0.5637821555137634,,1.0,886.4564819335938
4,,,0.0011311230821944146,True,,,,,3,71,,,0.000987476492134821,False,10,,0.5566632747650146,,1.0,884.0770874023438
4,,,0.001106554199408307,True,,,,,3,72,,,0.000987476492134821,False,11,,0.5506928563117981,,0.9999999403953552,903.706298828125
4,,,0.0014111443714210537,True,,,,,3,73,,,0.000987476492134821,False,12,,0.5488498210906982,,1.0,708.6447143554688
4,,,0.001463872573752275,True,,,,,3,74,,,0.000987476492134821,False,13,,0.5455213189125061,,1.0,683.1195678710938
4,,,0.00187793642479142,True,,,,,3,75,,,0.000987476492134821,False,14,,0.5413870215415955,,1.0,532.4993896484375
4,,,0.0012891359453023647,True,,,,,3,76,,,0.000987476492134821,False,15,,0.5364515781402588,,1.0,775.71337890625
4,,,0.001572854890024477,True,,,,,3,77,,,0.000987476492134821,False,16,,0.5314162373542786,,1.0,635.7865600585938
4,,,0.0016549715612369782,True,,,,,3,78,,,0.000987476492134821,False,17,,0.5308784246444702,,0.9999999403953552,604.239990234375
4,,,0.001857431477455006,True,,,,,3,79,,,0.000987476492134821,False,18,,0.5271317958831787,,1.0,538.3778686523438
3,,,0.0008179600543536053,True,,,,,3,80,,,0.000987476492134821,False,19,,0.5268087983131409,,1.0,1222.5535888671875
4,,,0.0015999071928835377,True,,,,,4,81,,,0.0009719697234890297,False,0,,0.5154551267623901,,1.0,625.0362548828125
4,,,0.001919246620730792,True,,,,,4,82,,,0.0009719697234890297,False,1,,0.5094689130783081,,1.0,521.0377807617188
4,,,0.001765693049609681,True,,,,,4,83,,,0.0009719697234890297,False,2,,0.5060461163520813,,1.0,566.349853515625
4,,,0.0009219574083138005,True,,,,,4,84,,,0.0009719697234890297,False,3,,0.5032563209533691,,1.0,1084.6488037109375
4,,,0.0015796846994077147,True,,,,,4,85,,,0.0009719697234890297,False,4,,0.5001162886619568,,1.0,633.0377197265625
4,,,0.002157476563581232,True,,,,,4,86,,,0.0009719697234890297,False,5,,0.4958961606025696,,1.0,463.50445556640625
4,,,0.0013353069535229397,True,,,,,4,87,,,0.0009719697234890297,False,6,,0.49588242173194885,,0.9999998807907104,748.8914794921875
4,,,0.0018899210937180079,True,,,,,4,88,,,0.0009719697234890297,False,7,,0.4925268292427063,,1.0,529.1226196289062
4,,,0.0012463927716522326,True,,,,,4,89,,,0.0009719697234890297,False,8,,0.4874686300754547,,0.9999999403953552,802.3153076171875
4,,,0.0022573884382830426,True,,,,,4,90,,,0.0009719697234890297,False,9,,0.48734694719314575,,1.0,442.9897766113281
4,,,0.002500375422579318,True,,,,,4,91,,,0.0009719697234890297,False,10,,0.484251469373703,,1.0,399.93994140625
4,,,0.0014142382824048438,True,,,,,4,92,,,0.0009719697234890297,False,11,,0.48290741443634033,,0.9999999403953552,707.0944213867188
4,,,0.0018605113839926751,True,,,,,4,93,,,0.0009719697234890297,False,12,,0.47863101959228516,,1.0,537.4866333007812
4,,,0.0015437097689956672,True,,,,,4,94,,,0.0009719697234890297,False,13,,0.4754147231578827,,0.9999999403953552,647.7901611328125
4,,,0.0037306665503869393,True,,,,,4,95,,,0.0009719697234890297,False,14,,0.47496822476387024,,1.0,268.0486145019531
4,,,0.001252694298168921,True,,,,,4,96,,,0.0009719697234890297,False,15,,0.4708017408847809,,0.9999999403953552,798.2793579101562
4,,,0.002846460687431375,True,,,,,4,97,,,0.0009719697234890297,False,16,,0.4695563018321991,,1.0,351.3134765625
4,,,0.001957435806881945,True,,,,,4,98,,,0.0009719697234890297,False,17,,0.4665791988372803,,1.0,510.8724365234375
4,,,0.0019679929678845026,True,,,,,4,99,,,0.0009719697234890297,False,18,,0.4630317986011505,,0.9999999403953552,508.13189697265625
3,,,0.00130947013694369,True,,,,,4,100,,,0.0009719697234890297,False,19,,0.459724485874176,,0.9999999403953552,763.6676635742188
4,,,0.0018752088779420315,True,,,,,5,101,,,0.0009505339495172584,False,0,,0.44595152139663696,,1.0,533.27392578125
4,,,0.002609323553891036,True,,,,,5,102,,,0.0009505339495172584,False,1,,0.44423457980155945,,0.9999998807907104,383.2410888671875
4,,,0.003314085449761082,True,,,,,5,103,,,0.0009505339495172584,False,2,,0.44411495327949524,,0.9999999403953552,301.74237060546875
4,,,0.003611092958423832,True,,,,,5,104,,,0.0009505339495172584,False,3,,0.44334131479263306,,0.9999999403953552,276.9244689941406
4,,,0.001417022536747103,True,,,,,5,105,,,0.0009505339495172584,False,4,,0.4383678734302521,,0.9999999403953552,705.705078125
4,,,0.0015222723854827766,True,,,,,5,106,,,0.0009505339495172584,False,5,,0.4352893531322479,,1.0,656.9126586914062
4,,,0.0018244714583912156,True,,,,,5,107,,,0.0009505339495172584,False,6,,0.4322180151939392,,1.0,548.1039428710938
4,,,0.002602923634201851,True,,,,,5,108,,,0.0009505339495172584,False,7,,0.4307894706726074,,0.9999999403953552,384.1833801269531
4,,,0.0022929531785650585,True,,,,,5,109,,,0.0009505339495172584,False,8,,0.42892277240753174,,1.0,436.1188049316406
4,,,0.0009056305745834646,True,,,,,5,110,,,0.0009505339495172584,False,9,,0.4293956756591797,,1.0,1104.2030029296875
4,,,0.001979891485415279,True,,,,,5,111,,,0.0009505339495172584,False,10,,0.4281472861766815,,1.0,505.07818603515625
4,,,0.0016189385774664185,True,,,,,5,112,,,0.0009505339495172584,False,11,,0.4234626293182373,,0.9999998807907104,617.6886596679688
4,,,0.0022766020019896645,True,,,,,5,113,,,0.0009505339495172584,False,12,,0.42333969473838806,,1.0,439.2511291503906
4,,,0.002789207957890859,True,,,,,5,114,,,0.0009505339495172584,False,13,,0.4211723208427429,,0.9999999403953552,358.52471923828125
4,,,0.001390529496046785,True,,,,,5,115,,,0.0009505339495172584,False,14,,0.41806286573410034,,1.0,719.1505126953125
4,,,0.0020102809724709663,True,,,,,5,116,,,0.0009505339495172584,False,15,,0.41567978262901306,,1.0,497.4429016113281
4,,,0.0013440304506898983,True,,,,,5,117,,,0.0009505339495172584,False,16,,0.41241148114204407,,1.0,744.03076171875
4,,,0.0030939123441229687,True,,,,,5,118,,,0.0009505339495172584,False,17,,0.409667044878006,,0.9999999403953552,323.2153625488281
4,,,0.0019484025334941147,True,,,,,5,119,,,0.0009505339495172584,False,18,,0.41104522347450256,,1.0,513.240966796875
3,,,0.0032056527804938846,True,,,,,5,120,,,0.0009505339495172584,False,19,,0.4086317718029022,,1.0,311.9489440917969
4,,,0.0021148547896091235,True,,,,,6,121,,,0.0009234387375145279,False,0,,0.3956356346607208,,0.9999999403953552,472.845703125
4,,,0.002147353904670934,True,,,,,6,122,,,0.0009234387375145279,False,1,,0.39299649000167847,,1.0,465.6894226074219
4,,,0.0033756706940934415,True,,,,,6,123,,,0.0009234387375145279,False,2,,0.39325326681137085,,0.9999999403953552,296.2374267578125
4,,,0.0028983276769595865,True,,,,,6,124,,,0.0009234387375145279,False,3,,0.39019575715065,,1.0,345.02655029296875
4,,,0.0026925657395496477,True,,,,,6,125,,,0.0009234387375145279,False,4,,0.3883761763572693,,1.0,371.3929748535156
4,,,0.003956967495458629,True,,,,,6,126,,,0.0009234387375145279,False,5,,0.38779371976852417,,1.0,252.71878051757812
4,,,0.003641839408974631,True,,,,,6,127,,,0.0009234387375145279,False,6,,0.3871915936470032,,0.9999999403953552,274.5865173339844
4,,,0.0033208894567840477,True,,,,,6,128,,,0.0009234387375145279,False,7,,0.3855978846549988,,1.0,301.1241455078125
4,,,0.00440658936263475,True,,,,,6,129,,,0.0009234387375145279,False,8,,0.38456636667251587,,1.0,226.93287658691406
4,,,0.001201731508506776,True,,,,,6,130,,,0.0009234387375145279,False,9,,0.3807477056980133,,0.9999999403953552,832.1326293945312
4,,,0.0016944701879668415,True,,,,,6,131,,,0.0009234387375145279,False,10,,0.3775111436843872,,1.0,590.1549682617188
4,,,0.002891471007638114,True,,,,,6,132,,,0.0009234387375145279,False,11,,0.3765307664871216,,0.9999999403953552,345.8447265625
4,,,0.0016460073521795684,True,,,,,6,133,,,0.0009234387375145279,False,12,,0.3747757375240326,,1.0,607.5307006835938
4,,,0.0015121571100226278,True,,,,,6,134,,,0.0009234387375145279,False,13,,0.37191644310951233,,1.0,661.3069458007812
4,,,0.003622302452526923,True,,,,,6,135,,,0.0009234387375145279,False,14,,0.3714416027069092,,0.9999999403953552,276.0675048828125
4,,,0.0021051331830162366,True,,,,,6,136,,,0.0009234387375145279,False,15,,0.36782577633857727,,1.0000001192092896,475.0293273925781
4,,,0.0009305847609702391,True,,,,,6,137,,,0.0009234387375145279,False,16,,0.36460480093955994,,1.0,1074.5931396484375
4,,,0.0011182927688284628,True,,,,,6,138,,,0.0009234387375145279,False,17,,0.36243849992752075,,1.0,894.22021484375
4,,,0.00226973604690363,True,,,,,6,139,,,0.0009234387375145279,False,18,,0.3623611629009247,,1.0,440.5798645019531
3,,,0.001207738015205233,True,,,,,6,140,,,0.0009234387375145279,False,19,,0.3631267845630646,,1.0,827.994140625
4,,,0.0007991869209626378,True,,,,,7,141,,,0.0008910248254927809,False,0,,0.3462757468223572,,1.0,1251.271728515625
4,,,0.0011152400162058316,True,,,,,7,142,,,0.0008910248254927809,False,1,,0.3436921536922455,,1.0,896.66796875
4,,,0.0021310401066456544,True,,,,,7,143,,,0.0008910248254927809,False,2,,0.34209388494491577,,1.0000001192092896,469.2544250488281
4,,,0.0022522716030052375,True,,,,,7,144,,,0.0008910248254927809,False,3,,0.3390252888202667,,1.0,443.9961853027344
4,,,0.002712384965963989,True,,,,,7,145,,,0.0008910248254927809,False,4,,0.3379596173763275,,1.0,368.6792297363281
4,,,0.001232708116176119,True,,,,,7,146,,,0.0008910248254927809,False,5,,0.33621975779533386,,1.0,811.2220458984375
4,,,0.0033487834395464263,True,,,,,7,147,,,0.0008910248254927809,False,6,,0.33710402250289917,,0.9999999403953552,298.61590576171875
4,,,0.0021285550321573036,True,,,,,7,148,,,0.0008910248254927809,False,7,,0.3336256444454193,,0.9999999403953552,469.8022766113281
4,,,0.0012429575349141794,True,,,,,7,149,,,0.0008910248254927809,False,8,,0.3320663273334503,,1.0,804.53271484375
4,,,0.002199925478598595,True,,,,,7,150,,,0.0008910248254927809,False,9,,0.3311235010623932,,1.0,454.56085205078125
4,,,0.0013530666565362847,True,,,,,7,151,,,0.0008910248254927809,False,10,,0.33170923590660095,,1.0,739.0618896484375
4,,,0.0012651217726036275,True,,,,,7,152,,,0.0008910248254927809,False,11,,0.3303094208240509,,0.9999999403953552,790.437744140625
4,,,0.0033327251272706783,True,,,,,7,153,,,0.0008910248254927809,False,12,,0.3279053866863251,,0.9999999403953552,300.05474853515625
4,,,0.0025619552922851825,True,,,,,7,154,,,0.0008910248254927809,False,13,,0.3270076811313629,,1.0,390.3268737792969
4,,,0.002859047426264008,True,,,,,7,155,,,0.0008910248254927809,False,14,,0.32617712020874023,,0.9999999403953552,349.766845703125
4,,,0.0011119462622649866,True,,,,,7,156,,,0.0008910248254927809,False,15,,0.32460689544677734,,1.0,899.3240356445312
4,,,0.001676673252671405,True,,,,,7,157,,,0.0008910248254927809,False,16,,0.3224509656429291,,1.0,596.4191284179688
4,,,0.0020789272917892585,True,,,,,7,158,,,0.0008910248254927809,False,17,,0.32055652141571045,,1.0,481.0173034667969
4,,,0.0024766508316106444,True,,,,,7,159,,,0.0008910248254927809,False,18,,0.3187519907951355,,0.9999999403953552,403.7710876464844
3,,,0.0025540277652311614,True,,,,,7,160,,,0.0008910248254927809,False,19,,0.31753721833229065,,1.0,391.5384216308594
4,,,0.0013415569200394737,True,,,,,8,161,,,0.0008536998372026805,False,0,,0.3048759698867798,,0.9999999403953552,745.402587890625
4,,,0.002691809941525752,True,,,,,8,162,,,0.0008536998372026805,False,1,,0.30302971601486206,,1.0,371.49725341796875
4,,,0.0031664085488392526,True,,,,,8,163,,,0.0008536998372026805,False,2,,0.30156195163726807,,0.9999999403953552,315.8152160644531
4,,,0.0024905246739261875,True,,,,,8,164,,,0.0008536998372026805,False,3,,0.3001503050327301,,0.9999999403953552,401.5218200683594
4,,,0.0023466983226492484,True,,,,,8,165,,,0.0008536998372026805,False,4,,0.29906073212623596,,1.0,426.130615234375
4,,,0.0019107746159470142,True,,,,,8,166,,,0.0008536998372026805,False,5,,0.299184650182724,,0.9999999403953552,523.3479614257812
4,,,0.003452718056615388,True,,,,,8,167,,,0.0008536998372026805,False,6,,0.2989416718482971,,0.9999999403953552,289.62689208984375
4,,,0.0027423240577089825,True,,,,,8,168,,,0.0008536998372026805,False,7,,0.29724153876304626,,1.0,364.6542053222656
4,,,0.0026321839431317174,True,,,,,8,169,,,0.0008536998372026805,False,8,,0.2956196069717407,,0.9999999403953552,379.91265869140625
4,,,0.004371247336254479,True,,,,,8,170,,,0.0008536998372026805,False,9,,0.29514071345329285,,0.9999999403953552,228.7676544189453
4,,,0.0013703086958230843,True,,,,,8,171,,,0.0008536998372026805,False,10,,0.29296961426734924,,0.9999998807907104,729.7625732421875
4,,,0.0012289267637956855,True,,,,,8,172,,,0.0008536998372026805,False,11,,0.29099273681640625,,1.0,813.7181396484375
4,,,0.0019955722023759174,True,,,,,8,173,,,0.0008536998372026805,False,12,,0.28966769576072693,,0.9999999403953552,501.1094055175781
4,,,0.0017671785415513464,True,,,,,8,174,,,0.0008536998372026805,False,13,,0.28723180294036865,,0.9999999403953552,565.873779296875
4,,,0.0014722519506170178,True,,,,,8,175,,,0.0008536998372026805,False,14,,0.2859010398387909,,1.0,679.2315673828125
4,,,0.0030631782381228463,True,,,,,8,176,,,0.0008536998372026805,False,15,,0.2851530611515045,,0.9999998807907104,326.45831298828125
4,,,0.003644021937972893,True,,,,,8,177,,,0.0008536998372026805,False,16,,0.2840520143508911,,1.0,274.42205810546875
4,,,0.0016119369916025598,True,,,,,8,178,,,0.0008536998372026805,False,17,,0.28312885761260986,,1.0000001192092896,620.3716430664062
4,,,0.0014961121083264064,True,,,,,8,179,,,0.0008536998372026805,False,18,,0.28117871284484863,,1.0,668.3991088867188
3,,,0.0017072181336908934,True,,,,,8,180,,,0.0008536998372026805,False,19,,0.280307412147522,,1.0,585.7482299804688
4,,,0.005515928615790272,True,,,,,9,181,,,0.0008119331560284374,False,0,,0.26851677894592285,,1.0000001192092896,181.2931365966797
4,,,0.0014054354426559779,True,,,,,9,182,,,0.0008119331560284374,False,1,,0.266092449426651,,1.0,711.5232543945312
4,,,0.0014730817771674302,True,,,,,9,183,,,0.0008119331560284374,False,2,,0.2657104432582855,,0.9999999403953552,678.8489379882812
4,,,0.002067759640358241,True,,,,,9,184,,,0.0008119331560284374,False,3,,0.2643320560455322,,0.9999999403953552,483.6152038574219
4,,,0.003283789875128198,True,,,,,9,185,,,0.0008119331560284374,False,4,,0.26228266954421997,,0.9999999403953552,304.52618408203125
4,,,0.003076473865979793,True,,,,,9,186,,,0.0008119331560284374,False,5,,0.26273787021636963,,1.0,325.0474548339844
4,,,0.005620699364369366,True,,,,,9,187,,,0.0008119331560284374,False,6,,0.26138120889663696,,1.0,177.91380310058594
4,,,0.0031683621710242604,True,,,,,9,188,,,0.0008119331560284374,False,7,,0.2602052688598633,,1.0,315.6204833984375
4,,,0.002478516260686843,True,,,,,9,189,,,0.0008119331560284374,False,8,,0.2604760229587555,,0.9999999403953552,403.4671936035156
4,,,0.0032165612066894812,True,,,,,9,190,,,0.0008119331560284374,False,9,,0.26260295510292053,,1.0,310.8910217285156
4,,,0.003601139510966837,True,,,,,9,191,,,0.0008119331560284374,False,10,,0.26124483346939087,,0.9999999403953552,277.68988037109375
4,,,0.004030074033916182,True,,,,,9,192,,,0.0008119331560284374,False,11,,0.262151837348938,,1.0,248.1343994140625
4,,,0.005817667917296013,True,,,,,9,193,,,0.0008119331560284374,False,12,,0.25938910245895386,,0.9999999403953552,171.8901824951172
4,,,0.003696656234096893,True,,,,,9,194,,,0.0008119331560284374,False,13,,0.25976330041885376,,1.0,270.5147399902344
4,,,0.0057250906447934005,True,,,,,9,195,,,0.0008119331560284374,False,14,,0.259890079498291,,1.0,174.6697235107422
4,,,0.004143985539554366,True,,,,,9,196,,,0.0008119331560284374,False,15,,0.2593187391757965,,1.0,241.31358337402344
4,,,0.0011867309228151192,True,,,,,9,197,,,0.0008119331560284374,False,16,,0.25559917092323303,,1.0,842.6510009765625
4,,,0.0014753110070681481,True,,,,,9,198,,,0.0008119331560284374,False,17,,0.2536219358444214,,0.9999999403953552,677.8231811523438
4,,,0.0025225466851659583,True,,,,,9,199,,,0.0008119331560284374,False,18,,0.25350725650787354,,1.0,396.4247741699219
3,,,0.003914959079191302,True,,,,,9,200,,,0.0008119331560284374,False,19,,0.256521999835968,,1.0,255.43051147460938
4,,,0.001320767341318881,True,,,,,10,201,,,0.0007662500222194107,False,0,,0.23832687735557556,,1.0,757.1356201171875
4,,,0.0020650807995633885,True,,,,,10,202,,,0.0007662500222194107,False,1,,0.23746153712272644,,0.9999999403953552,484.2425537109375
4,,,0.005642841927238543,True,,,,,10,203,,,0.0007662500222194107,False,2,,0.23947171866893768,,0.9999999403953552,177.21566772460938
4,,,0.0018080303074611598,True,,,,,10,204,,,0.0007662500222194107,False,3,,0.23573797941207886,,1.0,553.0880737304688
4,,,0.002514476194276436,True,,,,,10,205,,,0.0007662500222194107,False,4,,0.23343251645565033,,1.0,397.6971435546875
4,,,0.0019113512847607765,True,,,,,10,206,,,0.0007662500222194107,False,5,,0.23241452872753143,,1.0,523.1900634765625
4,,,0.00140531151829654,True,,,,,10,207,,,0.0007662500222194107,False,6,,0.23267829418182373,,1.0,711.5859985351562
4,,,0.0025719581990861105,True,,,,,10,208,,,0.0007662500222194107,False,7,,0.2307102084159851,,0.9999999403953552,388.8088073730469
4,,,0.0016530596637097104,True,,,,,10,209,,,0.0007662500222194107,False,8,,0.2296704351902008,,0.9999999403953552,604.9388427734375
4,,,0.00386093380209368,True,,,,,10,210,,,0.0007662500222194107,False,9,,0.23011301457881927,,1.0,259.00469970703125
4,,,0.002480379620405331,True,,,,,10,211,,,0.0007662500222194107,False,10,,0.2284853607416153,,1.0,403.1640930175781
4,,,0.004100942147905995,True,,,,,10,212,,,0.0007662500222194107,False,11,,0.22790540754795074,,1.0,243.84640502929688
4,,,0.0015358111912116804,True,,,,,10,213,,,0.0007662500222194107,False,12,,0.22612623870372772,,1.0,651.1217041015625
4,,,0.0012903927018463547,True,,,,,10,214,,,0.0007662500222194107,False,13,,0.2250826507806778,,1.0,774.9578857421875
4,,,0.0018520616054652096,True,,,,,10,215,,,0.0007662500222194107,False,14,,0.2254420518875122,,1.0,539.9388427734375
4,,,0.0011654397326317364,True,,,,,10,216,,,0.0007662500222194107,False,15,,0.22258709371089935,,1.0,858.0452270507812
4,,,0.004536421296869928,True,,,,,10,217,,,0.0007662500222194107,False,16,,0.22262942790985107,,1.0,220.43807983398438
4,,,0.002237628987347235,True,,,,,10,218,,,0.0007662500222194107,False,17,,0.2217116355895996,,1.0,446.901611328125
4,,,0.0021537538928667814,True,,,,,10,219,,,0.0007662500222194107,False,18,,0.2207515686750412,,1.0,464.30560302734375
3,,,0.0027057516544736642,True,,,,,10,220,,,0.0007662500222194107,False,19,,0.21998736262321472,,1.0000001192092896,369.58306884765625
4,,,0.0010765346910741646,True,,,,,11,221,,,0.0007172249276892203,False,0,,0.20448990166187286,,1.0,928.9064331054688
4,,,0.0027790921151827157,True,,,,,11,222,,,0.0007172249276892203,False,1,,0.20430594682693481,,1.0,359.8297424316406
4,,,0.003364345311523817,True,,,,,11,223,,,0.0007172249276892203,False,2,,0.20364747941493988,,1.0,297.2346496582031
4,,,0.001305723778533818,True,,,,,11,224,,,0.0007172249276892203,False,3,,0.20256291329860687,,1.0,765.8587646484375
4,,,0.0027096170069481895,True,,,,,11,225,,,0.0007172249276892203,False,4,,0.2019110769033432,,1.0,369.05584716796875
4,,,0.0022531484634920568,True,,,,,11,226,,,0.0007172249276892203,False,5,,0.20220445096492767,,1.0,443.8233947753906
4,,,0.0013400490642475988,True,,,,,11,227,,,0.0007172249276892203,False,6,,0.20034679770469666,,1.0,746.2413330078125
4,,,0.0009179208241745744,True,,,,,11,228,,,0.0007172249276892203,False,7,,0.19970373809337616,,1.0,1089.4185791015625
4,,,0.001573269777741075,True,,,,,11,229,,,0.0007172249276892203,False,8,,0.20027348399162292,,0.9999999403953552,635.618896484375
4,,,0.003969568018132475,True,,,,,11,230,,,0.0007172249276892203,False,9,,0.19987298548221588,,0.9999999403953552,251.9165802001953
4,,,0.002321119781624336,True,,,,,11,231,,,0.0007172249276892203,False,10,,0.1984606832265854,,1.0,430.8265380859375
4,,,0.002474976251391362,True,,,,,11,232,,,0.0007172249276892203,False,11,,0.19754666090011597,,0.9999999403953552,404.0442810058594
4,,,0.002782094140536847,True,,,,,11,233,,,0.0007172249276892203,False,12,,0.1973414272069931,,1.0,359.44146728515625
4,,,0.005502441154122255,True,,,,,11,234,,,0.0007172249276892203,False,13,,0.1973741203546524,,1.0,181.73751831054688
4,,,0.0022474473249389218,True,,,,,11,235,,,0.0007172249276892203,False,14,,0.19763530790805817,,1.0,444.9492492675781
4,,,0.0032152750685090653,True,,,,,11,236,,,0.0007172249276892203,False,15,,0.19557668268680573,,0.9999999403953552,311.015380859375
4,,,0.004269854324188507,True,,,,,11,237,,,0.0007172249276892203,False,16,,0.196607306599617,,1.0,234.2000274658203
4,,,0.004167066188546011,True,,,,,11,238,,,0.0007172249276892203,False,17,,0.1955062597990036,,1.0,239.97698974609375
4,,,0.0034530335070071774,True,,,,,11,239,,,0.0007172249276892203,False,18,,0.19445164501667023,,1.0,289.6004333496094
3,,,0.002589633090528888,True,,,,,11,240,,,0.0007172249276892203,False,19,,0.1937454491853714,,1.0,386.15509033203125
4,,,0.0026032886221478467,True,,,,,12,241,,,0.000665474391446606,False,0,,0.1801510751247406,,1.0,384.1295166015625
4,,,0.0023565340854949817,True,,,,,12,242,,,0.000665474391446606,False,1,,0.1788104623556137,,1.0,424.3520202636719
4,,,0.0024936896744444294,True,,,,,12,243,,,0.000665474391446606,False,2,,0.1784547120332718,,1.0,401.01220703125
4,,,0.003934725677225091,True,,,,,12,244,,,0.000665474391446606,False,3,,0.17937634885311127,,1.0,254.14732360839844
4,,,0.0022689719129556233,True,,,,,12,245,,,0.000665474391446606,False,4,,0.17771737277507782,,1.0,440.7282409667969
4,,,0.0034193902845613506,True,,,,,12,246,,,0.000665474391446606,False,5,,0.17729030549526215,,1.0,292.4497985839844
4,,,0.0035830105292485323,True,,,,,12,247,,,0.000665474391446606,False,6,,0.1755891591310501,,1.0,279.09490966796875
4,,,0.002888283421977697,True,,,,,12,248,,,0.000665474391446606,False,7,,0.17524825036525726,,1.0,346.2264099121094
4,,,0.0027670494469067743,True,,,,,12,249,,,0.000665474391446606,False,8,,0.17550702393054962,,1.0,361.3957824707031
4,,,0.004149078907141631,True,,,,,12,250,,,0.000665474391446606,False,9,,0.17638909816741943,,0.9999999403953552,241.01734924316406
4,,,0.002348780921201224,True,,,,,12,251,,,0.000665474391446606,False,10,,0.1744263470172882,,1.0,425.7527770996094
4,,,0.0018885088203413056,True,,,,,12,252,,,0.000665474391446606,False,11,,0.1738649159669876,,0.9999999403953552,529.518310546875
4,,,0.0028018008889869337,True,,,,,12,253,,,0.000665474391446606,False,12,,0.17415280640125275,,1.0,356.9132995605469
4,,,0.004160817738837833,True,,,,,12,254,,,0.000665474391446606,False,13,,0.17412780225276947,,1.0,240.33737182617188
4,,,0.002615401560876249,True,,,,,12,255,,,0.000665474391446606,False,14,,0.17251861095428467,,0.9999999403953552,382.3504638671875
4,,,0.00429734371359715,True,,,,,12,256,,,0.000665474391446606,False,15,,0.17251798510551453,,0.9999999403953552,232.70188903808594
4,,,0.0020467332000699816,True,,,,,12,257,,,0.000665474391446606,False,16,,0.17224463820457458,,1.0,488.5834655761719
4,,,0.0023550470617719043,True,,,,,12,258,,,0.000665474391446606,False,17,,0.1706792265176773,,0.9999999403953552,424.6199645996094
4,,,0.003165240772450891,True,,,,,12,259,,,0.000665474391446606,False,18,,0.17050832509994507,,1.0,315.9317321777344
3,,,0.0066534246568388826,True,,,,,12,260,,,0.000665474391446606,False,19,,0.17008721828460693,,1.0,150.2985382080078
4,,,0.004020606097043993,True,,,,,13,261,,,0.0006116492065111791,False,0,,0.15576447546482086,,0.9999999403953552,248.71871948242188
4,,,0.004842928135915312,True,,,,,13,262,,,0.0006116492065111791,False,1,,0.15590037405490875,,1.0,206.4866485595703
4,,,0.006410257037261282,True,,,,,13,263,,,0.0006116492065111791,False,2,,0.15657256543636322,,0.9999999403953552,155.99998474121094
4,,,0.003213408763972243,True,,,,,13,264,,,0.0006116492065111791,False,3,,0.1566433310508728,,1.0,311.1960144042969
4,,,0.003438706690324566,True,,,,,13,265,,,0.0006116492065111791,False,4,,0.15563304722309113,,1.0,290.8070068359375
4,,,0.002231600009125806,True,,,,,13,266,,,0.0006116492065111791,False,5,,0.15566055476665497,,1.0,448.1089782714844
4,,,0.003209673529733852,True,,,,,13,267,,,0.0006116492065111791,False,6,,0.1551809310913086,,1.0,311.55816650390625
4,,,0.002127252244868494,True,,,,,13,268,,,0.0006116492065111791,False,7,,0.1557253748178482,,0.9999999403953552,470.0899963378906
4,,,0.0018371704525041426,True,,,,,13,269,,,0.0006116492065111791,False,8,,0.15432268381118774,,0.9999999403953552,544.3153076171875
4,,,0.003690714768501921,True,,,,,13,270,,,0.0006116492065111791,False,9,,0.15382346510887146,,1.0,270.9502258300781
4,,,0.004274410139097039,True,,,,,13,271,,,0.0006116492065111791,False,10,,0.15458495914936066,,1.0,233.95040893554688
4,,,0.0020703508609097375,True,,,,,13,272,,,0.0006116492065111791,False,11,,0.15237881243228912,,1.0,483.0099182128906
4,,,0.0013523947473859672,True,,,,,13,273,,,0.0006116492065111791,False,12,,0.15156415104866028,,0.9999999403953552,739.4290771484375
4,,,0.0027354432064122637,True,,,,,13,274,,,0.0006116492065111791,False,13,,0.15205268561840057,,0.9999999403953552,365.57147216796875
4,,,0.006381097245717618,True,,,,,13,275,,,0.0006116492065111791,False,14,,0.15203426778316498,,1.0,156.71286010742188
4,,,0.0023431467141779324,True,,,,,13,276,,,0.0006116492065111791,False,15,,0.1505787968635559,,1.0,426.7765197753906
4,,,0.0010970998302588892,True,,,,,13,277,,,0.0006116492065111791,False,16,,0.14962103962898254,,1.0,911.4940795898438
4,,,0.002092659979793774,True,,,,,13,278,,,0.0006116492065111791,False,17,,0.1493837982416153,,1.0000001192092896,477.8607177734375
4,,,0.002619902431660907,True,,,,,13,279,,,0.0006116492065111791,False,18,,0.1486014425754547,,0.9999998807907104,381.693603515625
3,,,0.004223119867176901,True,,,,,13,280,,,0.0006116492065111791,False,19,,0.1487141251564026,,1.0,236.79176330566406
4,,,0.0026634381582546223,True,,,,,14,281,,,0.0005564262558136022,False,0,,0.13502274453639984,,1.0,375.4545593261719
4,,,0.0029049122608875034,True,,,,,14,282,,,0.0005564262558136022,False,1,,0.13492248952388763,,1.0,344.2444763183594
4,,,0.0033972663866161305,True,,,,,14,283,,,0.0005564262558136022,False,2,,0.13433203101158142,,1.0,294.35430908203125
4,,,0.0024484265414876716,True,,,,,14,284,,,0.0005564262558136022,False,3,,0.1342563033103943,,1.0,408.4255676269531
4,,,0.0038751283411569896,True,,,,,14,285,,,0.0005564262558136022,False,4,,0.13346756994724274,,1.0,258.05596923828125
4,,,0.005038567692414263,True,,,,,14,286,,,0.0005564262558136022,False,5,,0.133397176861763,,1.0,198.46910095214844
4,,,0.0036210103467541744,True,,,,,14,287,,,0.0005564262558136022,False,6,,0.13436932861804962,,1.0,276.166015625
4,,,0.0027106498726818477,True,,,,,14,288,,,0.0005564262558136022,False,7,,0.1331530511379242,,1.0,368.91522216796875
4,,,0.0012422028721089063,True,,,,,14,289,,,0.0005564262558136022,False,8,,0.13254112005233765,,1.0,805.021484375
4,,,0.0014832224492380606,True,,,,,14,290,,,0.0005564262558136022,False,9,,0.13282909989356995,,1.0,674.2077026367188
4,,,0.003073053192948971,True,,,,,14,291,,,0.0005564262558136022,False,10,,0.13349676132202148,,1.0,325.4092712402344
4,,,0.0011973970062443846,True,,,,,14,292,,,0.0005564262558136022,False,11,,0.1311081349849701,,1.0,835.1448974609375
4,,,0.0012725842143322622,True,,,,,14,293,,,0.0005564262558136022,False,12,,0.13021406531333923,,0.9999999403953552,785.8026123046875
4,,,0.0033952173729692083,True,,,,,14,294,,,0.0005564262558136022,False,13,,0.13112474977970123,,1.0000001192092896,294.5319519042969
4,,,0.002955273618492105,True,,,,,14,295,,,0.0005564262558136022,False,14,,0.13167761266231537,,1.0,338.3781433105469
4,,,0.0031703102304521803,True,,,,,14,296,,,0.0005564262558136022,False,15,,0.13193494081497192,,0.9999999403953552,315.4265441894531
4,,,0.0016178797835532802,True,,,,,14,297,,,0.0005564262558136022,False,16,,0.13026857376098633,,0.9999999403953552,618.0928955078125
4,,,0.002206617900824081,True,,,,,14,298,,,0.0005564262558136022,False,17,,0.129342183470726,,1.0,453.1822204589844
4,,,0.0019708262620538536,True,,,,,14,299,,,0.0005564262558136022,False,18,,0.1294764131307602,,1.0,507.4013977050781
3,,,0.004720557149058924,True,,,,,14,300,,,0.0005564262558136022,False,19,,0.13048215210437775,,0.9999999403953552,211.8394012451172
4,,,0.001980325710638564,True,,,,,15,301,,,0.0005005,False,0,,0.11599178612232208,,1.0000001192092896,504.9674377441406
4,,,0.0034817197493986307,True,,,,,15,302,,,0.0005005,False,1,,0.11580034345388412,,0.9999999403953552,287.2143859863281
4,,,0.0057646925948822165,True,,,,,15,303,,,0.0005005,False,2,,0.1173989325761795,,0.9999999403953552,173.46978759765625
4,,,0.002704536338080248,True,,,,,15,304,,,0.0005005,False,3,,0.11670706421136856,,1.0,369.7491455078125
4,,,0.002192939014772892,True,,,,,15,305,,,0.0005005,False,4,,0.11734755337238312,,0.9999999403953552,456.009033203125
4,,,0.0015914108881294677,True,,,,,15,306,,,0.0005005,False,5,,0.11516610532999039,,1.0,628.3732299804688
4,,,0.0014874676942879842,True,,,,,15,307,,,0.0005005,False,6,,0.11448467522859573,,1.0,672.2835083007812
4,,,0.0015160162527601785,True,,,,,15,308,,,0.0005005,False,7,,0.11439135670661926,,0.9999999403953552,659.62353515625
4,,,0.0022579566649825705,True,,,,,15,309,,,0.0005005,False,8,,0.11518627405166626,,1.0,442.8782958984375
4,,,0.004950493927645407,True,,,,,15,310,,,0.0005005,False,9,,0.11473499983549118,,1.0,202.0000457763672
4,,,0.003403368907304416,True,,,,,15,311,,,0.0005005,False,10,,0.11410623043775558,,0.9999999403953552,293.8265075683594
4,,,0.0013412606114229495,True,,,,,15,312,,,0.0005005,False,11,,0.11347925662994385,,0.9999999403953552,745.5672607421875
4,,,0.0019206516711099712,True,,,,,15,313,,,0.0005005,False,12,,0.11364526301622391,,0.9999999403953552,520.6566162109375
4,,,0.005266355728604285,True,,,,,15,314,,,0.0005005,False,13,,0.11405166238546371,,0.9999999403953552,189.88462829589844
4,,,0.00227078658833303,True,,,,,15,315,,,0.0005005,False,14,,0.11331068724393845,,1.0,440.37603759765625
4,,,0.0022625151410305476,True,,,,,15,316,,,0.0005005,False,15,,0.11349421739578247,,0.9999999403953552,441.9859924316406
4,,,0.0018001349222219536,True,,,,,15,317,,,0.0005005,False,16,,0.11466122418642044,,0.9999999403953552,555.513916015625
4,,,0.002433492786225219,True,,,,,15,318,,,0.0005005,False,17,,0.11245429515838623,,1.0,410.9319763183594
4,,,0.002409857233903385,True,,,,,15,319,,,0.0005005,False,18,,0.11174077540636063,,0.9999999403953552,414.96234130859375
3,,,0.002042966768309999,True,,,,,15,320,,,0.0005005,False,19,,0.11239301413297653,,0.9999999403953552,489.4842224121094
4,,,0.0038229679311931105,True,,,,,16,321,,,0.00044457374418639775,False,0,,0.10019102692604065,,0.9999999403953552,261.5768737792969
4,,,0.004264289658329777,True,,,,,16,322,,,0.00044457374418639775,False,1,,0.10025527328252792,,1.0,234.50564575195312
4,,,0.002913422504143901,True,,,,,16,323,,,0.00044457374418639775,False,2,,0.09997577220201492,,1.0,343.2389221191406
4,,,0.0033765848350452575,True,,,,,16,324,,,0.00044457374418639775,False,3,,0.09989698976278305,,0.9999999403953552,296.1572265625
4,,,0.0018466914703119887,True,,,,,16,325,,,0.00044457374418639775,False,4,,0.09976433217525482,,0.9999999403953552,541.5089721679688
4,,,0.0037209682602588373,True,,,,,16,326,,,0.00044457374418639775,False,5,,0.10087700188159943,,1.0,268.74725341796875
4,,,0.004785377261017007,True,,,,,16,327,,,0.00044457374418639775,False,6,,0.09992172569036484,,1.0,208.96994018554688
4,,,0.004391239792876819,True,,,,,16,328,,,0.00044457374418639775,False,7,,0.0997328832745552,,1.0,227.7261199951172
4,,,0.004630814503573096,True,,,,,16,329,,,0.00044457374418639775,False,8,,0.09998124092817307,,1.0,215.94473266601562
4,,,0.002959880556968442,True,,,,,16,330,,,0.00044457374418639775,False,9,,0.10019063949584961,,1.0,337.8514709472656
4,,,0.002227219479470369,True,,,,,16,331,,,0.00044457374418639775,False,10,,0.10100739449262619,,1.0,448.9903259277344
4,,,0.004193806111338462,True,,,,,16,332,,,0.00044457374418639775,False,11,,0.09955989569425583,,0.9999999403953552,238.44688415527344
4,,,0.007392048246830525,True,,,,,16,333,,,0.00044457374418639775,False,12,,0.10337904840707779,,0.9999998807907104,135.28050231933594
4,,,0.0016552320547649044,True,,,,,16,334,,,0.00044457374418639775,False,13,,0.10272328555583954,,1.0,604.1448974609375
4,,,0.003655901238005887,True,,,,,16,335,,,0.00044457374418639775,False,14,,0.10052096098661423,,0.9999999403953552,273.5303649902344
4,,,0.00386552712575385,True,,,,,16,336,,,0.00044457374418639775,False,15,,0.09982705116271973,,1.0,258.6969299316406
4,,,0.0032956746583357546,True,,,,,16,337,,,0.00044457374418639775,False,16,,0.09892961382865906,,1.0,303.4280090332031
4,,,0.0032778948168688342,True,,,,,16,338,,,0.00044457374418639775,False,17,,0.09840594977140427,,1.0,305.0738525390625
4,,,0.0042327987650892275,True,,,,,16,339,,,0.00044457374418639775,False,18,,0.09839978814125061,,0.9999999403953552,236.25030517578125
3,,,0.00401489657977812,True,,,,,16,340,,,0.00044457374418639775,False,19,,0.09884816408157349,,0.9999999403953552,249.07241821289062
4,,,0.0023458260789883624,True,,,,,17,341,,,0.00038935079348882104,False,0,,0.08589692413806915,,0.9999999403953552,426.2890625
4,,,0.005550977456014882,True,,,,,17,342,,,0.00038935079348882104,False,1,,0.0865718349814415,,1.0,180.14845275878906
4,,,0.008477155620403588,True,,,,,17,343,,,0.00038935079348882104,False,2,,0.08794909715652466,,1.0,117.96409606933594
4,,,0.004766167194608506,True,,,,,17,344,,,0.00038935079348882104,False,3,,0.0875796377658844,,1.0,209.81219482421875
4,,,0.006269227226101321,True,,,,,17,345,,,0.00038935079348882104,False,4,,0.08836919814348221,,0.9999999403953552,159.50929260253906
4,,,0.006206437341509082,True,,,,,17,346,,,0.00038935079348882104,False,5,,0.09043062478303909,,1.0,161.12303161621094
4,,,0.002566994860448248,True,,,,,17,347,,,0.00038935079348882104,False,6,,0.08757530152797699,,0.9999999403953552,389.5605773925781
4,,,0.005359649175893421,True,,,,,17,348,,,0.00038935079348882104,False,7,,0.08890475332736969,,1.0000001192092896,186.57937622070312
4,,,0.0059369734679721314,True,,,,,17,349,,,0.00038935079348882104,False,8,,0.08973941951990128,,1.0000001192092896,168.4359893798828
4,,,0.002846213445162097,True,,,,,17,350,,,0.00038935079348882104,False,9,,0.08806401491165161,,1.0,351.343994140625
4,,,0.005428003582005294,True,,,,,17,351,,,0.00038935079348882104,False,10,,0.08692862838506699,,1.0,184.22979736328125
4,,,0.0027054536423556735,True,,,,,17,352,,,0.00038935079348882104,False,11,,0.08745148032903671,,1.0,369.623779296875
4,,,0.0051978607046933665,True,,,,,17,353,,,0.00038935079348882104,False,12,,0.08754203468561172,,1.0,192.3868408203125
4,,,0.0013842613773417602,True,,,,,17,354,,,0.00038935079348882104,False,13,,0.0873924270272255,,1.0,722.4069213867188
4,,,0.0041061717573501605,True,,,,,17,355,,,0.00038935079348882104,False,14,,0.08644407242536545,,1.0,243.5358428955078
4,,,0.006236262186027998,True,,,,,17,356,,,0.00038935079348882104,False,15,,0.08739659190177917,,1.0,160.3524627685547
4,,,0.0031945592662496686,True,,,,,17,357,,,0.00038935079348882104,False,16,,0.08754464983940125,,0.9999998807907104,313.0322265625
4,,,0.0024295893254071147,True,,,,,17,358,,,0.00038935079348882104,False,17,,0.08792175352573395,,1.0,411.5921936035156
4,,,0.004234368852836622,True,,,,,17,359,,,0.00038935079348882104,False,18,,0.08639723062515259,,1.0,236.16270446777344
3,,,0.004964186593302711,True,,,,,17,360,,,0.00038935079348882104,False,19,,0.08535963296890259,,1.0,201.44287109375
4,,,0.0027858516010314995,True,,,,,18,361,,,0.0003355256085533942,False,0,,0.07442911714315414,,1.0,358.9566650390625
4,,,0.006940499534659501,True,,,,,18,362,,,0.0003355256085533942,False,1,,0.07452990859746933,,1.0,144.08184814453125
4,,,0.006646332960633235,True,,,,,18,363,,,0.0003355256085533942,False,2,,0.07576904445886612,,1.0,150.4589080810547
4,,,0.005668863824265222,True,,,,,18,364,,,0.0003355256085533942,False,3,,0.07601660490036011,,0.9999999403953552,176.40219116210938
4,,,0.004272173487166172,True,,,,,18,365,,,0.0003355256085533942,False,4,,0.07478807866573334,,0.9999998807907104,234.07289123535156
4,,,0.0074912514811384745,True,,,,,18,366,,,0.0003355256085533942,False,5,,0.07471230626106262,,1.0,133.48904418945312
4,,,0.0030914589954305505,True,,,,,18,367,,,0.0003355256085533942,False,6,,0.07424519211053848,,1.0000001192092896,323.47186279296875
4,,,0.0025158070966827552,True,,,,,18,368,,,0.0003355256085533942,False,7,,0.07338818907737732,,0.9999999403953552,397.48675537109375
4,,,0.003384134247515009,True,,,,,18,369,,,0.0003355256085533942,False,8,,0.07350464165210724,,1.0,295.4965515136719
4,,,0.003640545059633257,True,,,,,18,370,,,0.0003355256085533942,False,9,,0.07220423221588135,,1.0,274.68414306640625
4,,,0.004755875323149305,True,,,,,18,371,,,0.0003355256085533942,False,10,,0.07181689143180847,,0.9999999403953552,210.2662353515625
4,,,0.002662900941596507,True,,,,,18,372,,,0.0003355256085533942,False,11,,0.07222402840852737,,0.9999999403953552,375.5303039550781
4,,,0.003761043790656501,True,,,,,18,373,,,0.0003355256085533942,False,12,,0.07264874130487442,,1.0,265.8836364746094
4,,,0.005500509797615215,True,,,,,18,374,,,0.0003355256085533942,False,13,,0.07197277992963791,,1.0,181.80133056640625
4,,,0.005667509292420078,True,,,,,18,375,,,0.0003355256085533942,False,14,,0.07388670742511749,,1.0,176.44435119628906
4,,,0.00350049380592706,True,,,,,18,376,,,0.0003355256085533942,False,15,,0.07210186868906021,,0.9999999403953552,285.6739807128906
4,,,0.00786040488953262,True,,,,,18,377,,,0.0003355256085533942,False,16,,0.07334990799427032,,1.0000001192092896,127.21990966796875
4,,,0.007915319033760039,True,,,,,18,378,,,0.0003355256085533942,False,17,,0.07226654887199402,,0.9999999403953552,126.33729553222656
4,,,0.0037234764233990856,True,,,,,18,379,,,0.0003355256085533942,False,18,,0.07198157161474228,,0.9999999403953552,268.56622314453125
3,,,0.0024459331434988248,True,,,,,18,380,,,0.0003355256085533942,False,19,,0.07154064625501633,,1.0,408.8419189453125
4,,,0.0029939337391151487,True,,,,,19,381,,,0.00028377507231077976,False,0,,0.060415834188461304,,0.9999998807907104,334.00872802734375
4,,,0.007890944678621243,True,,,,,19,382,,,0.00028377507231077976,False,1,,0.060957055538892746,,1.0,126.7275390625
4,,,0.002358319806532563,True,,,,,19,383,,,0.00028377507231077976,False,2,,0.05994989722967148,,1.0,424.03070068359375
4,,,0.0039491898544579875,True,,,,,19,384,,,0.00028377507231077976,False,3,,0.05977949500083923,,1.0,253.21649169921875
4,,,0.003060588976574464,True,,,,,19,385,,,0.00028377507231077976,False,4,,0.059603508561849594,,1.0,326.7344970703125
4,,,0.0026232981345346534,True,,,,,19,386,,,0.00028377507231077976,False,5,,0.0602174811065197,,1.0,381.19952392578125
4,,,0.0025673033763941124,True,,,,,19,387,,,0.00028377507231077976,False,6,,0.061538051813840866,,0.9999998807907104,389.5137634277344
4,,,0.0024074587138242926,True,,,,,19,388,,,0.00028377507231077976,False,7,,0.059919025748968124,,0.9999999403953552,415.3757629394531
4,,,0.0070671301882792355,True,,,,,19,389,,,0.00028377507231077976,False,8,,0.06070708483457565,,1.0,141.50015258789062
4,,,0.004412961215083444,True,,,,,19,390,,,0.00028377507231077976,False,9,,0.06013352796435356,,1.0,226.60520935058594
4,,,0.002546604462619673,True,,,,,19,391,,,0.00028377507231077976,False,10,,0.05973149091005325,,0.9999999403953552,392.67974853515625
4,,,0.005351215573330703,True,,,,,19,392,,,0.00028377507231077976,False,11,,0.05953415110707283,,1.0,186.87342834472656
4,,,0.0058492883585987915,True,,,,,19,393,,,0.00028377507231077976,False,12,,0.060288429260253906,,0.9999999403953552,170.96096801757812
4,,,0.002480424681890909,True,,,,,19,394,,,0.00028377507231077976,False,13,,0.05933080241084099,,1.0,403.1567687988281
4,,,0.004704984019379917,True,,,,,19,395,,,0.00028377507231077976,False,14,,0.05950599163770676,,0.9999999403953552,212.5405731201172
4,,,0.004629860864683881,True,,,,,19,396,,,0.00028377507231077976,False,15,,0.05964680761098862,,0.9999999403953552,215.9892120361328
4,,,0.0071965680136402725,True,,,,,19,397,,,0.00028377507231077976,False,16,,0.06036239489912987,,1.0,138.9551239013672
4,,,0.004772705160196152,True,,,,,19,398,,,0.00028377507231077976,False,17,,0.0595921091735363,,1.0,209.5247802734375
4,,,0.0064603016161203135,True,,,,,19,399,,,0.00028377507231077976,False,18,,0.05995211377739906,,1.0,154.79153442382812
3,,,0.0033310660641443697,True,,,,,19,400,,,0.00028377507231077976,False,19,,0.05932009965181351,,1.0000001192092896,300.2041931152344
4,,,0.008199669253148335,True,,,,,20,401,,,0.00023474997778058943,False,0,,0.05137166008353233,,1.0,121.95613861083984
4,,,0.004220506253383003,True,,,,,20,402,,,0.00023474997778058943,False,1,,0.05058414116501808,,1.0,236.9384002685547
4,,,0.007080896672996356,True,,,,,20,403,,,0.00023474997778058943,False,2,,0.05240406095981598,,0.9999999403953552,141.2250518798828
4,,,0.006136195143289932,True,,,,,20,404,,,0.00023474997778058943,False,3,,0.05106047913432121,,1.0,162.96743774414062
4,,,0.004063170849278718,True,,,,,20,405,,,0.00023474997778058943,False,4,,0.04971041902899742,,1.0,246.1132049560547
4,,,0.0015226005914017117,True,,,,,20,406,,,0.00023474997778058943,False,5,,0.04876668006181717,,1.0,656.7710571289062
4,,,0.0035026951126671045,True,,,,,20,407,,,0.00023474997778058943,False,6,,0.04881813004612923,,1.0,285.49444580078125
4,,,0.006124172989945053,True,,,,,20,408,,,0.00023474997778058943,False,7,,0.050317030400037766,,1.0,163.287353515625
4,,,0.007292545626536783,True,,,,,20,409,,,0.00023474997778058943,False,8,,0.051240723580121994,,1.0,137.12632751464844
4,,,0.0028587543463002955,True,,,,,20,410,,,0.00023474997778058943,False,9,,0.05010886490345001,,0.9999998807907104,349.8027038574219
4,,,0.004073876558730529,True,,,,,20,411,,,0.00023474997778058943,False,10,,0.04931802302598953,,0.9999999403953552,245.46644592285156
4,,,0.0031253138499721545,True,,,,,20,412,,,0.00023474997778058943,False,11,,0.048597220331430435,,1.0,319.9678649902344
4,,,0.006708250669279435,True,,,,,20,413,,,0.00023474997778058943,False,12,,0.049271855503320694,,1.0,149.07015991210938
4,,,0.002677927780125523,True,,,,,20,414,,,0.00023474997778058943,False,13,,0.049850646406412125,,1.0,373.4230651855469
4,,,0.0015798970444045185,True,,,,,20,415,,,0.00023474997778058943,False,14,,0.048448771238327026,,1.0,632.95263671875
4,,,0.0029683745993083818,True,,,,,20,416,,,0.00023474997778058943,False,15,,0.04791873320937157,,1.0,336.88470458984375
4,,,0.003548012564001034,True,,,,,20,417,,,0.00023474997778058943,False,16,,0.047756973654031754,,0.9999999403953552,281.8479309082031
4,,,0.002885533489509781,True,,,,,20,418,,,0.00023474997778058943,False,17,,0.04806269705295563,,1.0,346.5563659667969
4,,,0.002128820677002396,True,,,,,20,419,,,0.00023474997778058943,False,18,,0.04743962362408638,,1.0,469.74365234375
3,,,0.0046467756364482315,True,,,,,20,420,,,0.00023474997778058943,False,19,,0.047545384615659714,,1.0,215.20298767089844
4,,,0.006198619327914775,True,,,,,21,421,,,0.00018906684397156263,False,0,,0.03832244127988815,,1.0,161.3262481689453
4,,,0.005938629928643287,True,,,,,21,422,,,0.00018906684397156263,False,1,,0.038857389241456985,,1.0,168.38900756835938
4,,,0.009960600487299763,True,,,,,21,423,,,0.00018906684397156263,False,2,,0.039651624858379364,,0.9999999403953552,100.39555358886719
4,,,0.005832252437854999,True,,,,,21,424,,,0.00018906684397156263,False,3,,0.0393286868929863,,0.9999999403953552,171.46034240722656
4,,,0.007978768897240418,True,,,,,21,425,,,0.00018906684397156263,False,4,,0.042291879653930664,,1.0,125.3326187133789
4,,,0.0052095401930541,True,,,,,21,426,,,0.00018906684397156263,False,5,,0.040703728795051575,,0.9999999403953552,191.9555206298828
4,,,0.004164761514085525,True,,,,,21,427,,,0.00018906684397156263,False,6,,0.03982022404670715,,1.0,240.1097869873047
4,,,0.003306466944008421,True,,,,,21,428,,,0.00018906684397156263,False,7,,0.03929384425282478,,0.9999999403953552,302.4376220703125
4,,,0.004557534386136573,True,,,,,21,429,,,0.00018906684397156263,False,8,,0.038949061185121536,,1.0000001192092896,219.41688537597656
4,,,0.00410503466817532,True,,,,,21,430,,,0.00018906684397156263,False,9,,0.038670655339956284,,1.0,243.60330200195312
4,,,0.003432963807103222,True,,,,,21,431,,,0.00018906684397156263,False,10,,0.03890667110681534,,0.9999999403953552,291.2934875488281
4,,,0.004934051406858901,True,,,,,21,432,,,0.00018906684397156263,False,11,,0.03975853696465492,,1.0,202.67320251464844
4,,,0.0031349153009372316,True,,,,,21,433,,,0.00018906684397156263,False,12,,0.03875449672341347,,1.0,318.9878845214844
4,,,0.003002991719503271,True,,,,,21,434,,,0.00018906684397156263,False,13,,0.038665127009153366,,1.0000001192092896,333.0012512207031
4,,,0.003543333822098863,True,,,,,21,435,,,0.00018906684397156263,False,14,,0.03826633840799332,,1.0,282.2200927734375
4,,,0.0031614412227892754,True,,,,,21,436,,,0.00018906684397156263,False,15,,0.038368698209524155,,1.0,316.3114318847656
4,,,0.004234890923578558,True,,,,,21,437,,,0.00018906684397156263,False,16,,0.03871208429336548,,1.0,236.1335906982422
4,,,0.0016570492609068765,True,,,,,21,438,,,0.00018906684397156263,False,17,,0.038880959153175354,,1.0,603.4823608398438
4,,,0.0039436463432121665,True,,,,,21,439,,,0.00018906684397156263,False,18,,0.038806457072496414,,1.0,253.5724334716797
3,,,0.0014287237835856695,True,,,,,21,440,,,0.00018906684397156263,False,19,,0.038893718272447586,,1.0,699.9253540039062
4,,,0.002015534525685702,True,,,,,22,441,,,0.00014730016279731955,False,0,,0.030302729457616806,,1.0,496.14630126953125
4,,,0.002230879862476278,True,,,,,22,442,,,0.00014730016279731955,False,1,,0.030099228024482727,,1.0,448.2536315917969
4,,,0.004041369275307552,True,,,,,22,443,,,0.00014730016279731955,False,2,,0.030249668285250664,,0.9999999403953552,247.44088745117188
4,,,0.003027363138804988,True,,,,,22,444,,,0.00014730016279731955,False,3,,0.030732665210962296,,0.9999998807907104,330.3204650878906
4,,,0.004393137545908207,True,,,,,22,445,,,0.00014730016279731955,False,4,,0.03040924482047558,,1.0,227.62774658203125
4,,,0.0011019520909110476,True,,,,,22,446,,,0.00014730016279731955,False,5,,0.030022529885172844,,0.9999999403953552,907.48046875
4,,,0.006406345034310349,True,,,,,22,447,,,0.00014730016279731955,False,6,,0.0313577838242054,,1.0,156.09524536132812
4,,,0.002960783978876946,True,,,,,22,448,,,0.00014730016279731955,False,7,,0.03128493204712868,,1.0,337.7483825683594
4,,,0.0061869104776635505,True,,,,,22,449,,,0.00014730016279731955,False,8,,0.03190533071756363,,0.9999999403953552,161.63156127929688
4,,,0.00588223361881051,True,,,,,22,450,,,0.00014730016279731955,False,9,,0.03146376833319664,,1.0000001192092896,170.00344848632812
4,,,0.004194995066707309,True,,,,,22,451,,,0.00014730016279731955,False,10,,0.030850082635879517,,0.9999999403953552,238.37930297851562
4,,,0.004140013780252167,True,,,,,22,452,,,0.00014730016279731955,False,11,,0.031158121302723885,,1.0,241.5450897216797
4,,,0.006660776557351374,True,,,,,22,453,,,0.00014730016279731955,False,12,,0.030239351093769073,,1.0,150.1326446533203
4,,,0.00436776652816345,True,,,,,22,454,,,0.00014730016279731955,False,13,,0.03015255369246006,,1.0,228.94996643066406
4,,,0.006017472118139902,True,,,,,22,455,,,0.00014730016279731955,False,14,,0.029995251446962357,,0.9999999403953552,166.1827392578125
4,,,0.003912599817981959,True,,,,,22,456,,,0.00014730016279731955,False,15,,0.02962651476264,,1.0,255.58453369140625
4,,,0.007816504410231467,True,,,,,22,457,,,0.00014730016279731955,False,16,,0.030113231390714645,,1.0,127.9344253540039
4,,,0.00889329766207613,True,,,,,22,458,,,0.00014730016279731955,False,17,,0.030717361718416214,,1.0,112.44422912597656
4,,,0.007316564791555048,True,,,,,22,459,,,0.00014730016279731955,False,18,,0.03244062513113022,,1.0000001192092896,136.67616271972656
3,,,0.005223691916955287,True,,,,,22,460,,,0.00014730016279731955,False,19,,0.03209137171506882,,1.0,191.43548583984375
4,,,0.004202133819136662,True,,,,,23,461,,,0.00010997517450721912,False,0,,0.02359222248196602,,1.0,237.97433471679688
4,,,0.0065442182087758986,True,,,,,23,462,,,0.00010997517450721912,False,1,,0.023032084107398987,,1.0,152.806640625
4,,,0.002615055081512978,True,,,,,23,463,,,0.00010997517450721912,False,2,,0.023019451647996902,,1.0,382.401123046875
4,,,0.009300025365898653,True,,,,,23,464,,,0.00010997517450721912,False,3,,0.02343856729567051,,0.9999999403953552,107.5265884399414
4,,,0.005377534319772597,True,,,,,23,465,,,0.00010997517450721912,False,4,,0.023180868476629257,,0.9999999403953552,185.95883178710938
4,,,0.007982191586361312,True,,,,,23,466,,,0.00010997517450721912,False,5,,0.023310521617531776,,1.0,125.27887725830078
4,,,0.008312679849254037,True,,,,,23,467,,,0.00010997517450721912,False,6,,0.023452600464224815,,1.0,120.29814910888672
4,,,0.01051695834659601,True,,,,,23,468,,,0.00010997517450721912,False,7,,0.02399143949151039,,0.9999999403953552,95.08452606201172
4,,,0.009732897053925903,True,,,,,23,469,,,0.00010997517450721912,False,8,,0.02387242391705513,,1.0,102.74433135986328
4,,,0.00604804511818033,True,,,,,23,470,,,0.00010997517450721912,False,9,,0.023725848644971848,,1.0,165.34268188476562
4,,,0.005911732998513136,True,,,,,23,471,,,0.00010997517450721912,False,10,,0.02376338467001915,,1.0000001192092896,169.15513610839844
4,,,0.002392312010986179,True,,,,,23,472,,,0.00010997517450721912,False,11,,0.02326906844973564,,1.0000001192092896,418.00567626953125
4,,,0.002625501125140367,True,,,,,23,473,,,0.00010997517450721912,False,12,,0.02264118753373623,,0.9999998807907104,380.8796691894531
4,,,0.004631135197687485,True,,,,,23,474,,,0.00010997517450721912,False,13,,0.02252800203859806,,0.9999999403953552,215.92977905273438
4,,,0.0073214789038829105,True,,,,,23,475,,,0.00010997517450721912,False,14,,0.02267061173915863,,1.0,136.5844268798828
4,,,0.005679194818843945,True,,,,,23,476,,,0.00010997517450721912,False,15,,0.02321886084973812,,1.0,176.081298828125
4,,,0.004223745329605332,True,,,,,23,477,,,0.00010997517450721912,False,16,,0.023244472220540047,,1.0000001192092896,236.75669860839844
4,,,0.005160669705878207,True,,,,,23,478,,,0.00010997517450721912,False,17,,0.02287123166024685,,0.9999999403953552,193.77330017089844
4,,,0.008759167013054014,True,,,,,23,479,,,0.00010997517450721912,False,18,,0.022936593741178513,,1.0,114.16610717773438
3,,,0.0014848040043307991,True,,,,,23,480,,,0.00010997517450721912,False,19,,0.02272735722362995,,0.9999999403953552,673.4895629882812
4,,,0.0047843571611393045,True,,,,,24,481,,,7.756126248547209e-05,False,0,,0.016248777508735657,,1.0,209.01449584960938
4,,,0.0070103982510802115,True,,,,,24,482,,,7.756126248547209e-05,False,1,,0.01629757508635521,,1.0000001192092896,142.64524841308594
4,,,0.002302020316481427,True,,,,,24,483,,,7.756126248547209e-05,False,2,,0.015992213040590286,,0.9999998807907104,434.4010314941406
4,,,0.0033016076193301226,True,,,,,24,484,,,7.756126248547209e-05,False,3,,0.01573561318218708,,1.0,302.88275146484375
4,,,0.006720478899751284,True,,,,,24,485,,,7.756126248547209e-05,False,4,,0.01584590971469879,,1.0,148.79891967773438
4,,,0.012949974361279704,True,,,,,24,486,,,7.756126248547209e-05,False,5,,0.01623484306037426,,0.9999999403953552,77.22023010253906
4,,,0.004701035287963876,True,,,,,24,487,,,7.756126248547209e-05,False,6,,0.01614401303231716,,0.9999999403953552,212.71910095214844
4,,,0.0071477417363506775,True,,,,,24,488,,,7.756126248547209e-05,False,7,,0.01685679517686367,,0.9999999403953552,139.90432739257812
4,,,0.002043413175986528,True,,,,,24,489,,,7.756126248547209e-05,False,8,,0.016540925949811935,,1.0,489.3772888183594
4,,,0.005514999796351631,True,,,,,24,490,,,7.756126248547209e-05,False,9,,0.01620223931968212,,1.0,181.32366943359375
4,,,0.008071556734874499,True,,,,,24,491,,,7.756126248547209e-05,False,10,,0.016151802614331245,,1.0,123.89183807373047
4,,,0.007213937111631428,True,,,,,24,492,,,7.756126248547209e-05,False,11,,0.015936462208628654,,0.9999998807907104,138.6205596923828
4,,,0.014141572600444147,True,,,,,24,493,,,7.756126248547209e-05,False,12,,0.01621525175869465,,1.0,70.71349334716797
4,,,0.0021811316404269235,True,,,,,24,494,,,7.756126248547209e-05,False,13,,0.016059184446930885,,1.0,458.47760009765625
4,,,0.003927982747467378,True,,,,,24,495,,,7.756126248547209e-05,False,14,,0.01606290601193905,,0.9999999403953552,254.58360290527344
4,,,0.005273008706225281,True,,,,,24,496,,,7.756126248547209e-05,False,15,,0.015810156241059303,,0.9999999403953552,189.64505004882812
4,,,0.002466855209044674,True,,,,,24,497,,,7.756126248547209e-05,False,16,,0.01576354168355465,,0.9999999403953552,405.3744201660156
4,,,0.004678750344734432,True,,,,,24,498,,,7.756126248547209e-05,False,17,,0.016109241172671318,,1.0,213.73228454589844
4,,,0.004940240100975806,True,,,,,24,499,,,7.756126248547209e-05,False,18,,0.01638590358197689,,1.0,202.4193115234375
3,,,0.006207223284816038,True,,,,,24,500,,,7.756126248547209e-05,False,19,,0.01622350700199604,,0.9999999403953552,161.10263061523438
4,,,0.007113544041972689,True,,,,,25,501,,,5.046605048274169e-05,False,0,,0.01058373786509037,,1.0,140.576904296875
4,,,0.007164398658293188,True,,,,,25,502,,,5.046605048274169e-05,False,1,,0.01089026965200901,,1.0,139.5790557861328
4,,,0.014408402673697916,True,,,,,25,503,,,5.046605048274169e-05,False,2,,0.011255064979195595,,1.0,69.40394592285156
4,,,0.006551775330570436,True,,,,,25,504,,,5.046605048274169e-05,False,3,,0.011062865145504475,,0.9999999403953552,152.63038635253906
4,,,0.009113347467717709,True,,,,,25,505,,,5.046605048274169e-05,False,4,,0.010923145338892937,,0.9999999403953552,109.72916412353516
4,,,0.004099557134481125,True,,,,,25,506,,,5.046605048274169e-05,False,5,,0.01106247678399086,,1.0,243.9287872314453
4,,,0.010412171767787725,True,,,,,25,507,,,5.046605048274169e-05,False,6,,0.011149818077683449,,0.9999998807907104,96.04144287109375
4,,,0.009713397273146317,True,,,,,25,508,,,5.046605048274169e-05,False,7,,0.010971756651997566,,1.0,102.95059204101562
4,,,0.005900372689708696,True,,,,,25,509,,,5.046605048274169e-05,False,8,,0.01103182788938284,,0.9999999403953552,169.48081970214844
4,,,0.009806083853867565,True,,,,,25,510,,,5.046605048274169e-05,False,9,,0.010940177366137505,,0.9999999403953552,101.97750854492188
4,,,0.005539850090317579,True,,,,,25,511,,,5.046605048274169e-05,False,10,,0.010737436823546886,,1.0,180.5102996826172
4,,,0.0100202634508536,True,,,,,25,512,,,5.046605048274169e-05,False,11,,0.010949463583528996,,1.0,99.79777526855469
4,,,0.022464863729036777,True,,,,,25,513,,,5.046605048274169e-05,False,12,,0.011708580888807774,,1.0,44.51395797729492
4,,,0.0159864041409119,True,,,,,25,514,,,5.046605048274169e-05,False,13,,0.01179055031388998,,0.9999999403953552,62.55315399169922
4,,,0.007927733464317065,True,,,,,25,515,,,5.046605048274169e-05,False,14,,0.012009155005216599,,1.0,126.13945770263672
4,,,0.002875209182699327,True,,,,,25,516,,,5.046605048274169e-05,False,15,,0.011592723429203033,,0.9999999403953552,347.80078125
4,,,0.004892532042852358,True,,,,,25,517,,,5.046605048274169e-05,False,16,,0.01114002987742424,,1.0000001192092896,204.3931427001953
4,,,0.010356757062569203,True,,,,,25,518,,,5.046605048274169e-05,False,17,,0.011108051054179668,,1.0,96.5553207397461
4,,,0.006090142019368651,True,,,,,25,519,,,5.046605048274169e-05,False,18,,0.010946424677968025,,1.0,164.1997833251953
3,,,0.002055245253329299,True,,,,,25,520,,,5.046605048274169e-05,False,19,,0.010859585367143154,,1.0,486.5599365234375
4,,,0.008739387144075603,True,,,,,26,521,,,2.90302765109704e-05,False,0,,0.006251921411603689,,1.0,114.42449951171875
4,,,0.003493409930781059,True,,,,,26,522,,,2.90302765109704e-05,False,1,,0.006221283692866564,,1.0000001192092896,286.2532653808594
4,,,0.007740102805326659,True,,,,,26,523,,,2.90302765109704e-05,False,2,,0.006184886675328016,,0.9999998807907104,129.19725036621094
4,,,0.004921283937267447,True,,,,,26,524,,,2.90302765109704e-05,False,3,,0.006202380638569593,,1.0,203.19900512695312
4,,,0.0061723534772418955,True,,,,,26,525,,,2.90302765109704e-05,False,4,,0.006275019142776728,,1.0,162.01275634765625
4,,,0.010579564342012312,True,,,,,26,526,,,2.90302765109704e-05,False,5,,0.0063344077207148075,,1.0000001192092896,94.5218505859375
4,,,0.00745180477945223,True,,,,,26,527,,,2.90302765109704e-05,False,6,,0.006263696122914553,,1.0,134.1956787109375
4,,,0.008604931291587898,True,,,,,26,528,,,2.90302765109704e-05,False,7,,0.0062268879264593124,,1.0,116.21243286132812
4,,,0.002731082473973329,True,,,,,26,529,,,2.90302765109704e-05,False,8,,0.006184007041156292,,1.0,366.1551818847656
4,,,0.005811353065591604,True,,,,,26,530,,,2.90302765109704e-05,False,9,,0.006214749533683062,,1.0000001192092896,172.07696533203125
4,,,0.0025605511186196717,True,,,,,26,531,,,2.90302765109704e-05,False,10,,0.006052149459719658,,0.9999999403953552,390.5409240722656
4,,,0.005470164001419625,True,,,,,26,532,,,2.90302765109704e-05,False,11,,0.006000943016260862,,1.0,182.80987548828125
4,,,0.010794397737880577,True,,,,,26,533,,,2.90302765109704e-05,False,12,,0.006075370591133833,,0.9999999403953552,92.6406478881836
4,,,0.008580372319762887,True,,,,,26,534,,,2.90302765109704e-05,False,13,,0.0062296329997479916,,0.9999999403953552,116.54505920410156
4,,,0.010417908578146872,True,,,,,26,535,,,2.90302765109704e-05,False,14,,0.0063181472942233086,,0.9999999403953552,95.98855590820312
4,,,0.011409296950995263,True,,,,,26,536,,,2.90302765109704e-05,False,15,,0.006233006250113249,,0.9999999403953552,87.64781951904297
4,,,0.004596363909762413,True,,,,,26,537,,,2.90302765109704e-05,False,16,,0.006216554436832666,,1.0,217.5632781982422
4,,,0.010600197184759337,True,,,,,26,538,,,2.90302765109704e-05,False,17,,0.006346326787024736,,0.9999999403953552,94.3378677368164
4,,,0.0023179849828980697,True,,,,,26,539,,,2.90302765109704e-05,False,18,,0.0062466892413794994,,1.0,431.4091796875
3,,,0.0034432696939306487,True,,,,,26,540,,,2.90302765109704e-05,False,19,,0.006188641302287579,,1.0,290.421630859375
4,,,0.010015184153709604,True,,,,,27,541,,,1.3523507865179103e-05,False,0,,0.00288298144005239,,1.0000001192092896,99.848388671875
4,,,0.01661777786032798,True,,,,,27,542,,,1.3523507865179103e-05,False,1,,0.002960753161460161,,1.0,60.176517486572266
4,,,0.0028642280054158803,True,,,,,27,543,,,1.3523507865179103e-05,False,2,,0.0029349445831030607,,1.0,349.13421630859375
4,,,0.007134772916604068,True,,,,,27,544,,,1.3523507865179103e-05,False,3,,0.00297533068805933,,1.0,140.15863037109375
4,,,0.007146640366937061,True,,,,,27,545,,,1.3523507865179103e-05,False,4,,0.002986365696415305,,0.9999999403953552,139.92588806152344
4,,,0.007440780646158954,True,,,,,27,546,,,1.3523507865179103e-05,False,5,,0.0028995450120419264,,1.0,134.39450073242188
4,,,0.009788843666702839,True,,,,,27,547,,,1.3523507865179103e-05,False,6,,0.0029706801287829876,,1.0,102.15711212158203
4,,,0.021662159914278188,True,,,,,27,548,,,1.3523507865179103e-05,False,7,,0.0030102215241640806,,1.0,46.163448333740234
4,,,0.004937075192764099,True,,,,,27,549,,,1.3523507865179103e-05,False,8,,0.003026586025953293,,0.9999999403953552,202.549072265625
4,,,0.002629737347278132,True,,,,,27,550,,,1.3523507865179103e-05,False,9,,0.002949028043076396,,1.0,380.26611328125
4,,,0.02239297404038379,True,,,,,27,551,,,1.3523507865179103e-05,False,10,,0.00301225739531219,,0.9999998807907104,44.656864166259766
4,,,0.004016316284907437,True,,,,,27,552,,,1.3523507865179103e-05,False,11,,0.0029630677308887243,,1.0,248.984375
4,,,0.004054214227510605,True,,,,,27,553,,,1.3523507865179103e-05,False,12,,0.002951557980850339,,1.0,246.65692138671875
4,,,0.0058259763373049705,True,,,,,27,554,,,1.3523507865179103e-05,False,13,,0.0029497852083295584,,1.0,171.64505004882812
4,,,0.005511524026884154,True,,,,,27,555,,,1.3523507865179103e-05,False,14,,0.002978652948513627,,1.0,181.43801879882812
4,,,0.004965836761603995,True,,,,,27,556,,,1.3523507865179103e-05,False,15,,0.0030367530416697264,,0.9999999403953552,201.3759307861328
4,,,0.01090466760406386,True,,,,,27,557,,,1.3523507865179103e-05,False,16,,0.0029718016739934683,,1.0000001192092896,91.70384979248047
4,,,0.0027335580877339673,True,,,,,27,558,,,1.3523507865179103e-05,False,17,,0.002910353010520339,,0.9999999403953552,365.8235778808594
4,,,0.0031124868397506213,True,,,,,27,559,,,1.3523507865179103e-05,False,18,,0.002900813240557909,,0.9999999403953552,321.2864990234375
3,,,0.014078848944107812,True,,,,,27,560,,,1.3523507865179103e-05,False,19,,0.0029434524476528168,,1.0,71.02853393554688
4,,,0.01148848508838075,True,,,,,28,561,,,4.140751158325319e-06,False,0,,0.0008999857236631215,,1.0,87.0436782836914
4,,,0.009048751640652334,True,,,,,28,562,,,4.140751158325319e-06,False,1,,0.0008976752287708223,,0.9999999403953552,110.51248168945312
4,,,0.015341711002485397,True,,,,,28,563,,,4.140751158325319e-06,False,2,,0.0009431157959625125,,1.0,65.18177795410156
4,,,0.006863712122910048,True,,,,,28,564,,,4.140751158325319e-06,False,3,,0.0009311329340562224,,1.0,145.69375610351562
4,,,0.007093000716161891,True,,,,,28,565,,,4.140751158325319e-06,False,4,,0.0009426800534129143,,1.0,140.9840545654297
4,,,0.004573433915010446,True,,,,,28,566,,,4.140751158325319e-06,False,5,,0.0009145455551333725,,1.0,218.65408325195312
4,,,0.012691178105239023,True,,,,,28,567,,,4.140751158325319e-06,False,6,,0.0009196240571327507,,0.9999999403953552,78.79489135742188
4,,,0.008294017451404456,True,,,,,28,568,,,4.140751158325319e-06,False,7,,0.0009140727925114334,,1.0,120.56883239746094
4,,,0.004182683501389101,True,,,,,28,569,,,4.140751158325319e-06,False,8,,0.0008972616051323712,,1.0,239.08096313476562
4,,,0.00321479244045011,True,,,,,28,570,,,4.140751158325319e-06,False,9,,0.0008884259150363505,,0.9999999403953552,311.06207275390625
4,,,0.00683524489901493,True,,,,,28,571,,,4.140751158325319e-06,False,10,,0.0008880289969965816,,1.0,146.300537109375
4,,,0.01605306211130982,True,,,,,28,572,,,4.140751158325319e-06,False,11,,0.0009575124713592231,,1.0,62.29341125488281
4,,,0.006933707216341272,True,,,,,28,573,,,4.140751158325319e-06,False,12,,0.0009202715591527522,,1.0,144.22299194335938
4,,,0.005368152494979439,True,,,,,28,574,,,4.140751158325319e-06,False,13,,0.0009105642093345523,,1.0000001192092896,186.28382873535156
4,,,0.007053235699859508,True,,,,,28,575,,,4.140751158325319e-06,False,14,,0.0008992977091111243,,1.0,141.77890014648438
4,,,0.011712977364460347,True,,,,,28,576,,,4.140751158325319e-06,False,15,,0.0009705411503091455,,1.0,85.3753890991211
4,,,0.012028117854485211,True,,,,,28,577,,,4.140751158325319e-06,False,16,,0.0009500784799456596,,0.9999999403953552,83.1385269165039
4,,,0.007770046645652035,True,,,,,28,578,,,4.140751158325319e-06,False,17,,0.0009338628733530641,,0.9999998807907104,128.69935607910156
4,,,0.0022055898051242134,True,,,,,28,579,,,4.140751158325319e-06,False,18,,0.0009152678539976478,,0.9999998807907104,453.3934631347656
3,,,0.013237371011579468,True,,,,,28,580,,,4.140751158325319e-06,False,19,,0.0009244586108252406,,1.0,75.543701171875
4,,,0.008267617176877946,True,,,,,29,581,,,1e-06,False,0,,0.00022438634186983109,,1.0,120.9538345336914
4,,,0.008791054308127688,True,,,,,29,582,,,1e-06,False,1,,0.00022252420603763312,,1.0,113.75199890136719
4,,,0.005288449084999699,True,,,,,29,583,,,1e-06,False,2,,0.00022001989418640733,,1.0,189.0913543701172
4,,,0.005492361974612073,True,,,,,29,584,,,1e-06,False,3,,0.00021885249589104205,,1.0,182.07102966308594
4,,,0.0055281376521121445,True,,,,,29,585,,,1e-06,False,4,,0.00021648536494467407,,1.0,180.8927459716797
4,,,0.006817985808277648,True,,,,,29,586,,,1e-06,False,5,,0.00021667325927410275,,1.0,146.67088317871094
4,,,0.005851162134581372,True,,,,,29,587,,,1e-06,False,6,,0.0002150535146938637,,1.0,170.90621948242188
4,,,0.006821019430996088,True,,,,,29,588,,,1e-06,False,7,,0.00021482309966813773,,1.0,146.60565185546875
4,,,0.0031723347010606043,True,,,,,29,589,,,1e-06,False,8,,0.00021351483883336186,,0.9999999403953552,315.2252502441406
4,,,0.0031669226679583834,True,,,,,29,590,,,1e-06,False,9,,0.000214271669392474,,1.0,315.7639465332031
4,,,0.007351581039750206,True,,,,,29,591,,,1e-06,False,10,,0.00021768348233308643,,1.0,136.02516174316406
4,,,0.0028698103795212126,True,,,,,29,592,,,1e-06,False,11,,0.00021945602202322334,,1.0,348.455078125
4,,,0.010976436570613915,True,,,,,29,593,,,1e-06,False,12,,0.00021494150860235095,,1.0,91.104248046875
4,,,0.006397148770801764,True,,,,,29,594,,,1e-06,False,13,,0.0002150765503756702,,0.9999999403953552,156.31964111328125
4,,,0.003470555564263954,True,,,,,29,595,,,1e-06,False,14,,0.00021518455469049513,,1.0,288.1383056640625
4,,,0.008143432062216438,True,,,,,29,596,,,1e-06,False,15,,0.00022131972946226597,,1.0,122.79834747314453
4,,,0.010868761233867097,True,,,,,29,597,,,1e-06,False,16,,0.00022238936799112707,,1.0,92.00680541992188
4,,,0.010713689895600538,True,,,,,29,598,,,1e-06,False,17,,0.00022268637258093804,,0.9999998807907104,93.3385238647461
4,,,0.008869825405087753,True,,,,,29,599,,,1e-06,False,18,,0.0002219264570157975,,1.0,112.74179077148438
3,,,0.005633372298294009,True,,,,,29,600,,,1e-06,False,19,,0.0002180734445573762,,1.0,177.51356506347656
