Bcc2_radial_skill,Bcc2_range,Bcc2_shell_skill,Bcc3_radial_skill,Bcc3_range,Bcc3_shell_skill,above_rout,channels,counterfactual,diagnostic_teacher_reset,evaluation_clamp,gate_2_count,gate_3_count,normalized_average_relative_l2,radial_transport_error,raw_average_relative_l2,reduction_Bcc2_range,reduction_Bcc3_range,reduction_gate_2_count,reduction_gate_3_count,reduction_radial_transport_error,reduction_ripple_count,reduction_shell_transport_error,reduction_stripe_count,reduction_total_decoded_range,reduction_vel3_range,ripple_count,shell_transport_error,step,stripe_count,total_decoded_range,variant,vel3_radial_skill,vel3_range,vel3_shell_skill
1.0,0.3252949118614197,1.0,-26.572938252396565,4.196778297424316,0.3508396583382881,True,Bcc2,reset,True,0.19561767578125,0.0,2.0,0.7946393467384174,9.829985923185882,4.044053149507869e+20,0.5336390768322606,0.0,1.0,0.3333333333333333,0.039595061663483914,0.0,1.0,0.0,0.0,0.0,2.0,0.0,1,3.0,2.089942019337422e+22,E_Bcc2,-2.917019517161079,1.5560671091079712,0.17065572407673812
1.0,1.1869564056396484,1.0,-0.4919373014738466,5.642822265625,0.3303285974573895,True,Bcc2,reset,True,0.20590972900390625,0.0,2.0,0.9112044691337514,0.21633750091235293,3.012639189050417e+20,-1.109361074243514,-0.15521194453314235,1.0,0.3333333333333333,-4.739031734023994,0.0,1.0,0.0,0.0,-0.0038422445067828382,2.0,0.0,2,3.0,2.089942019337422e+22,E_Bcc2,-0.15707520126321217,1.5925766229629517,0.32078108230711166
1.0,0.4949367642402649,1.0,-5.921277921349526,10.700778007507324,0.2868280057264593,True,Bcc2,reset,True,0.23843765258789062,1.0,2.0,0.9895417569120011,2.11158774540845,2.0211215116164304e+20,0.2520136059091176,-0.4788567998794833,0.5,0.3333333333333333,-1.1770280196801244,-0.5,-1.1669900875457897,0.2,0.0,-0.04769414728003382,3.0,0.17853721638317252,3,4.0,2.089942019337422e+22,E_Bcc2,-0.41348531487582374,1.7144514322280884,-0.5356116491495175
1.0,1.0018171072006226,1.0,-2.1109870371538997,39.11400604248047,0.5903331665167081,True,Bcc2,reset,True,0.27008628845214844,1.0,2.0,1.096485642553179,0.7726149137307111,3.345675992073508e+20,0.46488834185352235,-1.8854379893368123,0.5,0.3333333333333333,-0.26595490649254866,-0.25,0.005448617687079642,0.2,0.0,-0.14752251290324764,5.0,0.10688240576282897,4,4.0,2.089942019337422e+22,E_Bcc2,-0.206857704038234,2.0018246173858643,-0.3206472172884869
1.0,1.1177302598953247,1.0,-1.1395488467984052,69.8628158569336,-0.3644330169759069,True,Bcc2,reset,True,0.3188629150390625,0.0,2.0,1.3030926524496287,0.6189827294723955,4.4222641079096e+20,0.007483725611970658,-1.376545615749931,1.0,0.3333333333333333,-0.1562808452574564,0.0,-0.88959010103998,0.2,0.0,-0.12934867834849367,5.0,0.18239667759966394,5,4.0,2.089942019337422e+22,E_Bcc2,-0.7173993416187814,2.165172576904297,-0.1827570158230849
1.0,1.3095003366470337,1.0,-0.5463303874221537,113.35405731201172,-4.524801826201122,True,Bcc2,reset,True,0.3746910095214844,0.0,2.0,1.5485236519844847,0.47024592512604757,5.1510319529852764e+20,0.30705753362509347,-1.7066092355269693,1.0,0.3333333333333333,-0.26948188135543416,0.0,-8.192874872186158,0.4,0.0,-0.11484997473773421,5.0,1.7191606209067236,6,3.0,2.089942019337422e+22,E_Bcc2,-0.864407387955989,2.4462857246398926,-0.6326800365190488
1.0,1.4178822040557861,1.0,-1.416082980035116,597.1705932617188,-11.265519924413782,True,Bcc2,reset,True,0.4278392791748047,0.0,2.0,1.8878102669722556,0.682066980696475,6.047136392804963e+20,0.7577478949588263,-9.305884013494287,1.0,0.3333333333333333,-0.6020456740349825,0.16666666666666666,-17.47649718655033,0.4,0.0,-0.11033425549698883,5.0,3.976848904743594,7,3.0,2.089942019337422e+22,E_Bcc2,-0.6301179620543089,2.8849446773529053,-0.6650267898169997
1.0,1.4944289922714233,1.0,-2.7318786516681173,2881.01611328125,-19.531283175239942,True,Bcc2,reset,True,0.5107669830322266,0.0,2.0,2.333340832642793,1.0663357236995477,7.032774277678985e+20,0.8976445870403437,-9.607311500688876,1.0,0.3333333333333333,-0.35003276184726534,0.16666666666666666,0.6321452081705602,0.25,0.0,-0.12413060982115413,5.0,6.683530999854539,8,3.0,2.089942019337422e+22,E_Bcc2,-0.4671285194305257,3.25506591796875,-0.5193098243236747
1.0,1.5726526975631714,1.0,-2.072476437790329,7529.6669921875,-7.452757506635503,True,Bcc2,reset,True,0.5939273834228516,0.0,2.0,2.8796921704245344,0.8134619746589594,8.069129317399337e+20,0.9436043320585782,-6.806156144935527,0.0,0.3333333333333333,0.1880951023121417,0.16666666666666666,0.5143183475692501,0.0,0.0,-0.07004839291412067,5.0,2.618379765645847,9,3.0,2.089942019337422e+22,E_Bcc2,-0.3679094861865493,3.532445192337036,-0.40238179030203836
1.0,1.6247267723083496,1.0,-3.2430785970786173,32606.46484375,-22.914308505334116,True,Bcc2,reset,True,0.6797046661376953,0.0,2.0,3.5656072195340593,1.1953243137718876,8.864713880932927e+20,0.9880076746681131,-3.030041893026224,0.0,0.3333333333333333,0.49860730535223274,0.16666666666666666,0.5883181078158196,0.25,0.0,-0.046940610108433665,5.0,7.759036257414255,10,3.0,2.089942019337422e+22,E_Bcc2,-0.34289434423704535,4.083656311035156,-0.3628002669086503
1.0,1.6887469291687012,1.0,-16.649880510771062,586189.5,-239.67260103484875,True,Bcc2,reset,True,0.7540531158447266,0.0,2.0,4.451143566120365,5.660798942777351,9.636556288294773e+20,0.9999016723903164,-0.013830266648665178,0.0,0.3333333333333333,0.8821181243687887,0.16666666666666666,0.9861543334401456,0.25,0.0,-0.020262027999023106,5.0,80.03749201972511,11,3.0,2.089942019337422e+22,E_Bcc2,-0.33251631756099065,4.6314568519592285,-0.43987502432657677
1.0,1.7416795492172241,1.0,-104.76000809517745,76979856.0,-16467.28473791878,True,Bcc2,reset,True,0.8160820007324219,0.0,2.0,5.694227781073254,35.02832351183719,1.0412894621191929e+21,0.9999994574872054,0.638613046669912,0.0,0.3333333333333333,0.7801360334866242,0.16666666666666666,0.8916645337720844,0.25,0.0,0.02618034171321461,5.0,5489.265285945949,12,3.0,2.089942019337422e+22,E_Bcc2,-0.32496244033413557,5.689868927001953,-0.5111199190644242
1.0,1.813387393951416,1.0,-3733.535643266009,218777763840.0,-11143734.468644354,True,Bcc2,reset,True,0.8663234710693359,0.0,2.0,7.255876419639833,1244.6181317845787,1.1045276455446071e+21,0.999998380258566,-0.3161865455021088,0.0,0.3333333333333333,-4.55368167474286,0.16666666666666666,-17.65088978103699,0.0,0.0,0.054948887856770406,5.0,3714578.3490411914,13,3.0,2.089942019337422e+22,E_Bcc2,-0.3187520877272856,7.180814743041992,-0.5784792196281074
1.0,1.8479931354522705,1.0,-64630.151678447124,2.7262665688612864e+16,-7355004896.4083805,True,Bcc2,reset,True,0.8902549743652344,0.0,2.0,9.315110283392762,21543.48900471295,1.1647611183218524e+21,0.9999999999508631,-176.70193720281063,0.0,0.3333333333333333,-0.9543085536699889,0.16666666666666666,-5.251993659898947,0.0,0.0,-0.018595724315057904,5.0,2451668299.03081,14,3.0,2.089942019337422e+22,E_Bcc2,-0.31533569171468945,9.738520622253418,-0.6840489995484034
1.0,1.9104965925216675,1.0,-127422.32024761142,2.4530161414365344e+21,-13291368234.531658,True,Bcc2,reset,True,0.9078598022460938,0.0,2.0,11.993587382462005,42474.20734447964,1.1956922991553473e+21,0.9999999999946164,-15999.510523395134,0.0,0.3333333333333333,-138.43113180019972,0.16666666666666666,-13473.996632652628,0.0,0.0,-0.09479114091437063,5.0,4430456078.416906,15,3.0,2.089942019337422e+22,E_Bcc2,-0.30178582749311755,12.93295955657959,-0.7190599605847217
1.0,1.9342732429504395,1.0,-248035.81053710773,7.32550681188216e+26,-71944953076.29936,True,Bcc2,reset,True,0.9218082427978516,0.0,2.0,15.443070866139132,82678.70102425067,5.327499700383175e+23,0.9999999999999998,-351428.2673947198,0.0,0.3333333333333333,-10.371183604435709,0.16666666666666666,-142.32349456675925,0.0,-35050.24421683516,-0.14263483579986502,5.0,23981651025.668774,16,3.0,7.32550681188216e+26,E_Bcc2,-0.2925356442568785,16.44478988647461,-0.7069570999229222
1.0,2.0106136798858643,1.0,-133613146.26576984,1.9825700841542257e+35,-3.864906164820337e+16,True,Bcc2,reset,True,0.9421157836914062,0.0,2.0,19.9221489349146,44537715.518450394,1.0331843157993188e+32,1.0,-2613971.804381444,0.0,0.3333333333333333,-2.8485593859313307,0.16666666666666666,-30.96555403313007,0.3333333333333333,-2613971.804381444,-0.1710012228103615,5.0,1.2883020549401122e+16,17,2.0,1.9825700841542257e+35,E_Bcc2,-0.28958133691899723,19.973175048828125,-0.6799674276130205
1.0,2.064114809036255,1.0,-13354.132640942844,3.4028234663852886e+38,-41832171.631836616,True,Bcc2,reset,True,0.9533958435058594,0.0,2.0,25.836331983646392,4451.476085359284,7.141463630987161e+35,1.0,-11.795396400907114,0.0,0.3333333333333333,0.9999612821524705,0.16666666666666666,0.9999999996228597,0.3333333333333333,-11.795396400907114,-0.24147544691898137,5.0,13944057.448435163,18,2.0,3.4028234663852886e+38,E_Bcc2,-0.2956151350105205,27.67744255065918,-0.7134688741394954
1.0,2.0906643867492676,1.0,-1.5782711992319873,3.4028234663852886e+38,-3.8075684497942675,True,Bcc2,reset,True,0.9649391174316406,0.0,2.0,33.531294431513516,0.6259504421677023,1.8041395322187738e+36,1.0,0.0,0.0,0.3333333333333333,0.9999999984730725,0.16666666666666666,1.0,0.0,0.0,-0.2447155794936235,5.0,1.5130624164572366,19,3.0,3.4028234663852886e+38,E_Bcc2,-0.2995801272711196,35.89371109008789,-0.7316187995774424
-1.2157962227491557,0.6975175142288208,-0.15069826041131673,1.0,3.017770290374756,1.0,True,Bcc3,reset,True,0.19561767578125,1.0,2.0,0.8681496941077004,1.377605246636745,4.044053149507869e+20,0.0,0.28093168699741694,0.0,0.3333333333333333,0.865405821301581,0.0,0.0,0.0,0.0,0.0,2.0,0.05023275347043891,1,3.0,2.089942019337422e+22,E_Bcc3,-2.917019517161079,1.5560671091079712,0.17065572407673812
0.00025480149674184105,0.7548437118530273,0.014892104530482508,1.0,4.575236797332764,1.0,True,Bcc3,reset,True,0.214324951171875,1.0,2.0,1.0198982350899661,0.06061402456785133,3.4411119231993905e+20,-0.34144601718730305,0.06334668211263249,0.5,0.3333333333333333,-0.6079773920599338,0.0,1.0,0.0,0.0,-0.010541338392606696,2.0,0.0,2,3.0,2.089942019337422e+22,E_Bcc3,-0.18184207370355399,1.603204607963562,0.18069311977890246
-0.16062005921208122,0.9993427395820618,-0.006937405952853082,1.0,11.42733383178711,1.0,True,Bcc3,reset,True,0.2512168884277344,1.0,2.0,1.1192838592554952,0.1644304408106035,2.6060385663507297e+20,-0.5102833861782433,-0.5792674448320642,0.5,0.3333333333333333,0.8304736908464133,0.0,0.9167520569049885,0.2,0.0,-0.005152268976909711,2.0,0.006858755891514449,3,4.0,2.089942019337422e+22,E_Bcc3,-0.3326712632197293,1.6448357105255127,-0.013638861721690265
0.30450826506510453,0.8341153264045715,0.17169669213797223,1.0,15.865038871765137,1.0,True,Bcc3,reset,True,0.3302192687988281,1.0,1.0,0.9338640574651408,0.21728158759286145,1.9915648842054772e+20,0.554464749913323,-0.17036301045663274,0.5,0.6666666666666666,0.6439769838567387,0.5,1.0,0.2,0.0,-0.06846728435881541,2.0,0.0,4,4.0,2.089942019337422e+22,E_Bcc3,-0.6518447627785844,1.8639147281646729,0.0929898386262823
0.45009531443133555,2.040900945663452,0.6084305992773006,1.0,18.81481170654297,1.0,True,Bcc3,reset,True,0.37409019470214844,0.0,2.0,1.0627379091960647,0.3956695053354397,2.8699942387183832e+20,-0.8122685550041342,0.3599705691234679,1.0,0.3333333333333333,0.2608758721558725,0.2,-0.35871728498210653,0.4,0.0,-0.07097738975148811,4.0,0.1311530571850347,5,3.0,2.089942019337422e+22,E_Bcc3,-1.187008516006319,2.0532639026641846,-0.3934591715551041
0.43626637298456583,2.580021381378174,-1.8224813373371171,1.0,21.362071990966797,1.0,True,Bcc3,reset,True,0.412200927734375,0.0,2.0,1.1779519518456885,0.14196300491606503,3.501964739992472e+20,-0.3652584342894105,0.48992755343909616,1.0,0.3333333333333333,0.6167548660513967,0.0,-3.4433737590267732,0.4,0.0,0.011503077650228991,5.0,0.8309558540387822,6,3.0,2.089942019337422e+22,E_Bcc3,-0.42588901474819507,2.169032573699951,-0.6703862247792296
-1.4046996545975952,5.847514629364014,-4.965004286211802,1.0,22.881040573120117,1.0,True,Bcc3,reset,True,0.44388389587402344,0.0,2.0,1.316846060350144,0.5557461847861321,3.856352106538537e+20,0.0009235434576649096,0.6051223002012661,1.0,0.3333333333333333,-0.3053421385227164,0.16666666666666666,-7.413451635220565,0.4,0.0,0.1346421028377798,5.0,1.810896599220986,7,3.0,2.089942019337422e+22,E_Bcc3,-0.26253889976080136,2.2484307289123535,-0.4676855114511551
-1.1431757946017536,10.857802391052246,-1.8999391962189365,1.0,22.878780364990234,1.0,True,Bcc3,reset,True,0.46366310119628906,0.0,2.0,1.4596089770779979,0.44350276387938803,4.214390937988814e+20,0.25633479187169844,0.9157650146527991,1.0,0.3333333333333333,0.43850398340805413,0.16666666666666666,0.9589040547159084,0.0,0.0,0.21311698800615983,5.0,0.7466696924309838,8,4.0,2.089942019337422e+22,E_Bcc3,-0.18733249703641053,2.278521776199341,-0.3400698810740148
-0.7086356008376351,19.778371810913086,-1.5958784913789494,1.0,23.79931640625,1.0,True,Bcc3,reset,True,0.492156982421875,0.0,2.0,1.6269177484308037,0.2913734024917931,4.746192038531134e+20,0.29074328311739195,0.9753267733881628,0.0,0.3333333333333333,0.7091843258706193,0.16666666666666666,0.8827146037553267,-0.3333333333333333,0.0,0.2097468035009066,5.0,0.6323024697264947,9,4.0,2.089942019337422e+22,E_Bcc3,-0.16548460663774422,2.6087849140167236,-0.30102891780053476
-0.22601796265248897,19.156715393066406,-0.41383316301819684,1.0,25.389375686645508,1.0,True,Bcc3,reset,True,0.5188140869140625,0.0,2.0,1.819958331499453,0.12395529708886799,5.149642915398712e+20,0.8586017247948581,0.9968619643943224,0.0,0.3333333333333333,0.9480055080389568,0.16666666666666666,0.9861774501715602,0.0,0.0,0.2761171801636673,5.0,0.2605158675300627,10,4.0,2.089942019337422e+22,E_Bcc3,-0.145847928614115,2.823549509048462,-0.3677144395719911
-0.2228745150751208,19.59375762939453,-0.18305109279492537,1.0,25.571561813354492,1.0,True,Bcc3,reset,True,0.5474643707275391,0.0,2.0,2.0170078633735917,0.11138106025605847,5.426313769164344e+20,0.9988591497523155,0.99995577330653,0.0,0.3333333333333333,0.9976805732855908,0.16666666666666666,0.9999760972719822,0.0,0.0,0.276657869374657,5.0,0.13817423629990114,11,4.0,2.089942019337422e+22,E_Bcc3,-0.1112686656930546,3.283595561981201,-0.23147161610477807
-0.21968223809777787,26.411725997924805,-0.4283238152479085,1.0,27.3559513092041,1.0,True,Bcc3,reset,True,0.5723609924316406,0.0,2.0,2.1953477170359417,0.10219175959019888,5.555381764048337e+20,0.9999917730564811,0.9999998715757029,0.0,0.3333333333333333,0.9993585680570499,0.16666666666666666,0.9999965522306732,0.0,0.0,0.3471090601107488,5.0,0.1746955188209444,12,4.0,2.089942019337422e+22,E_Bcc3,-0.08689304067281878,3.814734935760498,-0.09576274121492467
-0.006220499435394933,43.337520599365234,-0.7352564354402209,1.0,25.06047821044922,1.0,True,Bcc3,reset,True,0.5830154418945312,0.0,2.0,2.353053647282294,0.02287411444096432,5.700457760304698e+20,0.9999612903574857,0.9999999998492339,0.0,0.3333333333333333,0.9998979321070837,0.16666666666666666,0.9999985189475078,0.0,0.0,0.4450431735748214,5.0,0.2949717458921542,13,3.0,2.089942019337422e+22,E_Bcc3,-0.06240184388749803,4.216747760772705,-0.14965880223624173
-0.04721060112590392,57.07319259643555,-0.43373091519493734,1.0,26.843996047973633,1.0,True,Bcc3,reset,True,0.5997333526611328,0.0,2.0,2.5106725032447472,0.036575643908859735,5.869459434615275e+20,0.9999999984824598,0.999999999999825,0.0,0.3333333333333333,0.9999966820558298,0.16666666666666666,0.999999999496414,0.0,0.0,0.5376437110093272,5.0,0.197477090764566,14,3.0,2.089942019337422e+22,E_Bcc3,-0.0625163306006753,4.420464515686035,-0.15870035709876062
0.11801912325608699,31.48772430419922,0.36380361524475235,1.0,31.981468200683594,1.0,True,Bcc3,reset,True,0.6188945770263672,0.0,2.0,2.705065767741019,0.021282745316570113,6.147993077245824e+20,0.9999999999112728,0.9999999999999998,0.0,0.3333333333333333,0.9999301346051443,0.16666666666666666,0.9999998395787957,0.0,0.0,0.6262077165986438,5.0,0.052745029858669724,15,3.0,2.089942019337422e+22,E_Bcc3,-0.06384823594971034,4.415673732757568,-0.15823508957600918
0.08955715260514963,44.9470329284668,0.29863986737793646,1.0,27.393665313720703,1.0,True,Bcc3,reset,True,0.6374931335449219,0.0,2.0,2.9232295774603507,0.02236717135804489,6.279227749208135e+20,0.9999999999999949,1.0,0.0,0.3333333333333333,0.99999692373962,0.16666666666666666,0.9999999996687821,0.0,0.0,0.6804971289030299,5.0,0.05542114199982939,16,3.0,2.089942019337422e+22,E_Bcc3,-0.06710151407413467,4.598282337188721,-0.16626342599948818
0.009016909411466822,34.91472625732422,0.018928662891214976,1.0,27.679561614990234,1.0,True,Bcc3,reset,True,0.6537818908691406,0.0,2.0,3.155223991341712,0.023017449335240265,6.583217913541477e+20,1.0,1.0,0.0,0.3333333333333333,0.9999999980110336,0.16666666666666666,0.9999999999999999,0.0,0.9999997244459782,0.7054655765184626,5.0,0.06314200361745155,17,3.0,2.089942019337422e+22,E_Bcc3,-0.0690523480057208,5.023724555969238,-0.18942601085235466
-0.37662089799320375,50.04441452026367,-0.6002154899458012,1.0,27.777435302734375,1.0,True,Bcc3,reset,True,0.6708030700683594,0.0,2.0,3.4121510399715547,0.15124089178489974,6.993590203919105e+20,1.0,1.0,0.0,0.3333333333333333,0.9999999986845438,0.16666666666666666,1.0,0.0,0.9999999999999993,0.7565718170860999,5.0,0.2754063897686703,18,3.0,2.089942019337422e+22,E_Bcc3,-0.07710177736149548,5.426985740661621,-0.22600367936020982
-1.4159409381526218,242.89549255371094,-9.57384188462484,1.0,30.841697692871094,1.0,True,Bcc3,reset,True,0.6907730102539062,0.0,2.0,3.7081614077744214,0.5015878525400719,7.46302144964902e+20,1.0,1.0,0.0,0.3333333333333333,0.9999999987764394,0.16666666666666666,1.0,0.0,0.9999999999999999,0.8008613795420267,5.0,3.274126524684817,19,3.0,2.089942019337422e+22,E_Bcc3,-0.08882261946759384,5.7425360679626465,-0.2485376894296094
-1.2157962227491557,0.6975175142288208,-0.15069826041131673,-26.572938252396565,4.196778297424316,0.3508396583382881,True,vel3,reset,True,0.19561767578125,1.0,2.0,0.8684435148346878,9.26291149171524,4.044053149507869e+20,0.0,0.0,0.0,0.3333333333333333,0.09499911703493517,0.0,0.0,0.3333333333333333,0.0,0.00253500338651631,2.0,0.05023275347043891,1,2.0,2.089942019337422e+22,E_vel3,1.0,1.5521224737167358,1.0
0.0024034599083530006,0.5875579714775085,-0.00843755780148503,-0.5844079880786464,5.102695941925049,-0.03200161944326396,True,vel3,reset,True,0.16419219970703125,2.0,2.0,0.916704383802737,0.19480266269288213,1.6103206356965225e+20,-0.04415959002996603,-0.04463600374974997,0.0,0.3333333333333333,-4.167752508705187,0.0,-10.3662194696554,0.0,0.0,-0.05627384637048257,2.0,0.013479725748249663,2,3.0,2.089942019337422e+22,E_vel3,1.0,1.6757583618164062,1.0
-0.10212202261496395,0.6141918301582336,-0.01271702518494755,-0.18800642868883388,5.960448741912842,-0.0033265279979746154,True,vel3,reset,True,0.14226531982421875,2.0,2.0,0.8740182394224871,0.0967094837679326,6.61567308263275e+19,0.07178620479864031,0.17626081522980472,0.0,0.3333333333333333,0.9002933899434691,0.0,0.9350906187876789,0.4,0.0,-0.16722633588486938,2.0,0.0053478510609740555,3,3.0,2.089942019337422e+22,E_vel3,1.0,1.9100544452667236,1.0
-0.023540834349341955,1.1398069858551025,-0.00988238877442793,0.13600288524860826,5.577151298522949,-0.004272861748783052,True,vel3,reset,True,0.14589500427246094,2.0,2.0,0.8619238541070808,0.007846944783113985,5.90442900425059e+19,0.3911822808933925,0.5885738675920928,0.0,0.3333333333333333,0.9871425233028551,0.5,0.9560946634937454,1.0,0.0,-0.08014756877592087,2.0,0.0047184168410703275,4,0.0,2.089942019337422e+22,E_vel3,1.0,1.8842906951904297,1.0
0.017647978851756285,1.0685882568359375,0.0013669808161589359,0.5978733277874644,7.240691661834717,0.003960003840958293,True,vel3,reset,True,0.17852210998535156,2.0,0.0,0.9227289632843656,0.0,1.2120103401363795e+20,0.05112058464899434,0.7536910899902903,0.0,1.0,1.0,0.4,1.0,1.0,0.0,0.03320404190136751,3.0,0.0,5,0.0,2.089942019337422e+22,E_vel3,1.0,1.853528618812561,1.0
-0.0046894083603243875,2.712907552719116,0.12978985026798273,-0.37455085952973444,7.928537368774414,0.003623566509873166,True,vel3,reset,True,0.2003803253173828,2.0,2.0,0.979351644763922,0.12641342263001962,1.660841614749744e+20,-0.43557721828597484,0.81068650760795,-1.0,0.3333333333333333,0.6587327161932961,0.4,1.0,1.0,0.0,0.14478668325464908,3.0,0.0,6,0.0,2.089942019337422e+22,E_vel3,1.0,1.8765718936920166,1.0
0.009245950304245798,1.6132051944732666,-0.060972909178088175,-0.4101512639488569,7.272392749786377,0.0022286966762441462,True,vel3,reset,True,0.21947669982910156,2.0,2.0,1.0292513183899947,0.13671708798295232,2.1036373958239768e+20,0.724376007325127,0.8744940942746189,-1.0,0.3333333333333333,0.6788775507852688,0.5,0.9055729957839262,1.0,0.0,0.2939228959358395,3.0,0.020324303059362725,7,0.0,2.089942019337422e+22,E_vel3,1.0,1.8345767259597778,1.0
-0.0023887680317400406,1.382206916809082,-0.010361703134899702,-0.3924104655329341,11.071041107177734,0.0013258976292377378,True,vel3,reset,True,0.23389244079589844,2.0,2.0,1.0881977610149234,0.13159974452155807,2.2338342832345884e+20,0.9053308250192248,0.9592386932098698,-1.0,0.3333333333333333,0.8333883385821064,0.5,0.9998099007770109,1.0,0.0,0.35615324996782666,3.0,0.0034539010449665675,8,0.0,2.089942019337422e+22,E_vel3,1.0,1.8643417358398438,1.0
-0.0010692984435225483,1.5541675090789795,0.005540619894621401,-0.25719638816729384,9.426671981811523,0.0005333368748172695,True,vel3,reset,True,0.24834251403808594,2.0,2.0,1.1589302181203067,0.08608856220360546,2.4759946106879345e+20,0.9442672149399699,0.9902271808974474,-1.9999999999999998e+30,0.3333333333333333,0.9140762230252782,0.5,1.0,1.0,0.0,0.4497748919887432,3.0,0.0,9,0.0,2.089942019337422e+22,E_vel3,1.0,1.816403865814209,1.0
-0.0019603910602139507,0.9250233173370361,-0.025612326790013684,-0.182258010398483,8.754176139831543,3.234397792695187e-05,True,vel3,reset,True,0.2559967041015625,2.0,2.0,1.219263293572597,0.061406133819565646,2.6836494321613446e+20,0.9931722793332652,0.9989180152846525,-1.9999999999999998e+30,0.3333333333333333,0.9742424825221375,0.5,0.9995470171463594,1.0,0.0,0.5387440120473289,3.0,0.008537442263337894,10,0.0,2.089942019337422e+22,E_vel3,1.0,1.7991573810577393,1.0
-0.0018294525059598943,0.91741943359375,-0.00780281040273878,-0.04802878592802795,7.569247245788574,-0.0011667135511097548,True,vel3,reset,True,0.2647438049316406,2.0,2.0,1.2758961616038018,0.01661941281132928,2.8969614760828725e+20,0.9999465830797827,0.9999869087864018,-1.9999999999999998e+30,0.3333333333333333,0.9996539132419482,0.5,0.999999482788067,1.0,0.0,0.5898620794697466,3.0,0.002989841317949512,11,0.0,2.089942019337422e+22,E_vel3,1.0,1.8618119955062866,1.0
0.0036433194595915097,1.1683552265167236,0.0036684654345633394,-0.0197567675744601,8.002419471740723,-0.0006383483756475794,True,vel3,reset,True,0.2735767364501953,2.0,2.0,1.3287158427961083,0.0065855891914867,3.085682187162496e+20,0.9999996360710217,0.99999996243212,-1.9999999999999998e+30,0.3333333333333333,0.9999586639149037,0.5,0.999999995800545,1.0,0.0,0.6465589396372378,3.0,0.00021278279188252647,12,0.0,2.089942019337422e+22,E_vel3,1.0,2.065098285675049,1.0
-0.007202583919329042,0.8912934064865112,-0.005094841860716626,-0.09583045883081609,9.137882232666016,0.00011433713258246492,True,vel3,reset,True,0.28501319885253906,2.0,2.0,1.3789762345133736,0.03434434758338171,3.141511202698693e+20,0.9999992038850247,0.9999999999450258,-1.9999999999999998e+30,0.3333333333333333,0.9998467501244487,0.5,0.9999999914729367,1.0,0.0,0.7679548766751242,3.0,0.0016982806202388752,13,0.0,2.089942019337422e+22,E_vel3,1.0,1.763156533241272,1.0
5.588884685026052e-05,1.4184650182724,0.0033289389165012118,-0.041292200444857485,10.653767585754395,0.0005799481595680778,True,vel3,reset,True,0.2961006164550781,2.0,2.0,1.4203232182845076,0.013764066814952495,3.19045891556287e+20,0.999999999962284,0.9999999999999305,-1.9999999999999998e+30,0.3333333333333333,0.9999987513984618,0.5,1.0,1.0,0.0,0.8120547325258046,3.0,0.0,14,0.0,2.089942019337422e+22,E_vel3,1.0,1.7968943119049072,1.0
0.002726520390678222,1.7898744344711304,0.011282832858969138,-0.031926587828711606,10.935386657714844,-6.273643338938761e-05,True,vel3,reset,True,0.3020763397216797,2.0,2.0,1.4594450813133009,0.010642195942903868,3.276001280779903e+20,0.9999999999949565,1.0,-1.9999999999999998e+30,0.3333333333333333,0.9999650645999553,0.5,0.9999999999363968,1.0,0.0,0.8442339343015087,3.0,2.0912144463129206e-05,15,0.0,2.089942019337422e+22,E_vel3,1.0,1.8400918245315552,1.0
0.00023854085889207788,1.4436705112457275,-0.003063495330849486,-0.035454825525960576,10.332575798034668,7.306309186805304e-05,True,vel3,reset,True,0.3047046661376953,2.0,2.0,1.4874068692394462,0.011818275175320192,3.3601703575751714e+20,0.9999999999999999,1.0,-1.9999999999999998e+30,0.3333333333333333,0.9999983745780322,0.5,0.9999999999938971,1.0,0.0,0.8756026898245164,3.0,0.001021165110283162,16,0.0,2.089942019337422e+22,E_vel3,1.0,1.7903249263763428,1.0
-0.0025193553278566316,1.3235851526260376,-0.0014121138590483806,-0.05156580890324158,12.47103500366211,0.00035635102214193193,True,vel3,reset,True,0.30951499938964844,2.0,2.0,1.5152343433774103,0.018028388077032737,3.3057105990339756e+20,1.0,1.0,-1.9999999999999998e+30,0.3333333333333333,0.9999999984421446,0.5,1.0,1.0,0.9999997244459782,0.903785610088437,3.0,0.00047070461968279353,17,0.0,2.089942019337422e+22,E_vel3,1.0,1.6410801410675049,1.0
-0.0033077707850959204,0.9108110666275024,-0.001960645229657665,-0.05158281897316086,9.273887634277344,-0.00021325120866233505,True,vel3,reset,True,0.3111686706542969,2.0,2.0,1.528383118176503,0.01829686325275226,3.2555495302868776e+20,1.0,1.0,-1.9999999999999998e+30,0.3333333333333333,0.9999999998408583,0.5,1.0,1.0,0.9999999999999993,0.9161808532372752,3.0,0.0007246321461066666,18,0.0,2.089942019337422e+22,E_vel3,1.0,1.8686633110046387,1.0
0.002660121073085109,1.3391739130020142,0.0049488638522658945,-0.07996593639983152,9.427616119384766,0.0009959375625694378,True,vel3,reset,True,0.3159465789794922,2.0,1.0,1.5336526548478504,0.02665531213327717,3.254103902781947e+20,1.0,1.0,-1.9999999999999998e+30,0.6666666666666666,0.9999999999349777,0.5,1.0,1.0,0.9999999999999999,0.9281480067007835,3.0,0.0,19,0.0,2.089942019337422e+22,E_vel3,1.0,2.0719871520996094,1.0
1.0,0.3252949118614197,1.0,1.0,3.017770290374756,1.0,True,Bcc2;Bcc3,reset,True,0.19561767578125,0.0,1.0,0.76705058147494,0.972339839053693,4.044053149507869e+20,0.5336390768322606,0.28093168699741694,1.0,0.6666666666666666,0.9050008829650649,0.0,1.0,0.0,0.0,0.0,2.0,0.0,1,3.0,2.089942019337422e+22,E_Bcc2_Bcc3,-2.917019517161079,1.5560671091079712,0.17065572407673812
1.0,1.1869564056396484,1.0,1.0,4.575236797332764,1.0,True,Bcc2;Bcc3,reset,True,0.2330036163330078,0.0,1.0,0.9403393368599876,0.10850809497171528,4.121738109831063e+20,-1.109361074243514,0.06334668211263249,1.0,0.6666666666666666,-1.8785180461775652,0.0,1.0,0.0,0.0,-0.013642169621562134,2.0,0.0,2,3.0,2.089942019337422e+22,E_Bcc2_Bcc3,-0.32552428491514585,1.608124017715454,0.2366949687913208
1.0,0.4949367642402649,1.0,1.0,11.42733383178711,1.0,True,Bcc2;Bcc3,reset,True,0.2647876739501953,0.0,1.0,1.083654496802916,0.14817062268655654,3.044425520593632e+20,0.2520136059091176,-0.5792674448320642,1.0,0.6666666666666666,0.8472374174440527,0.0,0.2830518893485679,0.4,0.0,-0.03924782380268717,2.0,0.05906899191765532,3,3.0,2.089942019337422e+22,E_Bcc2_Bcc3,-0.4445118680596696,1.7006298303604126,-0.17720697575296596
1.0,1.0018171072006226,1.0,1.0,15.865038871765137,1.0,True,Bcc2;Bcc3,reset,True,0.33211708068847656,0.0,1.0,0.8845681718592306,0.4141931463989777,2.1712294487642112e+20,0.46488834185352235,-0.17036301045663274,1.0,0.6666666666666666,0.3213309287709008,0.5,1.0,0.4,0.0,-0.10879708705627052,2.0,0.0,4,3.0,2.089942019337422e+22,E_Bcc2_Bcc3,-1.2425794391969331,1.9342690706253052,0.15405232137623515
1.0,1.1177302598953247,1.0,1.0,18.81481170654297,1.0,True,Bcc2;Bcc3,reset,True,0.3703346252441406,0.0,1.0,1.0156311221855263,0.3097215656406079,3.2780857967834346e+20,0.007483725611970658,0.3599705691234679,1.0,0.6666666666666666,0.4214295542322462,0.2,-0.5792478632392093,0.4,0.0,-0.11880369568718355,4.0,0.1524402372782676,5,3.0,2.089942019337422e+22,E_Bcc2_Bcc3,-0.9291646969218237,2.14495587348938,-0.45732071183480283
1.0,1.3095003366470337,1.0,1.0,21.362071990966797,1.0,True,Bcc2;Bcc3,reset,True,0.41374778747558594,0.0,1.0,1.1606658373403187,0.14656266244319963,3.733134420844005e+20,0.30705753362509347,0.48992755343909616,1.0,0.6666666666666666,0.6043375720800086,0.2,-0.4539972942173348,0.4,0.0,-0.032763909186229075,4.0,0.2719122065597012,6,3.0,2.089942019337422e+22,E_Bcc2_Bcc3,-0.4396879873295989,2.2661664485931396,-0.8157366196791036
1.0,1.4178822040557861,1.0,1.0,22.881040573120117,1.0,True,Bcc2;Bcc3,reset,True,0.4512443542480469,0.0,1.0,1.3266685635450866,0.09506757758379636,4.1211819829997837e+20,0.7577478949588263,0.6051223002012661,1.0,0.6666666666666666,0.7767043329768197,0.3333333333333333,0.1748796662511006,0.4,0.0,0.08250307558661876,4.0,0.17759745596906792,7,3.0,2.089942019337422e+22,E_Bcc2_Bcc3,-0.2852027327513891,2.383901834487915,-0.5327923679072037
1.0,1.4944289922714233,1.0,1.0,22.878780364990234,1.0,True,Bcc2;Bcc3,reset,True,0.4758453369140625,0.0,1.0,1.4980493380369675,0.06747468073913872,4.700046006006386e+20,0.8976445870403437,0.9157650146527991,1.0,0.6666666666666666,0.9145737805004004,0.3333333333333333,0.9932590728009104,0.25,0.0,0.04276035761103341,4.0,0.12247549006720049,8,3.0,2.089942019337422e+22,E_Bcc2_Bcc3,-0.20242404221741617,2.7718114852905273,-0.36742647020160146
1.0,1.5726526975631714,1.0,1.0,23.79931640625,1.0,True,Bcc2;Bcc3,reset,True,0.5109043121337891,0.0,1.0,1.6894208453385748,0.0575457771953111,5.24141694286325e+20,0.9436043320585782,0.9753267733881628,0.0,0.6666666666666666,0.9425643732570104,0.3333333333333333,0.9795601065707502,0.0,0.0,0.010577815987904877,4.0,0.11019441047288936,9,3.0,2.089942019337422e+22,E_Bcc2_Bcc3,-0.1726373315859333,3.266281843185425,-0.3305832314186681
1.0,1.6247267723083496,1.0,1.0,25.389375686645508,1.0,True,Bcc2;Bcc3,reset,True,0.5279064178466797,0.0,1.0,1.8950229764450262,0.044704260690355525,5.523957003701338e+20,0.9880076746681131,0.9968619643943224,0.0,0.6666666666666666,0.9812482775833078,0.3333333333333333,0.9946655761405587,0.25,0.0,0.06630468527135555,4.0,0.10053876287398837,10,3.0,2.089942019337422e+22,E_Bcc2_Bcc3,-0.13411278207106658,3.6419360637664795,-0.3016162886219651
1.0,1.6887469291687012,1.0,1.0,25.571561813354492,1.0,True,Bcc2;Bcc3,reset,True,0.5531463623046875,0.0,1.0,2.0811771525313483,0.033570939464512506,5.6411158906524166e+20,0.9999016723903164,0.99995577330653,0.0,0.6666666666666666,0.9993009104632081,0.3333333333333333,0.9999902500843443,0.25,0.0,0.1407949600707985,4.0,0.056361229928267864,11,3.0,2.089942019337422e+22,E_Bcc2_Bcc3,-0.10071281839353752,3.9003422260284424,-0.1690836897848036
1.0,1.7416795492172241,1.0,1.0,27.3559513092041,1.0,True,Bcc2;Bcc3,reset,True,0.5747890472412109,0.0,1.0,2.2381892558485266,0.025555031341167583,5.795885668409386e+20,0.9999994574872054,0.9999998715757029,0.0,0.6666666666666666,0.9998395975030566,0.3333333333333333,0.9999994213039243,0.25,0.0,0.3040421058267003,4.0,0.0293220345088326,12,3.0,2.089942019337422e+22,E_Bcc2_Bcc3,-0.07666509402350274,4.066368103027344,-0.08796610352649781
1.0,1.813387393951416,1.0,1.0,25.06047821044922,1.0,True,Bcc2;Bcc3,reset,True,0.5875110626220703,0.0,1.0,2.3790600273553846,0.018860312191765576,5.98634997570718e+20,0.999998380258566,0.9999999998492339,0.0,0.6666666666666666,0.9999158423234208,0.3333333333333333,0.999999803765125,0.0,0.0,0.44979250841378426,4.0,0.03908284413411408,13,3.0,2.089942019337422e+22,E_Bcc2_Bcc3,-0.056580936575296725,4.180660724639893,-0.11724853240234223
1.0,1.8479931354522705,1.0,1.0,26.843996047973633,1.0,True,Bcc2;Bcc3,reset,True,0.6031322479248047,0.0,1.0,2.534324535131841,0.018770140394020068,6.217409253721617e+20,0.9999999999508631,0.999999999999825,0.0,0.6666666666666666,0.9999982972746003,0.3333333333333333,0.999999999886968,0.0,0.0,0.5568010725820272,4.0,0.04432457532849813,14,3.0,2.089942019337422e+22,E_Bcc2_Bcc3,-0.0563104211820602,4.237306118011475,-0.1329737259854944
1.0,1.9104965925216675,1.0,1.0,31.981468200683594,1.0,True,Bcc2;Bcc3,reset,True,0.6230010986328125,0.0,1.0,2.711496252194082,0.021457298866890556,6.316795322765678e+20,0.9999999999946164,0.9999999999999998,0.0,0.6666666666666666,0.999929561593884,0.3333333333333333,0.9999998508025651,0.0,0.0,0.6208543674616607,4.0,0.049054756756530406,15,3.0,2.089942019337422e+22,E_Bcc2_Bcc3,-0.06437189660067166,4.4789137840271,-0.14716427026959122
1.0,1.9342732429504395,1.0,1.0,27.393665313720703,1.0,True,Bcc2;Bcc3,reset,True,0.6431045532226562,0.0,1.0,2.914096865063721,0.023910315137831855,6.53926115242888e+20,0.9999999999999998,1.0,0.0,0.6666666666666666,0.999996711503929,0.3333333333333333,0.9999999996669705,0.0,0.0,0.6625058908908935,4.0,0.05572425627097618,16,3.0,2.089942019337422e+22,E_Bcc2_Bcc3,-0.07173094541349556,4.857212066650391,-0.16717276881292853
1.0,2.0106136798858643,1.0,1.0,27.679561614990234,1.0,True,Bcc2;Bcc3,reset,True,0.6617450714111328,0.0,1.0,3.15512951983241,0.025852018216384904,6.783720702712904e+20,1.0,1.0,0.0,0.6666666666666666,0.9999999977660949,0.3333333333333333,0.9999999999999999,0.0,0.9999997244459782,0.6954397336767117,4.0,0.06652018433833266,17,3.0,2.089942019337422e+22,E_Bcc2_Bcc3,-0.07755605464915472,5.194730281829834,-0.19956055301499798
1.0,2.064114809036255,1.0,1.0,27.777435302734375,1.0,True,Bcc2;Bcc3,reset,True,0.6813831329345703,0.0,1.0,3.430659651290051,0.02881226010309179,7.260281613965458e+20,1.0,1.0,0.0,0.6666666666666666,0.999999999749398,0.3333333333333333,1.0,0.0,0.9999999999999993,0.7456867116591459,4.0,0.07688668784662019,18,3.0,2.089942019337422e+22,E_Bcc2_Bcc3,-0.08643678030927537,5.669658184051514,-0.23066006353986057
1.0,2.0906643867492676,1.0,1.0,30.841697692871094,1.0,True,Bcc2;Bcc3,reset,True,0.7036552429199219,0.0,1.0,3.76143672900419,0.03319978549517969,7.92565274028849e+20,1.0,1.0,0.0,0.6666666666666666,0.9999999999190133,0.3333333333333333,1.0,0.0,0.9999999999999999,0.7891120899641103,4.0,0.08340723950381086,19,3.0,2.089942019337422e+22,E_Bcc2_Bcc3,-0.09959935648553908,6.081348896026611,-0.2502217185114326
1.0,0.3252949118614197,1.0,1.0,3.017770290374756,1.0,True,Bcc2;Bcc3;vel3,reset,True,0.19561767578125,0.0,0.0,0.7397556369384499,0.0,4.044053149507869e+20,0.5336390768322606,0.28093168699741694,1.0,1.0,1.0,0.0,1.0,0.3333333333333333,0.0,0.00253500338651631,2.0,0.0,1,2.0,2.089942019337422e+22,E_targets,1.0,1.5521224737167358,1.0
1.0,1.1869564056396484,1.0,1.0,4.575236797332764,1.0,True,Bcc2;Bcc3;vel3,reset,True,0.2151622772216797,0.0,0.0,0.8621635408755279,0.0,3.426384251108221e+20,-1.109361074243514,0.06334668211263249,1.0,1.0,1.0,0.0,1.0,0.3333333333333333,0.0,-0.05627384637048257,2.0,0.0,2,2.0,2.089942019337422e+22,E_targets,1.0,1.6757583618164062,1.0
1.0,0.4949367642402649,1.0,1.0,11.42733383178711,1.0,True,Bcc2;Bcc3;vel3,reset,True,0.23094749450683594,0.0,0.0,0.9720838915165055,0.0,2.421222769281927e+20,0.2520136059091176,-0.5792674448320642,1.0,1.0,1.0,0.0,1.0,0.6,0.0,-0.16722633588486938,2.0,0.0,3,2.0,2.089942019337422e+22,E_targets,1.0,1.9100544452667236,1.0
1.0,1.0018171072006226,1.0,1.0,15.865038871765137,1.0,True,Bcc2;Bcc3;vel3,reset,True,0.30054473876953125,0.0,0.0,0.7686816978254536,0.0,2.1112530563268562e+20,0.46488834185352235,-0.17036301045663274,1.0,1.0,1.0,0.5,1.0,1.0,0.0,-0.08014756877592087,2.0,0.0,4,0.0,2.089942019337422e+22,E_targets,1.0,1.8842906951904297,1.0
1.0,1.1177302598953247,1.0,1.0,18.81481170654297,1.0,True,Bcc2;Bcc3;vel3,reset,True,0.3408012390136719,0.0,0.0,0.8655769302429623,0.0,2.1300480882546478e+20,0.007483725611970658,0.3599705691234679,1.0,1.0,1.0,0.6,1.0,1.0,0.0,0.03320404190136751,2.0,0.0,5,0.0,2.089942019337422e+22,E_targets,1.0,1.853528618812561,1.0
1.0,1.3095003366470337,1.0,1.0,21.362071990966797,1.0,True,Bcc2;Bcc3;vel3,reset,True,0.3679962158203125,0.0,0.0,0.8856949987982446,0.0,2.0694518523942905e+20,0.30705753362509347,0.48992755343909616,1.0,1.0,1.0,0.6,1.0,1.0,0.0,0.14478668325464908,2.0,0.0,6,0.0,2.089942019337422e+22,E_targets,1.0,1.8765718936920166,1.0
1.0,1.4178822040557861,1.0,1.0,22.881040573120117,1.0,True,Bcc2;Bcc3;vel3,reset,True,0.37886810302734375,0.0,0.0,0.9035831282881284,0.0,2.0928088657901955e+20,0.7577478949588263,0.6051223002012661,1.0,1.0,1.0,0.6666666666666666,1.0,1.0,0.0,0.2939228959358395,2.0,0.0,7,0.0,2.089942019337422e+22,E_targets,1.0,1.8345767259597778,1.0
1.0,1.4944289922714233,1.0,1.0,22.878780364990234,1.0,True,Bcc2;Bcc3;vel3,reset,True,0.3847999572753906,0.0,0.0,0.9104861905942719,0.0,2.0740469218483392e+20,0.8976445870403437,0.9157650146527991,1.0,1.0,1.0,0.6666666666666666,1.0,1.0,0.0,0.35615324996782666,2.0,0.0,8,0.0,2.089942019337422e+22,E_targets,1.0,1.8643417358398438,1.0
1.0,1.5726526975631714,1.0,1.0,23.79931640625,1.0,True,Bcc2;Bcc3;vel3,reset,True,0.3901691436767578,0.0,0.0,0.9179381634497086,0.0,2.0574417642740066e+20,0.9436043320585782,0.9753267733881628,0.0,1.0,1.0,0.6666666666666666,1.0,1.0,0.0,0.4497748919887432,2.0,0.0,9,0.0,2.089942019337422e+22,E_targets,1.0,1.816403865814209,1.0
1.0,1.6247267723083496,1.0,1.0,25.389375686645508,1.0,True,Bcc2;Bcc3;vel3,reset,True,0.3932666778564453,0.0,0.0,0.9140462840427014,0.0,1.990584398988376e+20,0.9880076746681131,0.9968619643943224,0.0,1.0,1.0,0.6666666666666666,1.0,1.0,0.0,0.5387440120473289,2.0,0.0,10,0.0,2.089942019337422e+22,E_targets,1.0,1.7991573810577393,1.0
1.0,1.6887469291687012,1.0,1.0,25.571561813354492,1.0,True,Bcc2;Bcc3;vel3,reset,True,0.3918609619140625,0.0,0.0,0.9118785005638695,0.0,1.955420055230659e+20,0.9999016723903164,0.99995577330653,0.0,1.0,1.0,0.6666666666666666,1.0,1.0,0.0,0.5898620794697466,2.0,0.0,11,0.0,2.089942019337422e+22,E_targets,1.0,1.8618119955062866,1.0
1.0,1.7416795492172241,1.0,1.0,27.3559513092041,1.0,True,Bcc2;Bcc3;vel3,reset,True,0.3948097229003906,0.0,0.0,0.9105305315247341,0.0,1.9532200125925484e+20,0.9999994574872054,0.9999998715757029,0.0,1.0,1.0,0.6666666666666666,1.0,1.0,0.0,0.6465589396372378,2.0,0.0,12,0.0,2.089942019337422e+22,E_targets,1.0,2.065098285675049,1.0
1.0,1.813387393951416,1.0,1.0,25.06047821044922,1.0,True,Bcc2;Bcc3;vel3,reset,True,0.3933677673339844,0.0,0.0,0.9112217147137531,0.0,1.9472170925491854e+20,0.999998380258566,0.9999999998492339,0.0,1.0,1.0,0.6666666666666666,1.0,1.0,0.0,0.7679548766751242,2.0,0.0,13,0.0,2.089942019337422e+22,E_targets,1.0,1.763156533241272,1.0
1.0,1.8479931354522705,1.0,1.0,26.843996047973633,1.0,True,Bcc2;Bcc3;vel3,reset,True,0.39328575134277344,0.0,0.0,0.9105697184522855,0.0,1.917619999393824e+20,0.9999999999508631,0.999999999999825,0.0,1.0,1.0,0.6666666666666666,1.0,1.0,0.0,0.8120547325258046,2.0,0.0,14,0.0,2.089942019337422e+22,E_targets,1.0,1.7968943119049072,1.0
1.0,1.9104965925216675,1.0,1.0,31.981468200683594,1.0,True,Bcc2;Bcc3;vel3,reset,True,0.3927116394042969,0.0,0.0,0.9186335444784166,0.0,1.8888298670707743e+20,0.9999999999946164,0.9999999999999998,0.0,1.0,1.0,0.6666666666666666,1.0,1.0,0.0,0.8442339343015087,2.0,0.0,15,0.0,2.089942019337422e+22,E_targets,1.0,1.8400918245315552,1.0
1.0,1.9342732429504395,1.0,1.0,27.393665313720703,1.0,True,Bcc2;Bcc3;vel3,reset,True,0.3925895690917969,0.0,0.0,0.9190677965768783,0.0,1.8687966914073602e+20,0.9999999999999998,1.0,0.0,1.0,1.0,0.6666666666666666,1.0,1.0,0.0,0.8756026898245164,2.0,0.0,16,0.0,2.089942019337422e+22,E_targets,1.0,1.7903249263763428,1.0
1.0,2.0106136798858643,1.0,1.0,27.679561614990234,1.0,True,Bcc2;Bcc3;vel3,reset,True,0.39148902893066406,0.0,0.0,0.9102872438055503,0.0,1.854158503471143e+20,1.0,1.0,0.0,1.0,1.0,0.6666666666666666,1.0,1.0,0.9999997244459782,0.903785610088437,2.0,0.0,17,0.0,2.089942019337422e+22,E_targets,1.0,1.6410801410675049,1.0
1.0,2.064114809036255,1.0,1.0,27.777435302734375,1.0,True,Bcc2;Bcc3;vel3,reset,True,0.391632080078125,0.0,0.0,0.9117562980989078,0.0,1.812986014663949e+20,1.0,1.0,0.0,1.0,1.0,0.6666666666666666,1.0,1.0,0.9999999999999993,0.9161808532372752,2.0,0.0,18,0.0,2.089942019337422e+22,E_targets,1.0,1.8686633110046387,1.0
1.0,2.0906643867492676,1.0,1.0,30.841697692871094,1.0,True,Bcc2;Bcc3;vel3,reset,True,0.3933753967285156,0.0,0.0,0.9146746023990379,0.0,1.7826223770844774e+20,1.0,1.0,0.0,1.0,1.0,0.6666666666666666,1.0,1.0,0.9999999999999999,0.9281480067007835,2.0,0.0,19,0.0,2.089942019337422e+22,E_targets,1.0,2.0719871520996094,1.0
