center_morphology_variance,channel,dynamic_span,ground_truth_available,magnetic_texture_high_k_energy,outer_shell_variance,outermost_two_shell_variance_mean,polar_morphology_variance,radial_profile_variance,source,standard_deviation,step,total_variation,view
3.8352841130750575e+42,Bcc1,9611648.675771492,True,1.5003959014585718e+47,31759936551.280876,31718554596.529854,1.5455776938792206e+42,1.8095459707288224e+40,stage_o_p3_localno,9.795508293029821e+20,1,4.3235105041061585e+19,spherical-coordinate adapted views
0.002104361411334201,Bcc2,0.0938287184946239,True,34.747430248029914,2.0375757026781704e-07,1.9573347554658986e-07,0.0011941920346320118,0.0001467223509154773,stage_o_p3_localno,0.023162880112864565,1,0.001840213235948824,spherical-coordinate adapted views
0.3892857011653413,Bcc3,2.2852952814102183,True,3309.1083556862864,3.6057772878803274e-07,3.5188728864174913e-07,0.1931673558042668,0.00016878065846257656,stage_o_p3_localno,0.3123560623369414,1,0.012961003403936097,spherical-coordinate adapted views
0.15507501589570374,rho,1.2092733681706704,True,5445.988659333971,0.2972128144565819,0.29691682703666994,0.09883775574071815,0.03562228870775136,stage_o_p3_localno,0.3923615751688645,1,0.047447969313663595,spherical-coordinate adapted views
7.654581955538937e-05,press,0.018926646707361883,True,1.7759066741653016,1.1229414208331308e-06,1.105069092821469e-06,5.2027013410122386e-05,1.4837415517110542e-05,stage_o_p3_localno,0.005902979406232119,1,0.0007877991739709645,spherical-coordinate adapted views
0.5660724922089106,vel1,2.94883839040996,True,11933.77479393841,0.04977436122372767,0.048977734301809746,0.094069098770605,0.06915607498472195,stage_o_p3_localno,0.49586211241180356,1,0.0857736716514975,spherical-coordinate adapted views
0.0003563838769583068,vel2,0.07146305963397026,True,2.7344684309757206,9.970523249876917e-06,9.818612235463645e-06,0.00014353892945954188,8.738739125810276e-06,stage_o_p3_localno,0.01098654393884237,1,0.0015500360902728466,spherical-coordinate adapted views
0.12871763281792503,vel3,1.3175688561517744,True,1226.3923570600723,0.0001626916071773372,0.00016250984765814753,0.10983548588894788,0.07306439854954454,stage_o_p3_localno,0.2910575417399338,1,0.013056288723779284,spherical-coordinate adapted views
0.1240102676338257,Bcc1,0.5605139695107938,True,3375.7503376330465,0.0001615939860479118,0.00015695012718541435,0.0911359169348727,0.0019380655876693373,stage_k_canonical_localno,0.184501187737027,1,0.014694065532723581,spherical-coordinate adapted views
0.0010843583465897323,Bcc2,0.08472747952677309,True,15.201602655295257,3.1201521611671714e-08,2.7999093252529137e-08,0.00034905081118555287,0.0002425128425825502,stage_k_canonical_localno,0.02386270273711057,1,0.0026589117991326823,spherical-coordinate adapted views
1.523470146506212e-05,Bcc3,0.010797557421028614,True,0.11310424199063807,7.282155128007242e-08,7.262383641498868e-08,1.1663049565254924e-05,7.047399360500203e-08,stage_k_canonical_localno,0.002746722947046058,1,0.00029716770564793574,spherical-coordinate adapted views
0.0008400348527564464,rho,0.40329520049412176,True,184.29535731482554,0.006566871179655894,0.006381804854424914,0.00017671770123620193,0.000910224880949625,stage_k_canonical_localno,0.1076727548015903,1,0.006972993876936617,spherical-coordinate adapted views
1.360250000954771e-05,press,0.01222872636873635,True,0.32842191715882163,1.0091467380792276e-08,1.0006216523442995e-08,4.733274507054482e-06,2.4421084300137467e-06,stage_k_canonical_localno,0.0020854661059708543,1,0.00022213202623649255,spherical-coordinate adapted views
0.06517313698722023,vel1,1.071620557308198,True,827.7819250045904,0.01569602416658116,0.01559653846332217,0.007612523451664486,0.027971167809581986,stage_k_canonical_localno,0.22143893209709492,1,0.02341828542749301,spherical-coordinate adapted views
0.00017356632060242893,vel2,0.04278084030374885,True,1.0126254134997952,1.1267251983279414e-06,1.0865060053448269e-06,3.1331304296407146e-05,1.8694528419057874e-07,stage_k_canonical_localno,0.006922402834410253,1,0.0008990727633573691,spherical-coordinate adapted views
0.0014403992972525036,vel3,0.10690718473866583,True,12.794709580167783,7.186382252763357e-05,6.646843601989211e-05,0.0017271122699392247,0.0005087673762727864,stage_k_canonical_localno,0.03602099348154701,1,0.003228485364827496,spherical-coordinate adapted views
0.03930160767830123,Bcc1,0.7243348392844207,True,100.90288741628424,0.0003071346451015955,0.0003024489816627517,0.027736722940847593,0.0013759243802526243,stage_g_fno_plain_background,0.12518882493913838,1,0.010013431088788181,spherical-coordinate adapted views
0.001079495664156951,Bcc2,0.08075627292040735,True,5.715722505899017,4.399350492049916e-09,4.3742635004895995e-09,0.00023839601453258159,0.00024218314797090862,stage_g_fno_plain_background,0.022693025113797043,1,0.001801711490192229,spherical-coordinate adapted views
2.0483462795471694e-05,Bcc3,0.010797557421028614,True,0.09219168695128242,5.1177222155797516e-08,5.113790486417185e-08,1.5156715519147287e-05,4.0281468927442307e-08,stage_g_fno_plain_background,0.0031591161699907207,1,0.0002056081538065204,spherical-coordinate adapted views
3.004789179676311e-06,rho,1.0916117220177057,True,5.187043825151314,0.11327518367074767,0.11272798549195194,1.306041888602565e-06,0.011631757169033056,stage_g_fno_plain_background,0.19053473330981407,1,0.006926354049136922,spherical-coordinate adapted views
8.178468098908278e-06,press,0.007862773021798261,True,0.06610178881115847,2.381606038826382e-08,2.380406273994629e-08,3.187403196582251e-07,1.019510102557306e-06,stage_g_fno_plain_background,0.0017767942779042217,1,0.00012716748020216367,spherical-coordinate adapted views
0.033181638145115086,vel1,0.9233669090270997,True,317.8184544003074,0.02720315747752039,0.02704707246687425,0.011269925986884926,0.02368933881586939,stage_g_fno_plain_background,0.20780139291092953,1,0.013684580816424813,spherical-coordinate adapted views
0.00029619288934491854,vel2,0.057156158220022915,True,0.8114701869037252,4.2629974523111725e-07,4.193566738097977e-07,5.147992387566498e-05,1.4327789474895618e-06,stage_g_fno_plain_background,0.008813093432579364,1,0.0007074620214035835,spherical-coordinate adapted views
0.001433523739772384,vel3,0.10671139796730131,True,7.5038887379877215,0.00014772490534149994,0.00014089761268214137,0.001559196355776682,0.0006177767827984582,stage_g_fno_plain_background,0.0366381977422146,1,0.0022809451634085262,spherical-coordinate adapted views
0.32619649850903515,Bcc1,1.7682985877990725,True,1079.9670853503092,3.7611408300567296e-05,3.761140710513084e-05,0.1466333544074378,2.859400756541619e-06,raw_truth,0.3028084281751852,1,0.008863861567414208,spherical-coordinate adapted views
0.008532339802348578,Bcc2,0.2943222220428288,True,7.890733109902325,9.948574711755917e-10,9.945270483281807e-10,0.0003059859148195384,0.0022135133758281137,raw_truth,0.06357393112564487,1,0.002293649844534316,spherical-coordinate adapted views
0.5148589207938135,Bcc3,2.6361044657230375,True,3176.7740035088605,6.110777285898552e-08,6.110302266217956e-08,0.26101914360056583,6.313079872695453e-06,raw_truth,0.3593643809876217,1,0.012910316893494584,spherical-coordinate adapted views
0.002585828281249136,rho,2.4798925441821122,True,847.9783057921014,0.05492439115778629,0.054919805508280135,1.1866576169986307e-05,0.03353259570029044,raw_truth,0.5471341337175383,1,0.02726610123697762,spherical-coordinate adapted views
0.00042205350073411024,press,0.07298213080561052,True,3.9014139440058644,7.608685399214915e-08,7.599618140468128e-08,1.934010688057869e-06,3.513281791147722e-05,raw_truth,0.01608985067455031,1,0.000767677203317331,spherical-coordinate adapted views
0.08233987498415718,vel1,1.1368193482235076,True,607.5719111184608,0.03939580071578028,0.03881823101607606,0.030348258032603083,0.023532157739558975,raw_truth,0.260396718609144,1,0.017647434658475594,spherical-coordinate adapted views
0.004095584066854813,vel2,0.23114405117929032,True,4.330921791422303,4.141198233011997e-08,4.141186530761419e-08,6.853343305612563e-05,7.120096514224044e-08,raw_truth,0.03205075031527821,1,0.002071296524322725,spherical-coordinate adapted views
0.14864020017373608,vel3,1.1708127098716796,True,994.5347847352158,9.993579396414006e-05,9.586406237084403e-05,0.09776515087184406,0.05972836291432311,raw_truth,0.26923618799810467,1,0.009780889709736175,spherical-coordinate adapted views
0.32619649945825313,Bcc1,1.7682988345623016,True,1079.9670740616891,3.7611408698766544e-05,3.761140750333246e-05,0.1466333550333968,2.8594014793836603e-06,p3_oracle,0.3028084285950354,1,0.008863861584793764,spherical-coordinate adapted views
0.00853233983028779,Bcc2,0.29432223858311773,True,7.890733142700865,9.948574623425874e-10,9.945270394148652e-10,0.0003059859152456889,0.0022135133792806167,p3_oracle,0.06357393120536979,1,0.0022936498420125795,spherical-coordinate adapted views
0.5148589229426781,Bcc3,2.636104619503021,True,3176.7740083900317,6.110777277052818e-08,6.110302257328846e-08,0.26101914509357355,6.3130829939285e-06,p3_oracle,0.3593643817397888,1,0.012910316929243252,spherical-coordinate adapted views
0.0025858282792405526,rho,2.479893090161113,True,847.9782791860565,0.054924392240548695,0.05491980660321551,1.1866576184595303e-05,0.0335325956703982,p3_oracle,0.5471341326883453,1,0.027266101108847293,spherical-coordinate adapted views
0.0004220535044476351,press,0.07298213825619722,True,3.9014140209934456,7.608685631527651e-08,7.599618371098194e-08,1.9340106979497604e-06,3.513281763364122e-05,p3_oracle,0.016089850618236076,1,0.0007676771971937164,spherical-coordinate adapted views
0.08233987486001756,vel1,1.1368193547427656,True,607.571912099333,0.03939580070666572,0.03881823099545089,0.03034825802913448,0.023532157718726965,p3_oracle,0.2603967184938563,1,0.01764743464807303,spherical-coordinate adapted views
0.0005880507614195648,vel2,0.07146305963397026,True,1.229248073727508,4.14119822486614e-08,4.141186522617843e-08,5.5884290237273596e-05,1.612358645367471e-08,p3_oracle,0.0122624358605357,1,0.0007805771969416365,spherical-coordinate adapted views
0.14864020023858696,vel3,1.1708127098716796,True,994.534785492345,9.993579386502089e-05,9.586406227472859e-05,0.0977651508996376,0.059728362940211985,p3_oracle,0.26923618805435184,1,0.00978088970617832,spherical-coordinate adapted views
0.17862675154928356,Bcc1,1.3487606835365296,True,647.4204654566603,3.753092203589891e-05,3.7530921214397586e-05,0.08655857590923627,1.5274605500651765e-06,p3_persistence,0.2278398923716166,1,0.006931017958535163,spherical-coordinate adapted views
0.0030954608927708377,Bcc2,0.19108650639653207,True,4.89980522482983,1.0024786688060187e-09,1.0019889703990856e-09,0.00022795099007525928,0.0007951699123133267,p3_persistence,0.03789914703032052,1,0.0015476707577063396,spherical-coordinate adapted views
0.32867107473771473,Bcc3,2.135194466114044,True,2059.1100369825676,5.4657278843110695e-08,5.465317242246882e-08,0.16267710291971263,4.0064829798747494e-06,p3_persistence,0.28716152271590883,1,0.010042697540249656,spherical-coordinate adapted views
3.202753918754312e-05,rho,1.4963402075386512,True,619.4146974550978,0.05518036756532078,0.055173899431733286,4.7868517642679375e-06,0.015266662316607891,p3_persistence,0.3656864687626106,1,0.020594735219475,spherical-coordinate adapted views
0.00012985393915211307,press,0.041007096378825755,True,1.767079805828021,7.659812813590829e-08,7.649496932648613e-08,1.908285471683177e-06,1.100728070146788e-05,p3_persistence,0.008642185681367131,1,0.000440370378856557,spherical-coordinate adapted views
0.08367675170572429,vel1,1.1315293161943556,True,638.0036105349213,0.03693169681167762,0.03640352860534482,0.025019781191966513,0.026960387465527622,p3_persistence,0.2606285666072869,1,0.016893927669694456,spherical-coordinate adapted views
0.0006262039112969236,vel2,0.07146305963397026,True,1.0881543004921996,4.1176061796308916e-08,4.1175954614795124e-08,6.810905922934527e-05,1.3785759682096823e-08,p3_persistence,0.012668515883206265,1,0.0008106865506398462,spherical-coordinate adapted views
0.1421789775006939,vel3,1.181883099405095,True,1012.0581815928887,9.069261039346378e-05,8.697798868315674e-05,0.09468962417739533,0.06369374336987893,p3_persistence,0.2729580266859052,1,0.009616399281964777,spherical-coordinate adapted views
5.911697163460826e+42,Bcc1,28910119.18953126,True,2.1243090552135754e+47,1.3029172596842287e+26,1.2979507928139277e+26,6.195530251036664e+41,1.728686991672791e+41,stage_o_p3_localno,1.2203160011478393e+21,3,6.220080565902101e+19,spherical-coordinate adapted views
0.0024027805506866813,Bcc2,0.09445036502555021,True,39.31108371690775,2.343295747274981e-07,2.268435197423308e-07,0.00150151893578178,0.0001736362372930087,stage_o_p3_localno,0.02484543032840382,3,0.002051500095708407,spherical-coordinate adapted views
0.6606487671683958,Bcc3,2.945875673294073,True,8137.250699528534,1.9898453851581933e-06,1.948510615270324e-06,0.28193212770541876,0.004714106479995022,stage_o_p3_localno,0.40679751257628316,3,0.025038016017341402,spherical-coordinate adapted views
0.2083779404226698,rho,1.2092733681706704,True,10801.689024496045,0.24229401269957626,0.2422537374572314,0.1093329320300011,0.02967637992671486,stage_o_p3_localno,0.38758847832511695,3,0.07523646045681781,spherical-coordinate adapted views
7.621308876800497e-05,press,0.018926646707361883,True,2.9674624532517835,9.390482144115101e-07,9.192790734074341e-07,5.140466246779807e-05,1.641654296407466e-05,stage_o_p3_localno,0.0062333956856940615,3,0.001156657629144698,spherical-coordinate adapted views
0.8015339356540668,vel1,3.5168697300553324,True,20214.510497292442,0.05095565727174452,0.048980454172090154,0.10696610801785762,0.08322483659760889,stage_o_p3_localno,0.565400797116001,3,0.11828616605017372,spherical-coordinate adapted views
0.000356085041906255,vel2,0.07146305963397026,True,5.277484888802944,7.678869869563709e-06,7.653787073594894e-06,0.00014774734717434585,9.593031541273743e-06,stage_o_p3_localno,0.010896121876116409,3,0.002047689314059284,spherical-coordinate adapted views
0.14885919555149923,vel3,1.4277827217336745,True,1765.1026034885356,0.0005150516474804912,0.0005083046363906906,0.11565759486423334,0.07587072965008032,stage_o_p3_localno,0.3010610754949326,3,0.019731878938658173,spherical-coordinate adapted views
0.009617318673245773,Bcc1,0.29193495228886607,True,267.1555613224822,7.446160794790865e-05,7.170021743938951e-05,0.007567716681793734,0.00022982931919965447,stage_k_canonical_localno,0.05826230119043932,3,0.007391009210788221,spherical-coordinate adapted views
0.0006357769505903343,Bcc2,0.07768774509313517,True,10.387204601573533,4.988520171968497e-08,3.921141511862768e-08,0.00028807138945509566,9.128192618640274e-05,stage_k_canonical_localno,0.016963203431836372,3,0.001931531880115919,spherical-coordinate adapted views
7.523788021536808e-06,Bcc3,0.010797557421028614,True,0.0887724959879184,5.9550053740198754e-08,5.935556172181292e-08,7.2082149512480074e-06,6.154733192459258e-08,stage_k_canonical_localno,0.002221663369720829,3,0.00027138938505060915,spherical-coordinate adapted views
5.7755689838581994e-05,rho,0.14006115016823983,True,232.58811629956642,0.0007067165106062227,0.0006556322645563848,1.0550718637558738e-05,0.0002639245424611426,stage_k_canonical_localno,0.06979659038878724,3,0.004725164881951543,spherical-coordinate adapted views
4.105943582238687e-06,press,0.0052016843872627425,True,0.11472084042737214,3.1115224657242303e-09,3.0741637843667977e-09,6.31507726554793e-07,5.157795606815394e-07,stage_k_canonical_localno,0.0011235057023254885,3,0.00012568225273309517,spherical-coordinate adapted views
0.04001274840189929,vel1,0.9272173872590068,True,513.1259311493282,0.01001952092972195,0.00970567290508784,0.006338864395422408,0.020652069931541693,stage_k_canonical_localno,0.1899551143527933,3,0.02148051184296068,spherical-coordinate adapted views
9.325295708152138e-05,vel2,0.030895384401082998,True,0.37034454582117016,1.1393754945640537e-06,1.0955246557584736e-06,1.7749104848298388e-05,3.046393035965496e-07,stage_k_canonical_localno,0.005357701965429943,3,0.0007399770907069223,spherical-coordinate adapted views
0.0004988663873237978,vel3,0.10670120492111891,True,6.610231063730676,3.7031378943513665e-05,3.253150666789484e-05,0.0009715412401274309,0.0001528545819972384,stage_k_canonical_localno,0.024501164059130647,3,0.0025433245877395532,spherical-coordinate adapted views
4.51048117227743,Bcc1,7.39896560907364,True,16175.932504837649,3.781535944205331e-05,3.781535694251506e-05,1.4223368612409943,4.5879521515737813e-05,raw_truth,1.0686807164249963,3,0.028617845829296332,spherical-coordinate adapted views
0.01476724237394321,Bcc2,0.47034618109464676,True,102.16421386385909,9.80594018498496e-10,9.804976119858102e-10,0.0029416065962689893,0.0008156661706763426,raw_truth,0.06099848230478877,3,0.002754997647063841,spherical-coordinate adapted views
5.3048792522828485,Bcc3,8.022727775573744,True,39549.90773601109,7.759652169611914e-08,7.759020927722449e-08,2.9899494750142313,3.850598629707383e-05,raw_truth,1.1520449779214847,3,0.036787661415064996,spherical-coordinate adapted views
66.34020016015066,rho,13.183743575619397,True,358782.76261929644,0.05441964522492453,0.0544179171150965,0.0019248545369070673,0.9832276281432564,raw_truth,4.168681715232094,3,0.15015593934899324,spherical-coordinate adapted views
0.20380870130111683,press,0.3137221709599779,True,2418.9148746328583,7.5082648116095e-08,7.501489361860974e-08,5.173159375202292e-05,0.003047757941073881,raw_truth,0.22874134073257849,3,0.007621149078371758,spherical-coordinate adapted views
0.04139734036590771,vel1,0.8071942478697748,True,360.2324334244779,0.04594688615636909,0.045213478995736675,0.04392383815563057,0.00954931441136607,raw_truth,0.23203778699236002,3,0.018388756545144404,spherical-coordinate adapted views
0.0008800943049763265,vel2,0.11974278107285505,True,4.5725194546431815,4.378587986160172e-08,4.378538906572911e-08,0.0001329653988355258,5.483722973893481e-08,raw_truth,0.014928742455501368,3,0.0008025589955870547,spherical-coordinate adapted views
0.08895050951026973,vel3,1.128379597037565,True,919.7966185006511,0.00011990711023801783,0.00011490422623523394,0.10130255056724434,0.059407501958235895,raw_truth,0.2572840098036638,3,0.009348672190803861,spherical-coordinate adapted views
4.5104811800696805,Bcc1,7.39896488904953,True,16175.932472272267,3.7815360154477655e-05,3.781535765493876e-05,1.4223368721510747,4.5879532270677673e-05,p3_oracle,1.0686807173439077,3,0.028617846074372396,spherical-coordinate adapted views
0.014767242425123258,Bcc2,0.47034613847732576,True,102.16421431697883,9.805940237423625e-10,9.804976172298464e-10,0.002941606577415944,0.0008156661774054565,p3_oracle,0.06099848241266884,3,0.002754997633398561,spherical-coordinate adapted views
5.304879295859402,Bcc3,8.022728252410904,True,39549.90775986788,7.759652154643562e-08,7.759020912754729e-08,2.989949509445544,3.850595360745755e-05,p3_oracle,1.1520449826458115,3,0.03678766160015374,spherical-coordinate adapted views
66.34019835929999,rho,13.18374412875102,True,358782.7540221048,0.05441964905320311,0.054417920936718114,0.0019248545477320944,0.9832276085561914,p3_oracle,4.168681660149619,3,0.15015593899334756,spherical-coordinate adapted views
0.20380870163647932,press,0.31372218347696934,True,2418.9149179595956,7.508264788852888e-08,7.50148933888554e-08,5.173159242766144e-05,0.003047757925071115,p3_oracle,0.2287413408951585,3,0.007621149059233082,spherical-coordinate adapted views
0.0413973403628154,vel1,0.8071942565217615,True,360.23243339966336,0.04594688625749128,0.04521347909222386,0.0439238381635598,0.009549314429145462,p3_oracle,0.2320377870831086,3,0.01838875653983099,spherical-coordinate adapted views
0.0003535723592286436,vel2,0.07146305963397026,True,0.9257618822118756,4.378587982865318e-08,4.378538903280307e-08,7.425078368198988e-05,2.2968287623420345e-08,p3_oracle,0.009551320565269137,3,0.0005336515679145273,spherical-coordinate adapted views
0.08895050955341133,vel3,1.128379597212188,True,919.7966224177802,0.00011990711022811742,0.00011490422622796579,0.10130255059687775,0.0594075019770469,p3_oracle,0.25728400984502814,3,0.009348672211131661,spherical-coordinate adapted views
0.17862675154928356,Bcc1,1.3487606835365296,True,647.4204654566603,3.753092203589891e-05,3.7530921214397586e-05,0.08655857590923627,1.5274605500651765e-06,p3_persistence,0.2278398923716166,3,0.006931017958535163,spherical-coordinate adapted views
0.0030954608927708377,Bcc2,0.19108650639653207,True,4.89980522482983,1.0024786688060187e-09,1.0019889703990856e-09,0.00022795099007525928,0.0007951699123133267,p3_persistence,0.03789914703032052,3,0.0015476707577063396,spherical-coordinate adapted views
0.32867107473771473,Bcc3,2.135194466114044,True,2059.1100369825676,5.4657278843110695e-08,5.465317242246882e-08,0.16267710291971263,4.0064829798747494e-06,p3_persistence,0.28716152271590883,3,0.010042697540249656,spherical-coordinate adapted views
3.202753918754312e-05,rho,1.4963402075386512,True,619.4146974550978,0.05518036756532078,0.055173899431733286,4.7868517642679375e-06,0.015266662316607891,p3_persistence,0.3656864687626106,3,0.020594735219475,spherical-coordinate adapted views
0.00012985393915211307,press,0.041007096378825755,True,1.767079805828021,7.659812813590829e-08,7.649496932648613e-08,1.908285471683177e-06,1.100728070146788e-05,p3_persistence,0.008642185681367131,3,0.000440370378856557,spherical-coordinate adapted views
0.08367675170572429,vel1,1.1315293161943556,True,638.0036105349213,0.03693169681167762,0.03640352860534482,0.025019781191966513,0.026960387465527622,p3_persistence,0.2606285666072869,3,0.016893927669694456,spherical-coordinate adapted views
0.0006262039112969236,vel2,0.07146305963397026,True,1.0881543004921996,4.1176061796308916e-08,4.1175954614795124e-08,6.810905922934527e-05,1.3785759682096823e-08,p3_persistence,0.012668515883206265,3,0.0008106865506398462,spherical-coordinate adapted views
0.1421789775006939,vel3,1.181883099405095,True,1012.0581815928887,9.069261039346378e-05,8.697798868315674e-05,0.09468962417739533,0.06369374336987893,p3_persistence,0.2729580266859052,3,0.009616399281964777,spherical-coordinate adapted views
4.896127883596897e+43,Bcc1,2.0899420193655448e+22,True,2.4793969807831363e+48,9.277432007092434e+42,9.170794856740727e+42,1.6325004492725588e+43,2.623086077718306e+42,stage_o_p3_localno,4.148609680192913e+21,5,6.673078586764705e+20,spherical-coordinate adapted views
0.004618672998760536,Bcc2,0.12541768334805967,True,116.27468644688109,7.854355087045427e-07,7.836767506389607e-07,0.0027662610699367954,0.00022043851408280884,stage_o_p3_localno,0.03450306585200263,5,0.0036930754368647415,spherical-coordinate adapted views
5.875169352802704,Bcc3,4.1712745320797,True,155369.60381663905,1.9933242869063697e-05,1.9589867420091272e-05,1.1031157771149098,0.18452453835604274,stage_o_p3_localno,1.2163984373772938,5,0.090233744695301,spherical-coordinate adapted views
0.2500643992859403,rho,1.2092733681706704,True,17887.576300984576,0.23105220601078558,0.23007781919102074,0.1240542776170363,0.03744747027928125,stage_o_p3_localno,0.4229716874289885,5,0.11340335205908897,spherical-coordinate adapted views
7.939907231342968e-05,press,0.018926646707361883,True,4.646660309288652,2.5799664008777798e-06,2.560955841834023e-06,5.256015761171895e-05,2.0979814545584804e-05,stage_o_p3_localno,0.007151185085723963,5,0.001712454495831457,spherical-coordinate adapted views
1.3936173820328313,vel1,3.990097210407257,True,61744.647070393905,0.08312226929814638,0.0818126057694728,0.275552507514647,0.1185004218575279,stage_o_p3_localno,0.7276611077774586,5,0.2064691720232896,spherical-coordinate adapted views
0.00044967227548129107,vel2,0.07146305963397026,True,15.402938971990057,3.363398241869257e-05,3.363369120987864e-05,0.0001619858493538272,1.7908000195022958e-05,stage_o_p3_localno,0.012890003782264146,5,0.003604880307423784,spherical-coordinate adapted views
0.17137512033290841,vel3,1.4908882905915386,True,4050.6081444167,0.002110419392715443,0.002074437177714153,0.13361895519480954,0.07792672769109484,stage_o_p3_localno,0.3248746805797284,5,0.04107524542667213,spherical-coordinate adapted views
0.0010556053432718721,Bcc1,0.19218433156609538,True,47.811147678727146,5.4948034731392394e-05,5.2737071688384456e-05,0.0018273057023540165,3.246026986713273e-05,stage_k_canonical_localno,0.030659481692210524,5,0.0051496111727533656,spherical-coordinate adapted views
0.0005809481439301757,Bcc2,0.07728038899425883,True,7.469664449772722,1.0022821019246771e-07,7.350297227117103e-08,0.0003184853159683874,7.060193153641926e-05,stage_k_canonical_localno,0.015465346171708168,5,0.001651851830022107,spherical-coordinate adapted views
4.559038485032738e-06,Bcc3,0.010797557421028614,True,0.08130189257862833,8.653922121439287e-08,8.621196152959276e-08,5.358010472153305e-06,4.393081688874085e-08,stage_k_canonical_localno,0.001986120016447029,5,0.0002695535157895918,spherical-coordinate adapted views
2.6841869222390282e-05,rho,0.10533034164640416,True,329.11595274524853,0.0001004629919273469,8.8196752831012e-05,3.186106820010627e-06,0.00013934735717041272,stage_k_canonical_localno,0.056820300757909614,5,0.004474323884331592,spherical-coordinate adapted views
3.9207628776735497e-07,press,0.001866542669006322,True,0.011811560004137005,1.4148008352048428e-09,1.408637435351865e-09,1.5859579022028977e-07,4.831504863592754e-08,stage_k_canonical_localno,0.0004101630259129729,5,6.822325490534767e-05,spherical-coordinate adapted views
0.02419498779824792,vel1,0.8017286667227752,True,428.19234543878696,0.009954335834764315,0.00922820499430178,0.007168768502941572,0.01580282077551417,stage_k_canonical_localno,0.16773346164898936,5,0.022750292683403128,spherical-coordinate adapted views
7.183067283900307e-05,vel2,0.028579350663349042,True,0.36287662738425647,1.8512044547741902e-06,1.7668249710190898e-06,1.529503812992968e-05,4.468726107134969e-07,stage_k_canonical_localno,0.00489502845699045,5,0.0007651992922902499,spherical-coordinate adapted views
0.000273246559753039,vel3,0.10688806885387749,True,5.259422416912023,3.9099696155286425e-05,3.3335877135866576e-05,0.0007442094981747273,8.413367841530859e-05,stage_k_canonical_localno,0.02053970659628525,5,0.0025115934918368693,spherical-coordinate adapted views
0.041538735576201954,Bcc1,0.6707821786403656,True,56.46890585936426,0.0003054834240032112,0.000305432047705548,0.029601589586721207,0.001451257553335505,stage_g_fno_plain_background,0.11757149545783581,5,0.008076877656086586,spherical-coordinate adapted views
0.0010585064913034383,Bcc2,0.07707592257065699,True,6.385606136368456,1.0078656880270894e-08,9.914178555118263e-09,0.0003297454296101664,0.00023748810814389483,stage_g_fno_plain_background,0.023276263287827375,5,0.0018480466356098745,spherical-coordinate adapted views
1.760138245634847e-05,Bcc3,0.010797557421028614,True,0.07024057157689256,9.39629038854715e-08,9.38985938657987e-08,1.2509923504881721e-05,7.682139957538333e-08,stage_g_fno_plain_background,0.002996097964233041,5,0.00021710848168342127,spherical-coordinate adapted views
7.952055056802164e-07,rho,0.6969892772328694,True,1.976577513982836,0.046289057882067594,0.04448663079793769,6.309607199808828e-07,0.004784870673342551,stage_g_fno_plain_background,0.12033219514802831,5,0.005290688479262819,spherical-coordinate adapted views
1.4501776684875483e-06,press,0.004064847112251187,True,0.011035966866070328,1.4451588010093073e-08,1.4432800312152046e-08,3.3395202808569257e-07,2.50900458178759e-07,stage_g_fno_plain_background,0.0009242240871450266,5,8.416477673637379e-05,spherical-coordinate adapted views
0.017945486089738845,vel1,0.7648831242322922,True,217.86664867953525,0.02033428221784011,0.02011398700537636,0.01224348999330015,0.020948814580431983,stage_g_fno_plain_background,0.18828950004231565,5,0.012690821022694027,spherical-coordinate adapted views
0.0002042604354752648,vel2,0.061791468616575,True,0.25403411295143585,9.354104380701929e-07,9.352403055879501e-07,4.105911163638715e-05,1.2946096278201987e-06,stage_g_fno_plain_background,0.007572786310618738,5,0.0006700563223669284,spherical-coordinate adapted views
0.0007756052217361739,vel3,0.10529022494331003,True,4.435108974916208,0.0002815984828315952,0.00026447995719812325,0.001102979450154293,0.00025460570252594424,stage_g_fno_plain_background,0.028227873167736443,5,0.0021066223640562065,spherical-coordinate adapted views
7.157857315837273,Bcc1,9.560849976539615,True,28762.452600948054,3.8100819947802626e-05,3.810081469610148e-05,3.172757210902108,8.232907444755887e-05,raw_truth,1.34547054230026,5,0.036095679837548265,spherical-coordinate adapted views
0.06694370776558646,Bcc2,1.0225746467709542,True,420.7866153402154,9.677510615727808e-10,9.677501677230346e-10,0.015836397126439524,0.003355529845376608,raw_truth,0.1305619535330638,5,0.005934723668903068,spherical-coordinate adapted views
17.798297112900954,Bcc3,15.675789561271674,True,118498.21168713563,1.0047933111204513e-07,1.00471099376116e-07,8.008682916786443,0.00022077362258234116,raw_truth,2.1100871098035348,5,0.07089262612049897,spherical-coordinate adapted views
81.08595713161517,rho,15.519378525359254,True,221184.2904686901,0.05392707189311388,0.05392685440473299,0.01092531979260553,1.3574244145395271,raw_truth,4.619983048555666,5,0.16637562621188162,spherical-coordinate adapted views
0.7608656894618461,press,0.7342978941736481,True,5737.662620771584,7.410551116730526e-08,7.405750156889563e-08,0.00038402339716478694,0.011691792118555817,raw_truth,0.44171683595834205,5,0.014156356071438536,spherical-coordinate adapted views
0.12088744552628386,vel1,1.311197958153207,True,958.7583991476528,0.055898525752943774,0.05486322330601126,0.05845749845737042,0.03339650921883431,raw_truth,0.3233671483111902,5,0.023460063137335656,spherical-coordinate adapted views
0.000661497620713021,vel2,0.1014245368167758,True,3.752374282630339,5.120613031105397e-08,5.120383743052725e-08,0.00014669305331881544,3.5432204530468685e-08,raw_truth,0.013309804353095082,5,0.0007892877245114662,spherical-coordinate adapted views
0.11418350530552487,vel3,1.3758394683338702,True,1402.0229049970744,0.0001416415699513346,0.00013540135324190396,0.10244487381774636,0.09286511374398529,raw_truth,0.31032679583440437,5,0.011590235501588664,spherical-coordinate adapted views
7.157857330435027,Bcc1,9.56084881782532,True,28762.45286888136,3.810081935352301e-05,3.8100814101822845e-05,3.1727572254800767,8.232903074771465e-05,p3_oracle,1.3454705436866063,5,0.036095679878276145,spherical-coordinate adapted views
0.06694370806420835,Bcc2,1.0225746595859528,True,420.7866222613058,9.677510685557322e-10,9.677501747115145e-10,0.015836397226953295,0.003355529895149498,p3_oracle,0.1305619538329529,5,0.005934723666083295,spherical-coordinate adapted views
17.79829712111124,Bcc3,15.675788335800178,True,118498.2120305458,1.0047933114912239e-07,1.0047109941296855e-07,8.008682916474912,0.0002207734512186289,p3_oracle,2.1100871102774477,5,0.07089262606529306,spherical-coordinate adapted views
81.08595459059049,rho,15.519380032165191,True,221184.28626488018,0.05392706923419453,0.05392685174941381,0.010925319902484134,1.3574243769976029,p3_oracle,4.619982978320419,5,0.16637562439410067,spherical-coordinate adapted views
0.7608656957596505,press,0.7342980384168742,True,5737.663148582459,7.410551195257327e-08,7.405750234326495e-08,0.0003840233937785244,0.011691792110698438,p3_oracle,0.44171683771028936,5,0.014156356383080623,spherical-coordinate adapted views
0.12088744549087274,vel1,1.3111978937429376,True,958.7583984672563,0.05589852580515476,0.05486322338475064,0.05845749845841848,0.03339650920106821,p3_oracle,0.3233671483097611,5,0.02346006313978434,spherical-coordinate adapted views
0.00032475025114213867,vel2,0.07146305963397026,True,0.9423926006602731,5.120613028871531e-08,5.1203837408024384e-08,8.235051415844456e-05,2.0869533225930853e-08,p3_oracle,0.009641559973989714,5,0.000572828271503862,spherical-coordinate adapted views
0.11418350526074186,vel3,1.3758394683047663,True,1402.0229047179048,0.00014164157000052564,0.00013540135330878696,0.10244487381297868,0.09286511373769223,p3_oracle,0.3103267958249928,5,0.011590235497993207,spherical-coordinate adapted views
0.17862675154928356,Bcc1,1.3487606835365296,True,647.4204654566603,3.753092203589891e-05,3.7530921214397586e-05,0.08655857590923627,1.5274605500651765e-06,p3_persistence,0.2278398923716166,5,0.006931017958535163,spherical-coordinate adapted views
0.0030954608927708377,Bcc2,0.19108650639653207,True,4.89980522482983,1.0024786688060187e-09,1.0019889703990856e-09,0.00022795099007525928,0.0007951699123133267,p3_persistence,0.03789914703032052,5,0.0015476707577063396,spherical-coordinate adapted views
0.32867107473771473,Bcc3,2.135194466114044,True,2059.1100369825676,5.4657278843110695e-08,5.465317242246882e-08,0.16267710291971263,4.0064829798747494e-06,p3_persistence,0.28716152271590883,5,0.010042697540249656,spherical-coordinate adapted views
3.202753918754312e-05,rho,1.4963402075386512,True,619.4146974550978,0.05518036756532078,0.055173899431733286,4.7868517642679375e-06,0.015266662316607891,p3_persistence,0.3656864687626106,5,0.020594735219475,spherical-coordinate adapted views
0.00012985393915211307,press,0.041007096378825755,True,1.767079805828021,7.659812813590829e-08,7.649496932648613e-08,1.908285471683177e-06,1.100728070146788e-05,p3_persistence,0.008642185681367131,5,0.000440370378856557,spherical-coordinate adapted views
0.08367675170572429,vel1,1.1315293161943556,True,638.0036105349213,0.03693169681167762,0.03640352860534482,0.025019781191966513,0.026960387465527622,p3_persistence,0.2606285666072869,5,0.016893927669694456,spherical-coordinate adapted views
0.0006262039112969236,vel2,0.07146305963397026,True,1.0881543004921996,4.1176061796308916e-08,4.1175954614795124e-08,6.810905922934527e-05,1.3785759682096823e-08,p3_persistence,0.012668515883206265,5,0.0008106865506398462,spherical-coordinate adapted views
0.1421789775006939,vel3,1.181883099405095,True,1012.0581815928887,9.069261039346378e-05,8.697798868315674e-05,0.09468962417739533,0.06369374336987893,p3_persistence,0.2729580266859052,5,0.009616399281964777,spherical-coordinate adapted views
2.0941607971066594e+44,Bcc1,4.179884038674844e+22,True,2.040158641470014e+49,3.845408532560432e+43,3.8060095912236735e+43,1.434401875499815e+44,1.3314201495556112e+43,stage_o_p3_localno,1.1389245190290224e+22,10,4.1488409490489035e+21,spherical-coordinate adapted views
21.186741897081554,Bcc2,1.4576035174727444,True,1156195.9094367041,7.292936830567417e-05,7.149051457566902e-05,6.41270304209608,0.13667260966657757,stage_o_p3_localno,2.5432790540776855,10,0.18677696744893035,spherical-coordinate adapted views
86119.97183536622,Bcc3,285.8902115249635,True,10500320823.760874,0.011938118242157385,0.011839721710678042,137784.0228603511,4163.254622767829,stage_o_p3_localno,271.9019460804721,10,23.75425800128994,spherical-coordinate adapted views
0.3046910831774282,rho,1.2092733681706704,True,37127.38442588395,0.32601432071372094,0.3202290980270143,0.2678384447269378,0.0208039882637452,stage_o_p3_localno,0.5674921715153783,10,0.20569448485739295,spherical-coordinate adapted views
8.608961809854114e-05,press,0.018926646707361883,True,8.349017735662065,2.497042041253176e-05,2.4510095630074075e-05,7.472889169040057e-05,1.4911023586667735e-05,stage_o_p3_localno,0.008749537664149487,10,0.002843208373617588,spherical-coordinate adapted views
4.1435115192483085,vel1,5.832303524017334,True,375505.8618648671,0.6836292193025822,0.6738025177300253,2.6926116251920247,0.23812730644786642,stage_o_p3_localno,1.6142935352651193,10,0.6886279881171848,spherical-coordinate adapted views
0.0007642905961803208,vel2,0.07146305963397026,True,51.502562081996544,0.00015349559222339838,0.00015349114939278974,0.0005537261322810292,6.657402086048165e-05,stage_o_p3_localno,0.022464655516730495,10,0.008019204001463618,spherical-coordinate adapted views
0.5601964782559036,vel3,2.855756205916405,True,28837.58371677529,0.02192035926234702,0.02179202245254306,0.38894355163146577,0.14390542664677505,stage_o_p3_localno,0.6048091574617033,10,0.1588056973837261,spherical-coordinate adapted views
0.005529769320584628,Bcc1,0.18175101742148514,True,752.1041026200468,0.0007530223967459988,0.0007445085739618473,0.015477149869645934,8.586437403443025e-05,stage_k_canonical_localno,0.07419470461118254,10,0.009077472846177199,spherical-coordinate adapted views
0.0005274157522452583,Bcc2,0.07791574877221137,True,9.584398223548241,4.2313515427440867e-07,2.262796948794445e-07,0.00029204367331326015,6.454011538293704e-05,stage_k_canonical_localno,0.01472860197428647,10,0.0016974282103648867,spherical-coordinate adapted views
2.8642567205502398e-06,Bcc3,0.010797557421028614,True,0.1386033841091438,2.3068339730082122e-07,2.2956552154686005e-07,4.477412038375015e-06,2.7024948523124864e-08,stage_k_canonical_localno,0.0018865859234539887,10,0.0003723172421701545,spherical-coordinate adapted views
1.7608265593260073e-05,rho,0.1531751515590441,True,632.4711320935564,1.6260844542162085e-05,1.3902930193512579e-05,9.05922184965617e-06,0.00020535111381031316,stage_k_canonical_localno,0.06615746081757416,10,0.006208150134233473,spherical-coordinate adapted views
4.79452920758811e-07,press,0.0016338571477445014,True,0.02311583777504797,3.3704379723739786e-09,3.2341583693383832e-09,4.1412739110609736e-07,2.1058206970145886e-08,stage_k_canonical_localno,0.0004544691298388388,10,8.523187635373118e-05,spherical-coordinate adapted views
0.012996834122489843,vel1,0.7006943029165268,True,512.3134845670069,0.012661261963385677,0.011808060308339922,0.017843754367492994,0.011077871527072541,stage_k_canonical_localno,0.14843388568514032,10,0.03125758381016596,spherical-coordinate adapted views
4.5424234007788066e-05,vel2,0.026345234652981164,True,0.63412382606867,5.579877743513845e-06,5.155989877136249e-06,2.0286361631022618e-05,1.1945637880063592e-06,stage_k_canonical_localno,0.004638428285206471,10,0.0010366557670191082,spherical-coordinate adapted views
0.00014003883927555147,vel3,0.08696030654944634,True,11.057821141926361,6.42670323344967e-05,4.4960081042960106e-05,0.00039103546943965314,3.465487683092568e-05,stage_k_canonical_localno,0.01505279855002683,10,0.0034426971122241017,spherical-coordinate adapted views
0.04213205540325565,Bcc1,0.7754442292451863,True,17.76309340140232,0.0002687315726178913,0.0002670399663448783,0.030934017289858694,0.0016371177601644132,stage_g_fno_plain_background,0.11544895119279495,10,0.00725108565527718,spherical-coordinate adapted views
0.001011504622377215,Bcc2,0.07713935201405547,True,6.777330933515475,1.9582133495501366e-08,1.908832931381182e-08,0.00036327704115173486,0.00021225286742204837,stage_g_fno_plain_background,0.02270237037028852,10,0.0018116376787454093,spherical-coordinate adapted views
1.5605221170613247e-05,Bcc3,0.010797557421028614,True,0.05661979567101903,1.9530823716400692e-07,1.9470579070906425e-07,1.031804084635429e-05,1.5610911616773127e-07,stage_g_fno_plain_background,0.0029365768235738595,10,0.00023335908018729752,spherical-coordinate adapted views
7.203111493303852e-07,rho,0.5417292116227327,True,1.7069779638746936,0.02718032828726608,0.02597838687100644,9.619865251648724e-07,0.0027120288802707448,stage_g_fno_plain_background,0.09083531903336184,10,0.004364988567330319,spherical-coordinate adapted views
8.555604489308806e-07,press,0.004219103759368181,True,0.008845157180225391,8.741646839673693e-09,8.737575557000742e-09,4.475864592938246e-07,1.9559027426041875e-07,stage_g_fno_plain_background,0.000864853912338973,10,7.932703810005449e-05,spherical-coordinate adapted views
0.01204346522525812,vel1,0.7069698350131511,True,135.60336137199022,0.017638952809429016,0.017343711861194717,0.013687016828799959,0.019631979397117062,stage_g_fno_plain_background,0.1785363949009337,10,0.012345334583279082,spherical-coordinate adapted views
0.00023432652516997487,vel2,0.07146307080984116,True,0.2106414417060709,1.50537991553314e-06,1.5047253956030755e-06,5.875546299778697e-05,1.957834728175646e-06,stage_g_fno_plain_background,0.008465821117087961,10,0.0007323380833500177,spherical-coordinate adapted views
0.0006466667680393088,vel3,0.10476399766746909,True,2.1685172819226035,0.00032866679251249576,0.00030663468280825207,0.0009458447381854731,0.00021787421373001438,stage_g_fno_plain_background,0.02601201058631805,10,0.002154280710943199,spherical-coordinate adapted views
12.085413279266792,Bcc1,12.337752847671561,True,50697.67261034764,4.0341537029348615e-05,4.034140475465144e-05,5.444976965617346,0.00012898219763919833,raw_truth,1.7481271776784175,10,0.04800547551550635,spherical-coordinate adapted views
0.10203044239154192,Bcc2,1.1293865045905118,True,933.4958280390962,1.006478765865385e-09,1.0029591618323508e-09,0.03454770226287337,0.015939735121772165,raw_truth,0.16841335097428087,10,0.006978909440633675,spherical-coordinate adapted views
31.274800379752403,Bcc3,20.76853369712833,True,211148.90247186678,2.5584739021475505e-07,2.5583494133455404e-07,14.024115317840172,0.0003498775179364493,raw_truth,2.7971725718792815,10,0.09416060872968664,spherical-coordinate adapted views
60.10972956355221,rho,10.90515822508347,True,461692.74264973064,0.05278791800365114,0.05278540285934151,0.03373677634373371,0.7027860774993093,raw_truth,3.9657273765476644,10,0.15997785152976465,spherical-coordinate adapted views
1.1823922369379969,press,0.403933671828841,True,16477.37093181446,7.181083188726484e-08,7.179525533197952e-08,0.0028051516262542374,0.01909901414869029,raw_truth,0.5492623465610923,10,0.01876576023656862,spherical-coordinate adapted views
0.12277368312413042,vel1,1.7154631170397625,True,936.6159835894858,0.13825324839994896,0.13214759653969693,0.19578973547844747,0.028487913670653137,raw_truth,0.4103923312410552,10,0.03137085551517314,spherical-coordinate adapted views
0.0005352144795475756,vel2,0.09403050124645244,True,3.612913575794882,2.0234955150788783e-07,2.0233375948685266e-07,0.00015652973185936926,5.203756601001383e-08,raw_truth,0.01275997103199645,10,0.0008638074251771064,spherical-coordinate adapted views
0.09805275531861199,vel3,1.241955719597172,True,1219.345384594309,0.00020967655031698952,0.0001972335371512792,0.09720037266984514,0.0820689939108758,raw_truth,0.2926933559342452,10,0.01135295843795746,spherical-coordinate adapted views
12.085413277209732,Bcc1,12.337752232551628,True,50697.67353159345,4.034153673763407e-05,4.034140446296033e-05,5.444976956753234,0.0001289820873768612,p3_oracle,1.7481271775047418,10,0.048005475297609713,spherical-coordinate adapted views
0.10203044171660147,Bcc2,1.1293863640725619,True,933.4958094306016,1.006478777348942e-09,1.0029591719911297e-09,0.034547702126873164,0.015939735004457313,p3_oracle,0.16841335043368016,10,0.0069789093877848695,spherical-coordinate adapted views
31.27480056694904,Bcc3,20.76853356361393,True,211148.90767937904,2.558473902299198e-07,2.5583494134932487e-07,14.024115440058251,0.0003498776632361316,p3_oracle,2.7971725802491996,10,0.09416060998664776,spherical-coordinate adapted views
60.1097305738881,rho,10.905157404924012,True,461692.78153744683,0.05278791884613654,0.05278540369408394,0.033736776531888786,0.7027860858974051,p3_oracle,3.965727408397324,10,0.1599778533835237,spherical-coordinate adapted views
1.182392230747237,press,0.40393363815217614,True,16477.369896521777,7.181083105335699e-08,7.179525448901892e-08,0.0028051516300661794,0.01909901406388881,p3_oracle,0.5492623452161429,10,0.018765760066371658,spherical-coordinate adapted views
0.12277368312140621,vel1,1.7154631658550352,True,936.6159863337382,0.13825324846320042,0.13214759661536507,0.195789735306695,0.028487913701033738,p3_oracle,0.4103923311964509,10,0.031370855498707405,spherical-coordinate adapted views
0.00027274263053118203,vel2,0.07146305963397026,True,1.1364036520130432,2.023495515245582e-07,2.0233375950453884e-07,8.947530074396209e-05,2.4616566928740126e-08,p3_oracle,0.009858465691666643,10,0.0006677897647403893,spherical-coordinate adapted views
0.09805275527487044,vel3,1.2419557195680682,True,1219.3453848579502,0.000209676550213418,0.00019723353705820333,0.09720037262094984,0.08206899389112993,p3_oracle,0.29269335589493156,10,0.011352958439163015,spherical-coordinate adapted views
0.17862675154928356,Bcc1,1.3487606835365296,True,647.4204654566603,3.753092203589891e-05,3.7530921214397586e-05,0.08655857590923627,1.5274605500651765e-06,p3_persistence,0.2278398923716166,10,0.006931017958535163,spherical-coordinate adapted views
0.0030954608927708377,Bcc2,0.19108650639653207,True,4.89980522482983,1.0024786688060187e-09,1.0019889703990856e-09,0.00022795099007525928,0.0007951699123133267,p3_persistence,0.03789914703032052,10,0.0015476707577063396,spherical-coordinate adapted views
0.32867107473771473,Bcc3,2.135194466114044,True,2059.1100369825676,5.4657278843110695e-08,5.465317242246882e-08,0.16267710291971263,4.0064829798747494e-06,p3_persistence,0.28716152271590883,10,0.010042697540249656,spherical-coordinate adapted views
3.202753918754312e-05,rho,1.4963402075386512,True,619.4146974550978,0.05518036756532078,0.055173899431733286,4.7868517642679375e-06,0.015266662316607891,p3_persistence,0.3656864687626106,10,0.020594735219475,spherical-coordinate adapted views
0.00012985393915211307,press,0.041007096378825755,True,1.767079805828021,7.659812813590829e-08,7.649496932648613e-08,1.908285471683177e-06,1.100728070146788e-05,p3_persistence,0.008642185681367131,10,0.000440370378856557,spherical-coordinate adapted views
0.08367675170572429,vel1,1.1315293161943556,True,638.0036105349213,0.03693169681167762,0.03640352860534482,0.025019781191966513,0.026960387465527622,p3_persistence,0.2606285666072869,10,0.016893927669694456,spherical-coordinate adapted views
0.0006262039112969236,vel2,0.07146305963397026,True,1.0881543004921996,4.1176061796308916e-08,4.1175954614795124e-08,6.810905922934527e-05,1.3785759682096823e-08,p3_persistence,0.012668515883206265,10,0.0008106865506398462,spherical-coordinate adapted views
0.1421789775006939,vel3,1.181883099405095,True,1012.0581815928887,9.069261039346378e-05,8.697798868315674e-05,0.09468962417739533,0.06369374336987893,p3_persistence,0.2729580266859052,10,0.009616399281964777,spherical-coordinate adapted views
3.637636377581108e+44,Bcc1,4.179884038674844e+22,True,5.093654959941762e+49,3.467493362399341e+44,3.4545952224677888e+44,3.8350696348800735e+44,1.6829822712591539e+43,stage_o_p3_localno,1.899912227593657e+22,19,7.577297556586539e+21,spherical-coordinate adapted views
2.1114477541539727e+70,Bcc2,1.6621817985889322e+21,True,8.538722293053102e+74,4.0875433513303335e+59,4.083600338596485e+59,5.671101829359382e+65,1.3909071033476773e+68,stage_o_p3_localno,7.270114067655839e+34,19,1.7387164373997233e+33,spherical-coordinate adapted views
3.132967310274213e+53,Bcc3,3.327726364325468e+33,True,7.940058443345045e+79,6.820275236075928e+74,6.79875372107855e+74,1.0233129028216865e+75,2.3841505943554275e+73,stage_o_p3_localno,2.2378824362229496e+37,19,1.4993507580722608e+36,spherical-coordinate adapted views
0.362098997032975,rho,1.2092733681706704,True,45487.027492053385,0.3635673498687617,0.3634208202973507,0.35212736526889005,0.014932406491736931,stage_o_p3_localno,0.6029311520443154,19,0.22976628020591036,spherical-coordinate adapted views
7.889414364693854e-05,press,0.018926646707361883,True,10.307711362981284,8.587835445049773e-05,8.241537142410986e-05,8.804615499354404e-05,9.130089232845345e-06,stage_o_p3_localno,0.009410121346982093,19,0.0034433878197685217,spherical-coordinate adapted views
5.8493212910117105,vel1,5.832303524017334,True,903760.2542133563,6.404563947137969,6.368703006210748,6.725886193426507,0.5455323430156949,stage_o_p3_localno,2.6303207016148358,19,0.9795805214648977,spherical-coordinate adapted views
0.0009931997592298456,vel2,0.07146305963397026,True,129.0414159059568,0.0009560979697513954,0.0009552620725040422,0.0009305783662291695,3.910494382884138e-05,stage_o_p3_localno,0.03157292453574999,19,0.01213071850650651,spherical-coordinate adapted views
11.1489119425857,vel3,20.761431274712095,True,2145411.703042952,19.987224285209678,18.263441312584877,22.31365524349426,3.670851273338447,stage_o_p3_localno,4.609346473469696,19,1.5327937602180752,spherical-coordinate adapted views
0.00039603917486994214,Bcc1,0.1769655293226245,True,877.3358407626323,0.01871468544193718,0.01851489622040653,0.013872984484680485,0.0001359929486092571,stage_k_canonical_localno,0.07537833363559049,19,0.009751549586845851,spherical-coordinate adapted views
0.0002494993748904039,Bcc2,0.0788690754910931,True,10.465950096601757,1.136301118625136e-06,9.47867172254839e-07,0.00019275159015916672,6.701023781024811e-05,stage_k_canonical_localno,0.014424822300875799,19,0.0018130864826241897,spherical-coordinate adapted views
1.4466486651691547e-06,Bcc3,0.010797557421028614,True,0.16011472284930395,6.443249502436464e-07,6.441501457868972e-07,2.317742628077012e-06,1.7431256000274288e-08,stage_k_canonical_localno,0.0017434454884851394,19,0.0004591701324368924,spherical-coordinate adapted views
6.055697012870299e-06,rho,0.08383696460768991,True,153.18757710644235,0.001961626422319995,0.0019571312601037415,0.0016779846941475647,4.114584334544758e-05,stage_k_canonical_localno,0.029532622817350442,19,0.004908390224632974,spherical-coordinate adapted views
8.239325374843807e-08,press,0.001523370852805784,True,0.024294062354112057,6.397240065250633e-08,6.073803624756762e-08,1.1063056892255973e-07,1.644448984572881e-08,stage_k_canonical_localno,0.000404999091224345,19,0.0001061698249451046,spherical-coordinate adapted views
0.01717273470352621,vel1,0.6824123471975327,True,752.8528462762047,0.009720954762312464,0.009654365854441665,0.037140872571310116,0.010997895201588729,stage_k_canonical_localno,0.14984538341614106,19,0.04012540546938436,spherical-coordinate adapted views
2.244115042250913e-05,vel2,0.020081921648234136,True,0.8189472488245073,4.165422380864507e-06,3.949121713914803e-06,1.6897445598489664e-05,2.2322999947696687e-06,stage_k_canonical_localno,0.003971896551691085,19,0.0012580714230359215,spherical-coordinate adapted views
6.120170536555499e-05,vel3,0.058990512266755106,True,12.62679354890462,0.00019961943864331042,0.0001236082177266019,0.00017252346757377663,5.200889052529443e-05,stage_k_canonical_localno,0.012986087680086479,19,0.004418752197277771,spherical-coordinate adapted views
0.01669347734696195,Bcc1,0.570829236060381,True,24.703407325881297,0.0002945407565719152,0.0002911291815879536,0.011444388316345684,0.0008409762102333633,stage_g_fno_plain_background,0.0764143677674744,19,0.005555112132298599,spherical-coordinate adapted views
0.0006200576463896088,Bcc2,0.07697713089728495,True,3.8375225678072034,3.9121371462065505e-08,3.85767432273807e-08,0.00028265982996959364,8.775963128717097e-05,stage_g_fno_plain_background,0.016863631897344668,19,0.0013138562650095531,spherical-coordinate adapted views
1.3456251013158008e-05,Bcc3,0.010797557421028614,True,0.05402008600701193,4.6860944998244993e-07,4.641613893559363e-07,8.372303495686143e-06,2.848686166763524e-07,stage_g_fno_plain_background,0.0029089136374107916,19,0.0002444334390681252,spherical-coordinate adapted views
1.785963680876237e-06,rho,0.26958572613542864,True,0.9376089704299174,0.006590195721430988,0.006267879976089521,1.5704894471740173e-05,0.0006599680221575667,stage_g_fno_plain_background,0.044725909209285396,19,0.0024005857408107138,spherical-coordinate adapted views
1.0707806219122027e-06,press,0.0039736250514050666,True,0.008385555300826368,3.8995025845823944e-09,3.899387160720986e-09,8.596633808140619e-07,2.3564366859249852e-07,stage_g_fno_plain_background,0.0008756616806045904,19,7.671321686676037e-05,spherical-coordinate adapted views
0.014786084866733594,vel1,0.6875313630700112,True,95.09484191644505,0.014852356732732023,0.014214012970544629,0.019352576320917556,0.018370333723100783,stage_g_fno_plain_background,0.17051355215405095,19,0.013229773951342583,spherical-coordinate adapted views
0.00029716569867812626,vel2,0.07146307080984116,True,0.2714713521825448,2.0509875351329187e-06,2.0484970919881763e-06,8.41324864266204e-05,3.151629816964773e-06,stage_g_fno_plain_background,0.009523164598339899,19,0.0007954854799669445,spherical-coordinate adapted views
0.0008302610483662472,vel3,0.10481925325468183,True,2.749945132903029,0.0002753457218387918,0.00025599935624912387,0.0008400327728428355,0.00025167495162829734,stage_g_fno_plain_background,0.02587459215747159,19,0.002401166607609395,spherical-coordinate adapted views
17.83400381653157,Bcc1,14.969253730773953,True,74459.6960739016,0.00016639024289745417,0.00016637595860849816,7.816517027083953,0.00018133146940243252,raw_truth,2.121856313135003,19,0.05773750592189556,spherical-coordinate adapted views
0.1659262955426435,Bcc2,1.4302752828598035,True,1534.6274726401239,1.736451319884436e-09,1.6577253038419106e-09,0.05550738894445603,0.028059475326419,raw_truth,0.2174649109921303,19,0.008848154856356273,spherical-coordinate adapted views
44.87155536868643,Bcc3,25.066183605194098,True,310080.0872790791,6.037868214979618e-06,6.0376368739990184e-06,19.560326357664696,0.00019915416382455947,raw_truth,3.350250671420523,19,0.11824359309883548,spherical-coordinate adapted views
64.70096658540521,rho,11.915822326436189,True,509491.7664200168,0.05065982192898443,0.05064122141710696,0.07161249213288445,0.802963611598112,raw_truth,4.125371600127444,19,0.1743199710898701,spherical-coordinate adapted views
2.577578942915112,press,0.6200086867966986,True,36692.47231002835,6.665724556100583e-08,6.664703027560555e-08,0.0062178799695186545,0.046747396312676354,raw_truth,0.8118799398877266,19,0.027713957465405517,spherical-coordinate adapted views
0.12919563918229043,vel1,2.715668915510178,True,1167.76570276235,0.6078768483829939,0.5991588920944184,0.43342378944254895,0.026819699626237117,raw_truth,0.5471517174162992,19,0.046687701192033894,spherical-coordinate adapted views
0.0005552081612052394,vel2,0.09582704160362485,True,3.623017216044424,3.262097954681297e-07,3.262015899238389e-07,0.0001712905257405195,4.119947203100608e-08,raw_truth,0.013816620271669175,19,0.0009591880056894767,spherical-coordinate adapted views
0.09307129822761889,vel3,1.2291325124748984,True,1225.5741884726965,0.0003962197004406348,0.00037943928122554055,0.08775294135901718,0.07564530851434137,raw_truth,0.28488337975620415,19,0.012220625188841943,spherical-coordinate adapted views
17.83400369050982,Bcc1,14.96925733566287,True,74459.69497353242,0.00016639024136472295,0.0001663759570758782,7.816516923168135,0.0001813313674011536,p3_oracle,2.1218563057237336,19,0.057737505802577825,spherical-coordinate adapted views
0.16592629547495819,Bcc2,1.4302751718461528,True,1534.627479112107,1.7364513194116014e-09,1.657725299164843e-09,0.05550738850356401,0.028059475281641943,p3_oracle,0.21746491095869352,19,0.0088481549055436,spherical-coordinate adapted views
44.87155548257217,Bcc3,25.066183605194098,True,310080.0928796621,6.037868236611454e-06,6.0376368956265665e-06,19.560326480850364,0.00019915388418948414,p3_oracle,3.350250675666152,19,0.11824359367696263,spherical-coordinate adapted views
64.700966399368,rho,11.915820695652652,True,509491.76466181583,0.05065982171713852,0.050641221193200976,0.07161249184135748,0.8029636055564136,p3_oracle,4.125371592819986,19,0.17431997125558654,spherical-coordinate adapted views
2.5775789015419246,press,0.6200088226952319,True,36692.471845976965,6.665724503927959e-08,6.664702975743461e-08,0.006217880062166298,0.04674739615309956,p3_oracle,0.8118799334353378,19,0.027713957414605556,spherical-coordinate adapted views
0.12919563932695127,vel1,2.715669034421444,True,1162.6112394857166,0.6037627742909131,0.5951853400604885,0.43064542146597434,0.026744530550409127,p3_oracle,0.5462431761784751,19,0.0464626703166898,spherical-coordinate adapted views
0.0002786855949534242,vel2,0.07146305963397026,True,1.1258733348447734,3.2620979529454745e-07,3.2620158975006524e-07,9.823169624485084e-05,2.4105824102632905e-08,p3_oracle,0.011034588705657438,19,0.0007611056653588122,spherical-coordinate adapted views
0.09307129823863071,vel3,1.22913251256221,True,1225.5741881977592,0.0003962196999462112,0.00037943928076211557,0.08775294137078672,0.0756453085149745,p3_oracle,0.28488337975438677,19,0.012220625192517043,spherical-coordinate adapted views
0.17862675154928356,Bcc1,1.3487606835365296,True,647.4204654566603,3.753092203589891e-05,3.7530921214397586e-05,0.08655857590923627,1.5274605500651765e-06,p3_persistence,0.2278398923716166,19,0.006931017958535163,spherical-coordinate adapted views
0.0030954608927708377,Bcc2,0.19108650639653207,True,4.89980522482983,1.0024786688060187e-09,1.0019889703990856e-09,0.00022795099007525928,0.0007951699123133267,p3_persistence,0.03789914703032052,19,0.0015476707577063396,spherical-coordinate adapted views
0.32867107473771473,Bcc3,2.135194466114044,True,2059.1100369825676,5.4657278843110695e-08,5.465317242246882e-08,0.16267710291971263,4.0064829798747494e-06,p3_persistence,0.28716152271590883,19,0.010042697540249656,spherical-coordinate adapted views
3.202753918754312e-05,rho,1.4963402075386512,True,619.4146974550978,0.05518036756532078,0.055173899431733286,4.7868517642679375e-06,0.015266662316607891,p3_persistence,0.3656864687626106,19,0.020594735219475,spherical-coordinate adapted views
0.00012985393915211307,press,0.041007096378825755,True,1.767079805828021,7.659812813590829e-08,7.649496932648613e-08,1.908285471683177e-06,1.100728070146788e-05,p3_persistence,0.008642185681367131,19,0.000440370378856557,spherical-coordinate adapted views
0.08367675170572429,vel1,1.1315293161943556,True,638.0036105349213,0.03693169681167762,0.03640352860534482,0.025019781191966513,0.026960387465527622,p3_persistence,0.2606285666072869,19,0.016893927669694456,spherical-coordinate adapted views
0.0006262039112969236,vel2,0.07146305963397026,True,1.0881543004921996,4.1176061796308916e-08,4.1175954614795124e-08,6.810905922934527e-05,1.3785759682096823e-08,p3_persistence,0.012668515883206265,19,0.0008106865506398462,spherical-coordinate adapted views
0.1421789775006939,vel3,1.181883099405095,True,1012.0581815928887,9.069261039346378e-05,8.697798868315674e-05,0.09468962417739533,0.06369374336987893,p3_persistence,0.2729580266859052,19,0.009616399281964777,spherical-coordinate adapted views
3.8793884759270924e+44,Bcc1,4.179884038674844e+22,False,6.127585937728874e+49,3.828701741850398e+44,3.823985460003528e+44,4.22228742974665e+44,2.221789900889444e+43,stage_o_p3_localno,1.9862503883059325e+22,25,8.224047038615485e+21,spherical-coordinate adapted views
1.6719257609358273e+76,Bcc2,6.805646932770577e+38,False,2.588255313082854e+81,2.4611246516985677e+76,2.4560728871999247e+76,1.8671703544074243e+76,9.131272471286923e+74,stage_o_p3_localno,1.4145075861521513e+38,25,4.462426941876582e+37,spherical-coordinate adapted views
1.6569435547570167e+76,Bcc3,6.805646932770577e+38,False,2.997123117028433e+81,3.9132361827810896e+76,3.9127096449656044e+76,3.771323115610029e+76,1.7934636860976376e+75,stage_o_p3_localno,1.691430322303438e+38,25,4.993739309010686e+37,spherical-coordinate adapted views
0.3568930110560917,rho,1.2092733681706704,False,54961.932361906765,0.36148427946829453,0.35884084298713725,0.3614710431398237,0.025909965388380453,stage_o_p3_localno,0.6038351285175161,25,0.26085449165842756,spherical-coordinate adapted views
8.707583351905279e-05,press,0.018926646707361883,False,11.989886266464739,8.475203977428745e-05,8.433887889513502e-05,8.469487275417454e-05,5.8182512123840036e-06,stage_o_p3_localno,0.009454858537496674,25,0.003800528734209637,spherical-coordinate adapted views
5.585993105506915,vel1,5.832303524017334,False,994272.3866855338,7.857087464813279,7.847763677038245,6.515288885460484,0.6186333331853029,stage_o_p3_localno,2.6499607429442724,25,0.9789108032523358,spherical-coordinate adapted views
0.0010292411948449442,vel2,0.07146305963397026,False,161.66180337436614,0.0010965420140653273,0.0010931089907250395,0.0011130094031189793,6.0860335347289505e-05,stage_o_p3_localno,0.03324564964019699,25,0.0134363768385216,spherical-coordinate adapted views
183.93505378542693,vel3,66.28474487304689,False,26253514.858745493,290.54630063056925,286.74098384523495,335.8223696944457,38.71610119617,stage_o_p3_localno,15.999857865468515,25,5.675435049176723,spherical-coordinate adapted views
9.18167666969305e-05,Bcc1,0.21773454323411,False,947.5245583686129,0.01884301126741259,0.018680076000846445,0.01391687190234125,0.00014243191114840785,stage_k_canonical_localno,0.07995546110421334,25,0.010615666057760723,spherical-coordinate adapted views
0.00010441793630468901,Bcc2,0.0793952577537857,False,12.464844080673174,7.283068690483805e-06,7.170322703137128e-06,0.0002705053318046452,8.141399756869069e-05,stage_k_canonical_localno,0.015499882035639678,25,0.002046273318382651,spherical-coordinate adapted views
5.64994333926229e-07,Bcc3,0.010797557421028614,False,0.18212088693685383,1.2253523724345639e-06,1.225082805008772e-06,2.625528488777273e-06,3.02445036047369e-08,stage_k_canonical_localno,0.0018781265372660335,25,0.00046298154645840533,spherical-coordinate adapted views
2.6651044290087795e-06,rho,0.07738402044873512,False,156.00994898789605,0.0008412138625819568,0.000838142413844944,0.0010208354547440485,4.5838504217976674e-05,stage_k_canonical_localno,0.030046287318967007,25,0.0050089927733504005,spherical-coordinate adapted views
3.244728855381221e-08,press,0.0021147787912423163,False,0.03281351697338406,8.753933790559318e-08,8.36174069586499e-08,4.500614767192727e-07,2.7646164098669628e-08,stage_k_canonical_localno,0.0004935201921458325,25,0.00012829708708178743,spherical-coordinate adapted views
0.015910581690909933,vel1,0.6497155776619912,False,759.6749365631148,0.008156515915951817,0.0076997978481057475,0.02861378913123551,0.011621434559515365,stage_k_canonical_localno,0.14298955454141593,25,0.04040701238686562,spherical-coordinate adapted views
1.2145585478109462e-05,vel2,0.01980470562353735,False,0.8174942780246668,5.379313336243567e-06,5.3435902587358675e-06,1.7339511493698573e-05,2.5655453640851214e-06,stage_k_canonical_localno,0.0038369872036825427,25,0.0013137652522329988,spherical-coordinate adapted views
3.501765097450121e-05,vel3,0.08299093018751592,False,18.838019462479096,0.0003862251556090331,0.0003065215880780238,0.00030049350535217795,9.369079328871065e-05,stage_k_canonical_localno,0.015897490550490057,25,0.0052119563245934765,spherical-coordinate adapted views
0.011989239669976828,Bcc1,0.45546903260052213,False,26.60216926650787,0.0004945995005062064,0.00048516618329443305,0.007994201838325589,0.0005916559271471768,stage_g_fno_plain_background,0.066500597744356,25,0.005378855365027889,spherical-coordinate adapted views
0.0005192595073873944,Bcc2,0.07684762435237644,False,3.5459637590877597,4.294788478022109e-08,4.261841716026471e-08,0.0002164971114842251,5.493011049001601e-05,stage_g_fno_plain_background,0.014806332787834057,25,0.0011325074079032245,spherical-coordinate adapted views
1.3339663453523269e-05,Bcc3,0.010797557421028614,False,0.05642646996064535,5.856484497873987e-07,5.759846003371101e-07,8.222212836542739e-06,3.3282318309711354e-07,stage_g_fno_plain_background,0.0029631386144169537,25,0.0002583127147874475,spherical-coordinate adapted views
6.277188211102639e-06,rho,0.19504174517152936,False,0.7949315932316916,0.00349195465638406,0.0032710510077875515,4.657721989330253e-05,0.0003651657108678702,stage_g_fno_plain_background,0.032670894250255496,25,0.001955171270029105,spherical-coordinate adapted views
1.1330527460597276e-06,press,0.004232352487920821,False,0.00976876439716089,3.139694460065632e-09,3.13834560887111e-09,9.141908895075185e-07,2.7247489754531444e-07,stage_g_fno_plain_background,0.00092996509986289,25,8.073715588653489e-05,spherical-coordinate adapted views
0.016281289349601526,vel1,0.6886954829096795,False,112.59359961986905,0.014094276387931972,0.013154808234515607,0.022856236136313227,0.017773515613845776,stage_g_fno_plain_background,0.16820621373389502,25,0.013823130413314816,spherical-coordinate adapted views
0.0002976823717493772,vel2,0.0699563287571078,False,0.44050110327303604,2.025138278402946e-06,2.025079117161935e-06,8.917445270818264e-05,3.42894845575089e-06,stage_g_fno_plain_background,0.009696260822772862,25,0.0008442869671413347,spherical-coordinate adapted views
0.0009988430424922377,vel3,0.1058972181379795,False,3.32513272767178,0.00014994311957912057,0.00013933574254663253,0.0007686442717374398,0.0002676338453950448,stage_g_fno_plain_background,0.025967934470836226,25,0.00244207990050517,spherical-coordinate adapted views
4.313409413624428e+44,Bcc1,4.179884038674844e+22,False,4.6093005004708217e+49,4.126231472087311e+44,4.106524997453871e+44,4.189876586175982e+44,3.8630009174711437e+43,stage_o_p3_localno,2.087896230081662e+22,50,6.002174249300185e+21,spherical-coordinate adapted views
9.640095754844091e+76,Bcc2,6.805646932770577e+38,False,8.80827951430748e+81,6.978936938155053e+76,6.734475946141093e+76,1.0782723195637596e+77,2.1843796136250066e+76,stage_o_p3_localno,3.123464232223285e+38,50,8.191673749577222e+37,spherical-coordinate adapted views
4.610517930279197e+76,Bcc3,6.805646932770577e+38,False,7.2759269062928904e+81,4.8336114258476604e+76,4.5958228258282345e+76,8.640358222626105e+76,9.657071590604164e+75,stage_o_p3_localno,2.7137648979303157e+38,50,7.097875927406351e+37,spherical-coordinate adapted views
0.33515363671752973,rho,1.2092733681706704,False,39386.68885773058,0.35225035474234717,0.35220328965454084,0.35856557970019814,0.035037833562709134,stage_o_p3_localno,0.5962667085141419,50,0.1819640802606789,spherical-coordinate adapted views
6.127770570485781e-05,press,0.018926646707361883,False,8.895129518749087,6.135478587801786e-05,5.776644312239028e-05,8.465664145403618e-05,2.828087225667878e-05,stage_o_p3_localno,0.009419798736262489,50,0.0025619968247689983,spherical-coordinate adapted views
7.766928828447671,vel1,5.832303524017334,False,790704.2097622651,6.848243232869464,6.262247387821441,5.834010317544966,0.8288018554630547,stage_o_p3_localno,2.7754101347097992,50,0.7661444245313916,spherical-coordinate adapted views
0.0011454237650250594,vel2,0.07146305963397026,False,144.4647420347447,0.0011481869055349368,0.0011130150527385876,0.001266900423731341,0.00021849237119064122,stage_o_p3_localno,0.035709800282473565,50,0.011182772056484795,spherical-coordinate adapted views
31132.753905801976,vel3,1808.3481107902535,False,10159637270.583841,15489.62870776276,13488.283374334895,178859.27753933932,62252.53206393223,stage_o_p3_localno,377.63136827373734,50,83.90107079154497,spherical-coordinate adapted views
0.00016624869830707397,Bcc1,0.19685590907931338,False,323.2047914434287,0.006530141269608148,0.0065220982137605635,0.005351456791326868,0.000112389612484649,stage_k_canonical_localno,0.04792265837578316,50,0.00879668811176564,spherical-coordinate adapted views
6.026669592664906e-07,Bcc2,0.07927754369797185,False,11.132116339138271,1.3794007684198254e-06,1.3016210191193805e-06,0.00011050892176910743,5.4422446594731135e-05,stage_k_canonical_localno,0.012646149981919945,50,0.001905324276149769,spherical-coordinate adapted views
3.4408623689701695e-07,Bcc3,0.010797557421028614,False,0.18083096638520052,2.119346428523267e-06,2.1191414671103205e-06,4.333674709195049e-06,2.2947578396722693e-08,stage_k_canonical_localno,0.001775020125294979,50,0.0004440945894666789,spherical-coordinate adapted views
1.8494094727918973e-05,rho,0.16045220829113635,False,511.66755516160356,0.004820079296546156,0.004779477123992725,0.008749090416868431,0.00021220853452135578,stage_k_canonical_localno,0.05627261853121902,50,0.007563798615543696,spherical-coordinate adapted views
1.748507957203228e-07,press,0.0024716170628744307,False,0.028966503966460146,3.8548992773636835e-07,3.7004750787598513e-07,3.0010594887652105e-07,3.057530386723992e-08,stage_k_canonical_localno,0.0004974562404427137,50,0.00013333316642133544,spherical-coordinate adapted views
0.01355132464805418,vel1,0.6470273971557622,False,914.6997571944355,0.010008918473470518,0.009993568411552954,0.02035985453109336,0.009619744941363756,stage_k_canonical_localno,0.14060837602730927,50,0.041975457566483,spherical-coordinate adapted views
1.1123967361656157e-05,vel2,0.03009382123127581,False,1.193980755508162,1.0536454957199998e-05,1.0405571594633278e-05,2.039853016469891e-05,2.0187124397733866e-06,stage_k_canonical_localno,0.005179374639982663,50,0.0014439048871892363,spherical-coordinate adapted views
5.932329086065254e-05,vel3,0.10655373296234757,False,21.59867526595024,0.000498963190525305,0.0004940324079597961,0.00041220106944466416,0.00011730686478445842,stage_k_canonical_localno,0.018196102264157098,50,0.0053977189937849555,spherical-coordinate adapted views
0.013410999857484621,Bcc1,0.4006374254822731,False,39.87381345990755,0.0009504391418843434,0.0009328751895296322,0.008725410624776341,0.0005558519297680945,stage_g_fno_plain_background,0.0667756398596893,50,0.005314595614478929,spherical-coordinate adapted views
0.0002802221252908944,Bcc2,0.07679273420653772,False,0.9347117296268246,1.1415105285200742e-08,1.1311017572857877e-08,8.544249314998234e-05,1.9297996815703597e-05,stage_g_fno_plain_background,0.00952374313169429,50,0.0005662806216714675,spherical-coordinate adapted views
9.566830794468065e-06,Bcc3,0.010797557421028614,False,0.04217864984557563,2.439232789778958e-07,2.3493384723908795e-07,7.90247772888043e-06,6.641571950549103e-07,stage_g_fno_plain_background,0.0029397659367055434,50,0.000257077348641682,spherical-coordinate adapted views
9.803418224425597e-05,rho,0.1410057650730054,False,0.8350485059428725,0.002248811249981554,0.0018935157420638526,0.0013053318297612008,0.00022232375327056145,stage_g_fno_plain_background,0.026119880566860657,50,0.0015390135935241034,spherical-coordinate adapted views
7.689157486711467e-07,press,0.00524332300241781,False,0.007226577591282259,8.297589892826089e-10,7.86770085189991e-10,2.436088859284118e-07,4.6074209033879046e-07,stage_g_fno_plain_background,0.000985145995963981,50,8.142756121898233e-05,spherical-coordinate adapted views
0.03124965500125535,vel1,0.7469747364521027,False,95.903654252825,0.009905066799067153,0.00805086375674802,0.03336151241595477,0.015129435728995505,stage_g_fno_plain_background,0.16733580853796434,50,0.01569875473500428,spherical-coordinate adapted views
0.000268026451134683,vel2,0.07146307080984116,False,0.5657855793968357,1.3008000592329868e-06,1.2883197086010566e-06,0.00014517019496225394,5.254370194756585e-06,stage_g_fno_plain_background,0.01117803906343891,50,0.0010005016776287628,spherical-coordinate adapted views
0.0010013911124568905,vel3,0.10591329191345722,False,3.9348784604409857,1.922720363821298e-05,1.8182740937623064e-05,0.0006460614279438475,0.0003282245527110647,stage_g_fno_plain_background,0.02699867043900139,50,0.0023472506982556,spherical-coordinate adapted views
3.9440187713082935e+44,Bcc1,4.179884038674844e+22,False,3.364584457030747e+49,4.358210885105859e+44,4.212011066748649e+44,4.1065249329610746e+44,7.095150599769036e+43,stage_o_p3_localno,2.0465560128896606e+22,75,4.88315628577421e+21,spherical-coordinate adapted views
1.1516002769790649e+77,Bcc2,6.805646932770577e+38,False,5.492680217693561e+81,1.1156078350160964e+77,1.1107761668838498e+77,8.347592054314067e+76,3.673642130512141e+76,stage_o_p3_localno,3.004702882833958e+38,75,5.140099313024935e+37,spherical-coordinate adapted views
9.535354154976377e+76,Bcc3,6.805646932770577e+38,False,5.265165012350563e+81,7.066024149864933e+76,6.183087215930004e+76,9.449195111152812e+76,2.4536862101916178e+76,stage_o_p3_localno,3.0479107219217063e+38,75,5.92766100180742e+37,spherical-coordinate adapted views
0.36089395723506157,rho,1.2092733681706704,False,30098.90301600805,0.2769873680328944,0.2439599656449782,0.3332927346812257,0.07435505340006343,stage_o_p3_localno,0.5874169749354318,75,0.14922157744709064,spherical-coordinate adapted views
7.103982149507323e-05,press,0.018926646707361883,False,5.553260482389811,7.12054687293345e-05,5.855977683243325e-05,8.161064966430187e-05,4.193696962412924e-05,stage_o_p3_localno,0.009369906796201926,75,0.0017210015537909415,spherical-coordinate adapted views
8.142368477866032,vel1,5.832303524017334,False,635688.1066557635,7.5538087021061475,7.385675813900454,7.135179279378675,2.073986592100117,stage_o_p3_localno,2.8445035975128414,75,0.6219256151662674,spherical-coordinate adapted views
0.000703068094397525,vel2,0.07146305963397026,False,63.00573259216458,0.0009606909294013236,0.0008516742408841728,0.001276270539162056,0.0003815459589277307,stage_o_p3_localno,0.03505977345414187,75,0.005834445988122647,spherical-coordinate adapted views
11603754.058096688,vel3,12436.31137084962,False,307150420964.3221,1538180.4056635383,1442947.0329498302,8257174.0510801645,5009610.504406534,stage_o_p3_localno,2774.0446267356365,75,405.4324704167102,spherical-coordinate adapted views
5.773086154750465e-05,Bcc1,0.13884705606848005,False,185.78744865961113,0.00021987316258220149,0.00021917987010246952,0.0037410379833953122,1.4317706150471529e-05,stage_k_canonical_localno,0.03930827951308374,75,0.006159801368337552,spherical-coordinate adapted views
3.65138395225114e-07,Bcc2,0.07818662893143483,False,8.850276859104724,1.6804559595813236e-07,1.2838143462734175e-07,2.8407772663945647e-05,3.14424518475501e-05,stage_k_canonical_localno,0.011204034813557582,75,0.001442545658334234,spherical-coordinate adapted views
6.752945343584267e-08,Bcc3,0.010797557421028614,False,0.10717707950359967,4.6412094172872894e-07,4.640234411207739e-07,3.6729107183199114e-06,1.666290293351199e-08,stage_k_canonical_localno,0.0017640119587058335,75,0.0004056091489813729,spherical-coordinate adapted views
0.009485327095019112,rho,0.22131566970725597,False,623.0512442215038,0.006578769104909066,0.006465581586493698,0.0007108229910880435,0.00030745580953079525,stage_k_canonical_localno,0.06577432980885643,75,0.008184419834110722,spherical-coordinate adapted views
3.819042631586872e-08,press,0.001899263811704943,False,0.024748057995179557,7.146360708336084e-08,7.074199174670677e-08,2.626837849761445e-07,3.4237149067045743e-08,stage_k_canonical_localno,0.0004506883501176239,75,0.00011533881905359754,spherical-coordinate adapted views
0.011490012321863023,vel1,0.6935103783011437,False,650.0004045717137,0.009417813837582362,0.009387058919894746,0.010174838006300486,0.008831874417300597,stage_k_canonical_localno,0.145624507775989,75,0.0377157413150844,spherical-coordinate adapted views
4.658356153789811e-06,vel2,0.02409088748507202,False,0.7932072412239968,5.1584574739607234e-06,5.158453589388758e-06,1.3382908866175298e-05,1.3045336835740756e-06,stage_k_canonical_localno,0.004532317146149177,75,0.0012783487872498939,spherical-coordinate adapted views
6.620026077254929e-05,vel3,0.05533137303311381,False,10.11758946197027,0.0001129501982550897,0.00011290183020700173,0.00014290218008895965,5.73865864395098e-05,stage_k_canonical_localno,0.012258834436483495,75,0.004077014213685493,spherical-coordinate adapted views
0.012804648479317967,Bcc1,0.3670311740040779,False,35.81137753015697,0.0005718112525077869,0.0005545953339601551,0.0012783802945475977,0.0005655073708168012,stage_g_fno_plain_background,0.06399919815859623,75,0.00526688427808752,spherical-coordinate adapted views
0.0006126398062522437,Bcc2,0.07687652340071509,False,1.0881105343758146,1.1392396052080511e-08,1.1392351592797113e-08,0.00017950342318686857,6.368705669605e-05,stage_g_fno_plain_background,0.013707502208825354,75,0.0006899256029450035,spherical-coordinate adapted views
9.228749786395615e-06,Bcc3,0.010797557421028614,False,0.043236196870873184,2.8150735954732224e-08,2.7820403981094665e-08,7.603512156213176e-06,5.961758009976822e-07,stage_g_fno_plain_background,0.0029639130223608817,75,0.0002620371610591718,spherical-coordinate adapted views
0.002365225474071975,rho,0.39137437409278486,False,75.91393317238423,0.019549439730610664,0.01753759620053103,0.006829506067899951,0.0013131554961774365,stage_g_fno_plain_background,0.07789165498165954,75,0.004522589082284222,spherical-coordinate adapted views
4.385144503761851e-06,press,0.005392572747778104,False,0.03036526846322621,1.2865881451910976e-08,1.159926309868358e-08,1.6790073619327845e-07,4.2313916929382214e-07,stage_g_fno_plain_background,0.0013626797376574617,75,0.00010133749629069128,spherical-coordinate adapted views
0.034500733758445465,vel1,0.8113642632961273,False,83.8168056398091,0.00800025277284255,0.00764185953425449,0.04399891038947263,0.014239290606344202,stage_g_fno_plain_background,0.17408556495931948,75,0.01521990853483244,spherical-coordinate adapted views
0.00045124810487124414,vel2,0.07146307080984116,False,0.5209305027297417,1.0480042919652999e-06,1.0479738067805049e-06,0.000163368085482118,6.920962827600576e-06,stage_g_fno_plain_background,0.012768666204216239,75,0.0010472789004785752,spherical-coordinate adapted views
0.0011545706706926862,vel3,0.1051673162728548,False,2.7821046266360407,3.0597822713698227e-06,3.034138459225593e-06,0.0007674759783401246,0.00033012985193255355,stage_g_fno_plain_background,0.02824359977997722,75,0.0023401217954517445,spherical-coordinate adapted views
1.413529183313696e+44,Bcc1,4.179884038674844e+22,False,3.909267806591076e+49,3.018893590091778e+44,2.7460024527534774e+44,3.5442737102180433e+44,1.169693483532524e+44,stage_o_p3_localno,1.8498049794640185e+22,100,5.537988025390032e+21,spherical-coordinate adapted views
1.184746020953225e+75,Bcc2,6.805646932770577e+38,False,5.118680150931293e+81,1.3688608111941116e+76,1.3332333509336723e+76,1.0122571166501095e+77,6.625492099988367e+76,stage_o_p3_localno,3.128239379683543e+38,100,4.971811024617082e+37,spherical-coordinate adapted views
3.6093020556893246e+76,Bcc3,6.805646932770577e+38,False,6.984989568887864e+81,1.0505287996232998e+77,1.0477669011607686e+77,9.052658531023367e+76,3.477049891214404e+76,stage_o_p3_localno,3.073305903596028e+38,100,7.645806157749188e+37,spherical-coordinate adapted views
0.28986443933419265,rho,1.2092733681706704,False,30376.197534055817,0.3604996584162181,0.2838567570020099,0.3334057533593007,0.11770258990463803,stage_o_p3_localno,0.570596783607509,100,0.15741428845332783,spherical-coordinate adapted views
1.9970949256833965e-05,press,0.018926646707361883,False,6.391032093923991,5.768106904087204e-05,5.255773744931355e-05,8.534824180479859e-05,4.9644341017744155e-05,stage_o_p3_localno,0.009345355763508945,100,0.002039096528454196,spherical-coordinate adapted views
5.035263432775833,vel1,5.832303524017334,False,713496.4195218857,8.49634630347675,4.133094922188648,8.32403356469621,3.907481554811855,stage_o_p3_localno,2.8661381457601482,100,0.7398815278003904,spherical-coordinate adapted views
0.001261667991762873,vel2,0.07146305963397026,False,73.29013468284955,0.0009977464379513454,0.0009803684748186882,0.0010500452581579044,0.00043919290896576304,stage_o_p3_localno,0.031831201974967464,100,0.006660935842666493,spherical-coordinate adapted views
782.7292198871006,vel3,15331.349239349365,False,385075834326.2536,1081290.8813125598,752170.637381949,10094316.482547374,8650583.872466054,stage_o_p3_localno,3458.297006235203,100,531.4162048656606,spherical-coordinate adapted views
0.000784991988086006,Bcc1,0.13538780614733698,False,108.39359902427728,0.0009712086877647502,0.0009558960411713822,0.0006609269554694256,1.3356881373338869e-05,stage_k_canonical_localno,0.02814694935346415,100,0.006779070852865982,spherical-coordinate adapted views
8.618922430221073e-07,Bcc2,0.079098596253898,False,9.510005745684156,3.7640258629473223e-07,3.2456149801129574e-07,0.00010164453389312102,5.299109601676582e-05,stage_k_canonical_localno,0.013576781920803247,100,0.0017711113956991934,spherical-coordinate adapted views
4.135074506654379e-07,Bcc3,0.010797557421028614,False,0.13551958002249878,8.00104624195855e-07,7.979095376882774e-07,2.6374017350527617e-06,1.9123361887914246e-08,stage_k_canonical_localno,0.001641119732789125,100,0.00046654303856556576,spherical-coordinate adapted views
2.190617658041515e-05,rho,0.10586503445163588,False,208.33567630568604,0.004055444337940873,0.004014765013322824,0.0004929435300635075,7.852519117230181e-05,stage_k_canonical_localno,0.03626756081201102,100,0.006359298818284865,spherical-coordinate adapted views
3.391858458538076e-08,press,0.0018521058231863248,False,0.04287256222285227,7.203367116593786e-07,7.092062967966831e-07,1.8565333810335574e-07,1.9477363902154572e-08,stage_k_canonical_localno,0.0005489160684213329,100,0.000134856672374471,spherical-coordinate adapted views
0.007128513777943702,vel1,0.6784398242831232,False,896.8572392779813,0.010557809555162247,0.010521837480772876,0.010162155430484515,0.009494701637242121,stage_k_canonical_localno,0.14279187600497403,100,0.04528835425033264,spherical-coordinate adapted views
6.9882487274904165e-06,vel2,0.024285279419273165,False,0.7912514448735035,6.897619130508325e-06,6.7807311165562965e-06,1.621531161007016e-05,2.2078949055961656e-06,stage_k_canonical_localno,0.0044401066588449145,100,0.0014282248827084485,spherical-coordinate adapted views
0.00011565804471926904,vel3,0.0688960993289949,False,18.46394926885412,0.00027070106951191937,0.0002706502116663661,0.0001267208854263466,3.603976834899943e-05,stage_k_canonical_localno,0.013542337178680246,100,0.005195315215960713,spherical-coordinate adapted views
0.02629383814863833,Bcc1,0.5869951276481152,False,32.01744359923673,7.775034599105695e-05,7.774704658375587e-05,0.000515170884214317,0.0010327468680995037,stage_g_fno_plain_background,0.08840519556481047,100,0.0058401809631411115,spherical-coordinate adapted views
0.00023138300754384778,Bcc2,0.07216084302170205,False,1.0289384927143659,8.286199943780462e-08,8.280736763369653e-08,1.0212595934578607e-05,1.4858159048503818e-05,stage_g_fno_plain_background,0.0087712606489389,100,0.0006522089759623591,spherical-coordinate adapted views
6.250913615074984e-06,Bcc3,0.010797557421028614,False,0.04125987760952551,5.9408055338214485e-08,5.930492452385715e-08,6.589732013273399e-06,5.408368542345716e-07,stage_g_fno_plain_background,0.002920418799853747,100,0.0002543290792215109,spherical-coordinate adapted views
4.5155247356510956e-05,rho,0.14049773731356255,False,0.6146509093360797,0.003378672602931447,0.0032386608646932605,8.506096783404441e-05,0.0001683197015044151,stage_g_fno_plain_background,0.030829130377894955,100,0.0015993275990595635,spherical-coordinate adapted views
3.436555228685096e-07,press,0.0038130631588852303,False,0.0077304045389835424,1.6025400141646143e-09,1.581294122978252e-09,5.624729310272782e-07,1.8722802143024883e-07,stage_g_fno_plain_background,0.0007781606504788276,100,7.111152323527635e-05,spherical-coordinate adapted views
0.03445400828334498,vel1,0.6386127799749375,False,87.29091351793966,0.010611524954427881,0.010231354483290801,0.023031431082238155,0.012335508274994576,stage_g_fno_plain_background,0.160526066745248,100,0.015680927225552508,spherical-coordinate adapted views
0.0002701347361469206,vel2,0.07146307080984116,False,0.6999276973089312,4.139392964106367e-06,4.1381258226803175e-06,8.311050992009093e-05,8.536871873404017e-06,stage_g_fno_plain_background,0.012718791777956266,100,0.0011752524867976127,spherical-coordinate adapted views
0.0008701368130502382,vel3,0.10532421636395156,False,2.864049436469269,1.0070724272563744e-05,1.0065182707752007e-05,0.00046354945885115196,0.0002820366148157659,stage_g_fno_plain_background,0.02815818581322897,100,0.0024279573869550584,spherical-coordinate adapted views
