absolute_residual_error,model,radial_absolute_error,radial_skill,residual_cosine,residual_l2,shell_absolute_error,shell_skill,source_snapshot,state_l2,target_snapshot
1.628740180401106,Persistence,0.11103640880145266,-3.983851766253821e-07,0.0,1.0,0.04345938911182228,-3.20133941578149e-09,169,0.3489602524410178,170
1.2611602720056974,FNO,0.19888732704576878,-0.7911932833666169,0.8769984300518546,0.8753316582334203,0.025781160823607267,0.4067758099451,169,0.2649262676269547,170
0.9310251731283314,3D CNN/U-Net,0.1380180437204772,-0.3048768259522918,0.8968581617136052,0.7119075849036753,0.5010996378871865,-0.38878483481843307,169,0.21538932657250554,170
1.0281252831952346,Differential LocalNO,0.0725164701848926,0.05007717361225705,0.8832225142390109,0.7724385579593744,0.938850758562466,-2.9718848991078204,169,0.24164958038372727,170
1.0590875615164828,Index-space DISCO3D LocalNO,0.29846153828141775,-0.21562540641737504,0.8784577728993905,0.7810929422238126,2.3604674945990842,-10.962110794835137,169,0.2489845352833186,170
1.017153934190054,Anisotropic spherical DISCO3D LocalNO,0.1484705334669875,0.06493731351243981,0.872542851973122,0.7964810332653647,0.5686940716736575,-1.1695748024763581,169,0.25371826609062276,170
1.641693588783421,Persistence,0.061771085377857596,-5.995598948427272e-07,0.0,1.0,0.0587558816546411,-2.7408827696362437e-07,170,0.3458325360580783,171
1.2373053483668857,FNO,0.17261833088166156,-1.9727260189490528,0.8700635570946176,0.8739819841355828,0.07131553654914935,-0.07604650377948641,170,0.26230276685961007,171
0.8277291223214596,3D CNN/U-Net,0.09717862205820559,-0.5732102064327322,0.9197170642787232,0.679524360227134,0.06990503662679311,-0.18975417980852272,170,0.1982321306145344,171
0.9166193027694094,Differential LocalNO,0.08886542229748697,-0.4386290564361486,0.9111936850566723,0.7373365944779996,1.6218384917817976,-2.5615932567085804,170,0.22431121558210634,171
0.8870586624934219,Index-space DISCO3D LocalNO,0.15840735964107544,-1.564433099412914,0.9151468549656946,0.7354285855195136,0.36022672353780566,-5.130906593983063,170,0.22573125297687807,171
0.8710977978258821,Anisotropic spherical DISCO3D LocalNO,0.10867815358858474,-0.7593744058175691,0.9120157031440039,0.7460858653009086,0.19061826414714822,-0.48285632192596184,170,0.22770570740492627,171
1.6896149979907342,Persistence,0.1243077913933616,-8.428841622443173e-07,0.0,1.0,0.048728680611328956,4.2776539777023004e-07,171,0.3438928895155128,172
1.31152225624407,FNO,0.13481854952429703,-1.1072910641556293,0.856441766451027,0.8972290326984917,0.05872603243790892,-0.2051630904057571,171,0.2667400198689345,172
0.9335359042342344,3D CNN/U-Net,0.1736031156301082,-0.3965610585312853,0.8757808388010379,0.7188897214421983,0.25005592561481627,-0.28478265409889114,171,0.21594301180982184,172
1.018622937885146,Differential LocalNO,0.08197129722803423,-1.0051330114210009,0.8719609645117655,0.7858966726399579,1.1687852454793934,-3.112960943469756,171,0.24161120410807185,172
0.9907828487500042,Index-space DISCO3D LocalNO,0.15604886825729947,-1.0279045146750487,0.8717369221721621,0.785120896155046,0.9000320974438168,-17.470266404709097,171,0.24533593511100393,172
0.9667401197335108,Anisotropic spherical DISCO3D LocalNO,0.1261683458044676,-0.10705950009896714,0.8662213724634903,0.8021148812861755,0.6149202301628414,-9.95123573413552,171,0.24742873179283453,172
1.4685889609204656,Persistence,0.027020685198723023,-5.4198533661065085e-08,0.0,1.0,0.05154872331625616,4.305213709088207e-06,172,0.3207309948016035,173
1.1624978290796202,FNO,0.150072961441831,-2.613850352325958,0.857554802059491,0.8917149492019969,0.06275966178584852,-0.5649662797701884,172,0.24933887089666473,173
0.8680731943862736,3D CNN/U-Net,0.09719530650033988,-0.3139591948924163,0.875903939106104,0.7360421736223993,0.28758064548057216,-1.879144203537134,172,0.20617339841073273,173
0.9067369808536583,Differential LocalNO,0.03680918538459144,-0.4262404636925434,0.8704706962960367,0.7742267714651054,0.12170764334618951,-1.3610229918056294,172,0.2243558612262428,173
0.8790633222541367,Index-space DISCO3D LocalNO,0.11305158057141673,-0.6949116094906387,0.8789548861270716,0.7712365495439337,0.30358511091878115,-4.889288520773461,172,0.22473929346510513,173
0.8528308335088677,Anisotropic spherical DISCO3D LocalNO,0.06082738135915692,-0.5254155675935082,0.873308260841676,0.790694391512379,0.18730593919103014,-0.9963609038221877,172,0.22770142162452064,173
1.2781004053791316,Persistence,0.05936099280952434,-6.622407215939319e-07,0.0,1.0,0.02390328921829313,1.5320778700145254e-06,173,0.30197888849679405,174
1.0312849130135557,FNO,0.13918081155224954,-1.344658150304734,0.8456744017900102,0.8928882568606519,0.07913672885991582,-2.310699498030663,173,0.23771288636108784,174
0.8923495608235077,3D CNN/U-Net,0.26153956457542515,-1.3678733083940275,0.8333483316498351,0.7748663754876106,1.7876297125968013,-5.262034440500442,173,0.21575957900205578,174
0.8811804484483499,Differential LocalNO,0.0646162936361752,-0.5368556313540329,0.8259987496316757,0.8088845591047378,0.24030140531404567,-3.0805321635525367,173,0.22684863898757482,174
0.8729259853292537,Index-space DISCO3D LocalNO,0.1614556515754434,-0.6973076297188177,0.8425112366466972,0.8057368371779932,0.5253047667803832,-20.976220811090762,173,0.227531168112249,174
0.8414122808132614,Anisotropic spherical DISCO3D LocalNO,0.1353223513168206,-0.575280447551197,0.8355787272412619,0.8251352721111131,0.4758184182545867,-14.379371635485331,173,0.2292157356921061,174
1.1592963639320695,Persistence,0.1408448170460872,-8.954676473660328e-07,0.0,1.0,0.02437749230278178,7.079418939959226e-07,174,0.2864114416008797,175
0.9751947810879431,FNO,0.03339230579697911,0.35570426372756947,0.8239722967487965,0.9008171236788691,0.01063043304119503,0.3450780799797851,174,0.22946124589014727,175
0.8424742859531383,3D CNN/U-Net,0.4021915040944992,-0.28818882998105466,0.8366526348383984,0.7964105746861949,3.1269910614793703,0.7783104777413112,174,0.20993102546297365,175
0.8314181862101773,Differential LocalNO,0.1949854014333049,-0.29628461541370243,0.8169448429970072,0.8126974083024263,0.6720289713939137,0.07245294689282344,174,0.2158426736884737,175
0.8246614796249843,Index-space DISCO3D LocalNO,0.16773188072099252,0.17316884561726187,0.8312160871389543,0.8065906222567155,0.23022455126337613,0.3313357736067536,174,0.21660778893878102,175
0.7820494692967723,Anisotropic spherical DISCO3D LocalNO,0.15463101079666006,0.2548719375014372,0.8316485363219072,0.8215502059559056,0.2090595889591786,0.255395128650831,174,0.21602707542793934,175
1.1624921741059138,Persistence,0.040035306810375454,-5.695537310668186e-07,0.0,1.0,0.008125354745913046,-1.6860364162596397e-06,175,0.27734347783902913,176
0.999749490584056,FNO,0.0972808527043715,-0.8027570095643366,0.800858504941111,0.9179496539358698,0.037184487735610255,0.3611003058266211,175,0.226391426249405,176
0.8535864177562645,3D CNN/U-Net,0.2563325798307342,-0.2077817289385382,0.8342962480094411,0.7939563316744637,4.282170505388044,-15.78972586600355,175,0.20453373888502696,176
0.820155021746229,Differential LocalNO,0.07192028821731933,-0.005356819266864932,0.8208594776621155,0.8038312285917779,0.14044805483921638,-1.261527470800921,175,0.20704928709474735,176
0.7964477228151551,Index-space DISCO3D LocalNO,0.13274568185412844,-0.544169093935869,0.8353858966224186,0.802576078711656,0.2350554046213922,-2.305690674350958,175,0.20842961051843317,176
0.7736395728924731,Anisotropic spherical DISCO3D LocalNO,0.09611568363978865,-0.35798643011847875,0.8338787139606909,0.8219715536606149,0.16941029433070012,-0.45849905273476543,175,0.20875470921414424,176
1.0286551630706813,Persistence,0.09682418153529541,1.510649971780964e-08,0.0,1.0,0.004507795850637146,-9.790117803110121e-06,176,0.25072822257713345,177
0.9299222811013912,FNO,0.04031210647709007,0.183297186219341,0.769406939852805,0.9434229780304947,0.0278872343917389,-3.673441651163084,176,0.2101175732177163,177
0.8466496910074417,3D CNN/U-Net,0.35867732289620674,-1.8061461740455123,0.7495650970902742,0.8612799861868352,3.0305396645977436,-5.079903907457587,176,0.20405383904916508,177
0.816165024232522,Differential LocalNO,0.1343499466688276,-0.3875687772292713,0.7376788148143084,0.8564768959314872,0.6964581392301941,-0.8612065045089781,176,0.20429232936510627,177
0.8176601853239265,Index-space DISCO3D LocalNO,0.1368034315201388,-0.41290841494030217,0.7605504280583643,0.8728758214233301,0.417929621599157,-13.011209853169094,176,0.20909160689155082,177
0.7795775630620089,Anisotropic spherical DISCO3D LocalNO,0.0918073609987372,0.13939575748074273,0.7608343216636954,0.8814949358548947,0.38643388043553284,-2.114068084338359,176,0.20525347000097538,177
0.8517159944331595,Persistence,0.055417180021235704,-3.521933840122671e-07,0.0,1.0,0.018154424030179143,1.4979920391899881e-06,177,0.2216473735033668,178
0.8012287645823123,FNO,0.048395910590383104,0.1266957724729567,0.7691974674051337,0.9483865302466357,0.039343880192616164,-0.19938567706871368,177,0.19091008306486423,178
0.7216016265912356,3D CNN/U-Net,0.29972251258851235,-1.3871602556639662,0.7842809601361136,0.8429613799339323,3.008853576727988,-0.1426902755811743,177,0.17700815628751476,178
0.6793493041972364,Differential LocalNO,0.07359135571674116,-0.34494829141543804,0.7574636355041523,0.847951155464186,0.09863030027666653,-0.06995339555684943,177,0.1818954768318511,178
0.6962127674064975,Index-space DISCO3D LocalNO,0.1279891742287991,-0.3402378819375005,0.7751337956791552,0.8691127632325352,0.23904917033264977,0.11210551761115362,177,0.18680666760243836,178
0.6612826480656175,Anisotropic spherical DISCO3D LocalNO,0.06738585420617242,-0.21597776828410997,0.7761893617997652,0.8693583185055933,0.1604617479053042,0.15542012964019591,177,0.18302133513854196,178
0.6455031047145106,Persistence,0.11995442420281263,-1.7203571456292366e-07,0.0,1.0,0.009865775971472568,5.634710173341162e-06,178,0.17056365440674937,179
0.7101644528469427,FNO,0.04280398056025676,-0.029575122437223156,0.6177921244298109,1.0422589914924947,0.03748053628031771,-0.18776442750809474,178,0.16489637058641843,179
0.698196713515987,3D CNN/U-Net,0.3091409660272758,-1.5771577785442723,0.6505912367276014,1.003879601497377,0.6561831443406808,-1.4787360331533876,178,0.16868492595087403,179
0.6026905746932494,Differential LocalNO,0.11422117912655133,-0.49553078684998475,0.6317987673201799,0.9384714272371507,0.06817226928631942,-0.27799175332888315,178,0.1592098970688322,179
0.6456593634064534,Index-space DISCO3D LocalNO,0.10456954678082044,0.05292130868621803,0.6556217313509288,1.0039105881425696,0.12623965565802195,-0.5813656817703536,178,0.16893898719830852,179
0.6035773244005815,Anisotropic spherical DISCO3D LocalNO,0.07548564954281095,-0.22304457106160314,0.6649009752261376,0.9996762635854519,0.07095562394654786,-1.0995458921136927,178,0.16443345954866312,179
0.5959056260669121,Persistence,0.08361583961599658,-6.022795953075644e-07,0.0,1.0,0.026041876873700118,1.2159663494992756e-06,179,0.15309996813408927,180
0.6129888856104868,FNO,0.04106648539162302,0.05384659505297451,0.6251381049614888,0.9910267195997102,0.01398779371063782,0.20728409013168647,179,0.1417045464067418,180
0.5238164780591775,3D CNN/U-Net,0.07162527799392027,-0.35159575992759473,0.6734789155753832,0.8990881065558424,0.039378129813966635,0.06836977198269822,179,0.12983912571064993,180
0.5186715245270082,Differential LocalNO,0.048947585409192085,0.1883017198070287,0.6513600829479832,0.9039587202647463,0.02122140092214339,-0.06553188475973548,179,0.13418160945054097,180
0.5113492043552643,Index-space DISCO3D LocalNO,0.06250842909222729,0.005019442453721323,0.6926072603640756,0.9053016030637137,0.023710023640415242,0.16635086840720226,179,0.1331316915666095,180
0.5039200066305387,Anisotropic spherical DISCO3D LocalNO,0.04187472215836032,0.03522518244463224,0.6885285678631685,0.9206505229173375,0.01488376554799713,0.26435705738710336,179,0.13491630530535165,180
0.7391644361598458,Persistence,0.09361121689555263,-2.4933283193639966e-07,0.0,1.0,0.01950330777233714,-3.633323297780322e-07,180,0.18962906381519046,181
0.7202159470909837,FNO,0.09534964647069413,-0.01857099401750717,0.695853613518022,0.9579673865295214,0.07469513602032078,-0.037418193021460766,180,0.1732198863932366,181
0.5626801963068655,3D CNN/U-Net,0.09451365339947213,-0.14310343050527674,0.8276039359113042,0.8201333205432066,0.01135750137828074,0.33614924501087395,180,0.14585094274892768,181
0.5903792417224659,Differential LocalNO,0.09086827471106868,0.061615098597872064,0.7762973194686378,0.8715733471530063,0.018737254968584176,0.01565204757304617,180,0.16078252272916568,181
0.5553133203475953,Index-space DISCO3D LocalNO,0.09734174659294585,-0.08737432937844769,0.7919428342348375,0.8445110029859331,0.0627870829035444,-0.07930246107864858,180,0.15495705175119284,181
0.5406861071885687,Anisotropic spherical DISCO3D LocalNO,0.09353647652452841,0.0007981634230115331,0.8128799280460589,0.8446726373324236,0.027313934118203577,-0.12097845447654643,180,0.15373897109226972,181
0.8441896990269039,Persistence,0.18936463397718856,1.948162033915679e-07,0.0,1.0,0.009201723698231922,5.218436092135903e-07,181,0.2103360889259532,182
0.8073050882352202,FNO,0.11122565849169906,-0.001514421458700843,0.6773656298759712,0.961121760717424,0.005230504346345135,0.05143783410571623,181,0.19501719056050815,182
0.6531253772380914,3D CNN/U-Net,0.18973841720478946,0.14644101530471698,0.8086280499775883,0.8522512400599135,0.020048044270991335,0.4262067368958641,181,0.17105019611464517,182
0.6657938552511901,Differential LocalNO,0.176204317907157,-0.01450740583893495,0.7665798584392733,0.8846161889235831,0.013340786452247556,-0.008380877955202815,181,0.18141295520028392,182
0.6143958024440326,Index-space DISCO3D LocalNO,0.1479934562824452,0.03110058046150288,0.7863164499858555,0.8542051381354703,0.07613256120777868,0.00974731727761824,181,0.1749147183124066,182
0.6032313703519183,Anisotropic spherical DISCO3D LocalNO,0.14662629329260923,0.22569244496049867,0.8049470700646615,0.859057785488663,0.005012744848023541,0.1471865194831664,181,0.1745126844280309,182
0.9382563852945779,Persistence,0.03382532127334482,4.0157783587346785e-07,0.0,1.0,0.020005232191939663,-4.496123705566291e-06,182,0.22901800143422046,183
0.885092012083897,FNO,0.06295758560390043,-0.23351625034732937,0.6453915083115496,0.9650542520211268,0.028836106282290004,0.06297805381466515,182,0.21384368876338805,183
0.7214722565456086,3D CNN/U-Net,0.07696032699732921,0.244125142179478,0.7578348551683025,0.8679289490580817,0.013071801141113814,0.7759778299249245,182,0.19009328848057971,183
0.7156322284294431,Differential LocalNO,0.026940018978351268,0.17502150240311976,0.7522012998868816,0.8801118737180267,0.011091729410624813,0.10027734580680514,182,0.19558769091453676,183
0.6684689134190788,Index-space DISCO3D LocalNO,0.03562116327237911,-0.05309030454084529,0.7651758497550549,0.8508819874997249,0.05513832040468504,-0.07015531182027113,182,0.18831699733153517,183
0.6706344221618185,Anisotropic spherical DISCO3D LocalNO,0.026836056465462697,-0.0034506758965233697,0.762065987323927,0.8691179340638774,0.002627079418191648,0.2657038524395101,182,0.19195906443964678,183
1.0002217409867602,Persistence,0.11697421015207715,5.541790736307561e-07,0.0,1.0,0.016749174555541202,-6.804016024819504e-06,183,0.24172636055737354,184
0.926034025689696,FNO,0.15758527743795053,-0.34201992343729715,0.6758468049238124,0.9578681201700492,0.06296634874514984,-0.10039504515728126,183,0.2184129374961391,184
0.8415003817813766,3D CNN/U-Net,0.048810357877659215,0.25520772048208207,0.7434975548704033,0.8966153574482902,0.08362411694938596,-3.992764607707299,183,0.2086974711619293,184
0.7522498409032445,Differential LocalNO,0.12123057313767124,0.2747133457130956,0.762397445342298,0.8710376624078304,0.02663283217622732,0.11420588857069114,183,0.20377734588879087,184
0.7494408082142645,Index-space DISCO3D LocalNO,0.11588920795751219,0.009277624754359115,0.7392585343782355,0.864747182099718,0.047940963968954135,-0.04310679390923933,183,0.20259633639431376,184
0.732152054034632,Anisotropic spherical DISCO3D LocalNO,0.12165286996965038,0.027086136794521876,0.7576490543141171,0.8683549825383048,0.0018381379456839763,0.820466043693237,183,0.20025960478698784,184
1.0288291867952977,Persistence,0.07869804137752133,-2.6116829365818717e-07,0.0,1.0,0.0037684620834122873,3.956715434183522e-07,184,0.23237289117552734,185
1.0527772757149398,FNO,0.1467350089315119,-0.23295735708764664,0.6134845979426454,1.0205137161481626,0.07355168323694836,0.22968620557857622,184,0.22086788579486383,185
1.0270014691807756,3D CNN/U-Net,0.03901798315396231,0.13269453441760648,0.6668915632032364,0.9674580442188858,0.4869098873351356,-4.829915825830467,184,0.222070884146132,185
0.9376218428078857,Differential LocalNO,0.08531073021016969,0.12628899648203895,0.6406126067787457,0.9464421215865821,0.014047173474901644,-0.22256754241930587,184,0.21832700949230033,185
0.9686163507951677,Index-space DISCO3D LocalNO,0.09516434572317445,-0.20923066502085352,0.628296922060774,0.9595614424262491,0.019190948085285632,-0.246827276537257,184,0.22112813786801602,185
0.9521050097081025,Anisotropic spherical DISCO3D LocalNO,0.09464569215125465,-0.19849770980633674,0.6346653217187057,0.979040259667788,0.022181189819118364,-0.7126111828485429,184,0.2198526143236162,185
1.3109631766331715,Persistence,0.0789227338659099,4.7309645700988057e-07,0.0,1.0,0.01052301490738338,-6.090976317318919e-06,185,0.2558304578873645,186
1.3097092543307223,FNO,0.1507066530491527,-0.9095418650454805,0.6189469046670241,1.0167850265332392,0.1219256406821608,-1.3397434441485516,185,0.2377897471294666,186
1.2034074098171896,3D CNN/U-Net,0.06751619082616922,-0.40663465730194637,0.6543525933710153,0.9594970532319703,0.06525236368938621,-5.2009568278957845,185,0.23373455139304178,186
1.199316554957604,Differential LocalNO,0.07374016221153287,0.033286965101209764,0.6474033979955012,0.9449900276993622,0.04921851553949596,-0.11723308345726768,185,0.2365300951927063,186
1.2297327035941126,Index-space DISCO3D LocalNO,0.11736713268066228,-0.3292686927940185,0.6379061534429497,0.9753260494860521,0.8687642346724643,-5.88739540870791,185,0.23947458605691013,186
1.1816812887307946,Anisotropic spherical DISCO3D LocalNO,0.08501369885605704,0.1190700617509809,0.6657440879295757,0.9698568148883069,0.32285785156558244,-0.8154871733383477,185,0.2370850910538233,186
1.5455554112194607,Persistence,0.19062304175090264,4.936231767782573e-08,0.0,1.0,0.06380014367901202,-7.260656962326806e-07,186,0.2783114159243868,187
1.551127267948046,FNO,0.29602656630896085,-0.44459498749600446,0.5980367067135222,1.009079458539607,0.055757591268953376,0.12605945210522596,186,0.25953425347322456,187
1.3667507090944286,3D CNN/U-Net,0.17724678027137514,0.07017228295088895,0.6676207900661127,0.8987327086668138,0.14884528555830148,-1.3329904942433832,186,0.23802135901109456,187
1.4354583502716378,Differential LocalNO,0.1568387862074496,0.17723159596610127,0.6554297152732131,0.9415941102679777,0.10952820694574526,-0.7167373806801391,186,0.2566771229949052,187
1.459727648180891,Index-space DISCO3D LocalNO,0.5639293592171497,-0.20994426623280638,0.6391310626118354,0.943954291803653,83.26996847703982,-4.433685443739104,186,0.25696685704703226,187
1.4444651513819817,Anisotropic spherical DISCO3D LocalNO,0.198258631534863,-0.16754863830889888,0.6274537244760622,0.9750722612265033,0.4922210515390142,-4.55386116906859,186,0.26330173674634805,187
1.5889934814678133,Persistence,0.23561540764104114,-1.7984734324016927e-07,0.0,1.0,0.003477273066221475,-6.571585892123366e-06,187,0.28793929007644814,188
1.8895241907518767,FNO,0.37466631752781016,-0.5901590048182006,0.44968320467681855,1.1106927714780117,0.09332138422902579,-2.139698418846942,187,0.29644672102423564,188
1.502725172120823,3D CNN/U-Net,0.18229320727578374,-0.32629000122170426,0.6412279637345694,0.9523764581260399,0.8904902829209163,-7.7846100167137,187,0.2601613404983677,188
1.5650385275486816,Differential LocalNO,0.16609808911199214,0.29504639267466215,0.6358210774435594,0.9717149240622742,4.542126094266637,-0.2694239925369435,187,0.27489853210086035,188
1.591780343726949,Index-space DISCO3D LocalNO,0.2872927866582098,-0.08164484956652274,0.6322203542597591,0.9747032528717537,1.7486172643415645,-1.5033054949670506,187,0.27242927597054367,188
1.5468964588302587,Anisotropic spherical DISCO3D LocalNO,0.24794266476885937,-0.11455556368427455,0.6144258889211837,1.0053975082932678,0.5022712883212591,-1.302375969274817,187,0.27996019760766133,188
1.5057533565247072,Persistence,0.07625582241052926,4.0565883252519086e-07,0.0,1.0,0.036075293124037545,1.1365685361752753e-06,188,0.293795795181268,189
1.965312023818169,FNO,0.30375782902148785,-1.5516198442461837,0.5116129866695889,1.113643313494383,0.06991654751859007,-0.9380710820736347,188,0.3078355024297522,189
1.3764227203953585,3D CNN/U-Net,0.10051158695044536,-0.3180809095259163,0.7116999745830367,0.9190489431029554,0.6718926100910761,-17.624713091421683,188,0.2541949443166707,189
1.5596531877242659,Differential LocalNO,0.1256949255271946,-0.40852808834856624,0.6730025302022179,0.956237264612208,1.159454432443035,-29.250734705841875,188,0.27698141707659646,189
1.6019923773610008,Index-space DISCO3D LocalNO,0.43315455994089935,-0.2223548666188382,0.6726780598525107,0.9763775322543438,7.119205927428469,-102.78994828795071,188,0.28034731716028755,189
1.5779151668567593,Anisotropic spherical DISCO3D LocalNO,0.30182081944955874,-0.012098722922142091,0.6509593954935408,1.0098621320828145,1.4295831525313725,-29.797915604932175,188,0.2925172216452593,189
1.3770046243878158,Persistence,0.06829379665685692,3.8785093270377047e-07,0.0,1.0,0.04315566845362209,-1.0342306040467264e-06,189,0.286588544400464,190
1.7966203179791125,FNO,0.2852124128321168,-1.489082136773761,0.44904599240056975,1.103353212571092,0.1419819401475772,-2.2899975367224914,189,0.2991404461165418,190
1.3443673714071216,3D CNN/U-Net,0.03635491171697596,0.10890499932606945,0.6530004858802265,0.9405080809298954,0.27145654659107615,-5.290175839853633,189,0.2557876266932996,190
1.518778701441732,Differential LocalNO,0.11654419299483593,-0.30308672923842983,0.60748018886227,0.9775633412703119,0.09289779306079704,-1.1526224392996745,189,0.2767201776048942,190
1.6399786118091697,Index-space DISCO3D LocalNO,0.2607777918641153,-0.3677986801287958,0.6043282060858485,1.0093142634777592,2.2632752224030686,-3.4977761736467334,189,0.28608492850285794,190
1.5798881456899831,Anisotropic spherical DISCO3D LocalNO,0.18805297897433215,-0.39234134355827566,0.5987956602345768,1.0212757299759996,0.5332437980006495,-2.373170661172477,189,0.2903217854550571,190
1.6970672435667897,Persistence,0.06521640969687147,-3.7138971809014265e-07,0.0,1.0,0.020226644834933173,-1.3022221809766421e-06,190,0.31871858522914154,191
1.7989292134696377,FNO,0.24043084939724285,-1.4863424195966517,0.5321539962677819,1.0575657125135924,0.09900492579025419,-3.894783861813515,190,0.30946710656838927,191
1.3234793478386777,3D CNN/U-Net,0.18333292731091716,-0.6495179621121976,0.7194032020478706,0.881881443490298,0.373605723103364,-17.470992726177364,190,0.2593174482658238,191
1.5224403879873194,Differential LocalNO,0.15101473847140323,-1.3155972517947627,0.6937241183114589,0.9378067104647912,1.0816209876494165,-2.3149280283941835,190,0.28635472991099986,191
1.522812224180862,Index-space DISCO3D LocalNO,0.1799116261778592,-1.0270521125051943,0.7145406714960183,0.9318826579865211,1.2193631421903466,-33.53574959809737,190,0.28280117468449334,191
1.475120569934142,Anisotropic spherical DISCO3D LocalNO,0.23804183023456504,-1.0763925963921852,0.7136336233016811,0.9499697359743602,3.652301671403835,-5.454284397417284,190,0.28768482550556157,191
1.9138169692158298,Persistence,0.0805367596489971,1.5906503336715616e-07,0.0,1.0,0.009997699916143955,-2.945889015393277e-06,191,0.35099253823082033,192
1.8659143605205764,FNO,0.35058686991646065,-3.3531184570111137,0.6244794554271953,1.011985116307769,0.043818315307667895,-3.3828525319913894,191,0.32139256222057117,192
1.287138601142505,3D CNN/U-Net,0.031172959682265616,0.20859932385549107,0.7705473378873755,0.8271504740729673,1.1806561347513038,-19.93570747892761,191,0.26402400600887177,192
1.474264314333518,Differential LocalNO,0.09529844355410542,-0.8113700101350394,0.7663448128688343,0.8842401418707265,0.37644484926937527,-36.65325638812675,191,0.29174816836406103,192
1.4154280422975254,Index-space DISCO3D LocalNO,0.23556303151654656,-0.2689554126148188,0.7886861416651442,0.8705521000686332,1.4458327232356547,-16.056024263512384,191,0.28402240645882515,192
1.403757319566331,Anisotropic spherical DISCO3D LocalNO,0.1945236023923017,-0.6950088083444546,0.7783591542115844,0.8967778082942612,16.400342728315508,-85.29740977414372,191,0.2901394300144744,192
1.9123021250038947,Persistence,0.07760756149432897,-1.2016004480308595e-07,0.0,1.0,0.04611385058894858,3.422116936491193e-07,192,0.36221904008686767,193
1.8042691623136513,FNO,0.21092784233756598,-1.7178843542843554,0.7156699607176263,0.9676511552777957,0.03642708414479238,-0.0016582734953036748,192,0.31539531869155224,193
1.208626661636204,3D CNN/U-Net,0.09491839178668644,-0.15076509607502886,0.851087111413844,0.7659389002802404,0.17099455046205986,-2.2338823823878795,192,0.24422315629698116,193
1.3618836074838385,Differential LocalNO,0.05517741247726104,-1.006693124450818,0.828736268648508,0.8324066445402766,0.4348384472512665,-8.429667939043812,192,0.2797753543537052,193
1.3924303369710027,Index-space DISCO3D LocalNO,0.3193814505691606,-0.4360124895538591,0.8296268460944605,0.8180281968252476,21.40923682444375,-4.626982362947238,192,0.27424617245411365,193
1.3573242944875004,Anisotropic spherical DISCO3D LocalNO,0.13638430727082032,-0.7573629483586459,0.8266147788419297,0.8353902203310131,2.4378793704752564,-3.979206834329789,192,0.276513102944243,193
1.7009191479991586,Persistence,0.0381047064221295,5.271115530725012e-07,0.0,1.0,0.02182528313617694,-1.5045399055502173e-06,193,0.35399622474626125,194
1.3804369756693766,FNO,0.223370453629658,-3.529085994182206,0.8137864388856113,0.9061878863586055,0.10241030496667487,-3.6922854749734233,193,0.2845202683683605,194
1.049277026842175,3D CNN/U-Net,0.04270408340774395,-0.12069902636253294,0.8466752658958409,0.7680351088731479,0.07818659499888461,-0.4688733788712285,193,0.2383396077506877,194
1.1184283531420285,Differential LocalNO,0.04311250620471452,-0.13141741660495598,0.8474055109358175,0.8064010037250322,0.2703369573498593,-0.5612835263266869,193,0.25934340772856784,194
1.141304662734486,Index-space DISCO3D LocalNO,0.13247485386428093,-1.1860227204275073,0.8462052830569904,0.8016935379222216,0.8570592421898523,-3.0679599403166593,193,0.25924089812826656,194
1.113476862032218,Anisotropic spherical DISCO3D LocalNO,0.049384137293503716,-0.2960061466287569,0.8397928525132476,0.8155742994960249,0.49027369369469914,-0.8005798110157583,193,0.26270086149675476,194
1.796898639277222,Persistence,0.02574456363024362,-2.1472883204864956e-07,0.0,1.0,0.011271209409941148,-9.94988267333241e-07,194,0.3592483543471829,195
1.438866933375551,FNO,0.18350317031754707,-1.85382802822541,0.8053714071817326,0.9240173297763622,0.04448651067324546,-2.946928220721743,194,0.29228365457414923,195
1.1055750910477284,3D CNN/U-Net,0.09543539908407472,-0.1093907894022188,0.8383960653513586,0.7715858479338291,0.7153338509878926,-8.391714984550843,194,0.24539041530629474,195
1.1742107681061151,Differential LocalNO,0.0975998102784272,-0.3627727113652812,0.8300228574539046,0.8139863094360219,1.3390839484075427,-1.91472437032709,194,0.26624319344213665,195
1.1982874098103355,Index-space DISCO3D LocalNO,0.1291471579964921,-2.8499628627827014,0.825111343273694,0.8278835211055482,0.8160913964041093,-71.40518787401237,194,0.27496876272063675,195
1.1520042882627342,Anisotropic spherical DISCO3D LocalNO,0.1004417167144045,-0.5208919784496691,0.8203929789838663,0.833633238833849,0.46632956419483623,-19.603252184738615,194,0.27407623531360537,195
1.8300738385729016,Persistence,0.04827828198454294,6.262400176204608e-08,0.0,1.0,0.040334222046185815,-4.930581696260816e-07,195,0.3573895547831064,196
1.684282319207245,FNO,0.2179368164990265,-1.0024816628959918,0.7444371785563653,0.9741070957693149,0.0186726559871414,-0.9001752975055537,195,0.3096532806186818,196
1.3381394775302433,3D CNN/U-Net,0.08715309550955382,-0.20685093342739136,0.7980597756687218,0.8009528318404237,0.22084248673515788,-0.689022017649505,195,0.2599029271934438,196
1.3825296156126867,Differential LocalNO,0.2631191689907525,-0.3231322271285977,0.7904220209558164,0.8464820920215702,18.679497696669767,-3.7529166958562774,195,0.2833280874875629,196
1.4231566847573676,Index-space DISCO3D LocalNO,0.12449865356753745,-0.7051035294959302,0.7986004598815292,0.8658220676253916,0.5994497802746862,-5.658900868318149,195,0.2880519409759158,196
1.3716410279456468,Anisotropic spherical DISCO3D LocalNO,0.1303538175449778,-0.5716514979761631,0.7906048437334378,0.881950245567418,0.7225060242059675,-1.487934973639463,195,0.2908002344804769,196
1.913147159325593,Persistence,0.08511872352321952,1.0438772291010423e-07,0.0,1.0,0.011872059019150186,2.8201133295269187e-06,196,0.34852892512424194,197
1.9289628329006494,FNO,0.24733959573926045,-0.8431217876579118,0.6701230152397329,1.022213036980932,0.028406338248192785,-0.9592782024100601,196,0.32278849259141695,197
1.589938959165339,3D CNN/U-Net,0.1359760204030248,-0.24381123910218871,0.7413775893103107,0.8551501535010557,0.15614088018537767,-0.5576634456823855,196,0.2768198574268022,197
1.6987637896351973,Differential LocalNO,0.13249629345846883,-0.5566022754971505,0.723731589099075,0.9006302635919872,4.141223589445229,-0.1190667082184389,196,0.30301297678119904,197
1.7278030572840009,Index-space DISCO3D LocalNO,0.13771290122183402,-0.617888393794306,0.742085378023463,0.917980088160427,2.377335380697533,-10.89235590115026,196,0.3028030871169264,197
1.670020523612829,Anisotropic spherical DISCO3D LocalNO,0.16496560019248374,-0.2683527151630143,0.7281771986766775,0.9395838809093209,34.813895488235744,-13.780938629663119,196,0.3075029942338456,197
1.9074155005247004,Persistence,0.06314876184890444,4.2249318266129876e-08,0.0,1.0,0.031556230005688614,-8.566335623072519e-07,197,0.34069194458581575,198
2.281562385362047,FNO,0.21861320570662382,-0.7439268152353138,0.5659968839675915,1.0944253777996207,0.2769350226030758,-3.862901817201794,197,0.34368334821339996,198
1.7637662862256287,3D CNN/U-Net,0.10443341068741772,-0.4642085891768697,0.6743935386823272,0.9004068641751684,0.09433145525146375,-1.1796142201585509,197,0.28779398001780054,198
2.0114086230175645,Differential LocalNO,0.30038812436429546,-3.7568203081431717,0.6509657366609135,0.9734146420549683,10.27146300246052,-324.49743107743956,197,0.3290291828049374,198
2.0368192698607035,Index-space DISCO3D LocalNO,0.3227420557052181,-1.197229990884709,0.6839095946718347,0.9759229481777294,9.430058346651128,-10.173006811842464,197,0.32217523639787937,198
1.9405338227531654,Anisotropic spherical DISCO3D LocalNO,1.699408871449874,-2.029817751439315,0.6626433151337375,0.9944615160779962,199.03793196497338,-54.106260079046606,197,0.3299860764078821,198
1.9219724473366657,Persistence,0.03166540216826757,-4.444197481134893e-07,0.0,1.0,0.029987729143317248,4.01072261402291e-07,198,0.3395725147017459,199
2.5762749643997958,FNO,0.3294440413417053,-1.4683011576301843,0.4786503925045606,1.155440208270083,2.273135502125178,-44.5746675483073,198,0.3630659225402979,199
1.7560850491272588,3D CNN/U-Net,0.04738313792797163,-0.4963731225574115,0.6957214939354874,0.8886070791687095,0.38464908044327656,-11.826877431528317,198,0.2834885769571799,199
2.2044154308399957,Differential LocalNO,0.22529216126890397,-0.49318392625226415,0.6376175867342895,0.9829683825029725,8.548886646988496,-162.67729903689076,198,0.3367235569241923,199
2.171470904573572,Index-space DISCO3D LocalNO,1.1797585665830077,-2.317705325260257,0.6650548329491432,0.9836581546474763,416.9385852184929,-2036.1309686531288,198,0.32661637017625234,199
2.071994796420051,Anisotropic spherical DISCO3D LocalNO,0.43615124042849956,-1.3307480676490506,0.6525864456477201,1.028214760066195,38.46554639866565,-814.1017642644492,198,0.34229257342374375,199
2.2380599740758402,Persistence,0.03112669905771654,1.1437235003519675e-07,0.0,1.0,0.03256475198680649,6.895970680043106e-07,199,0.3694053937705603,200
2.6915215267701997,FNO,0.4543640024181325,-1.0495140819096864,0.5084310835303086,1.1365414595754615,3.460081377159891,-50.54309317944112,199,0.37556905191322804,200
1.7615030884184102,3D CNN/U-Net,0.05766292998250655,-0.7661996507470337,0.7342412144517932,0.8605538574785705,0.44937765318811373,-12.79950148186805,199,0.2942896404834322,200
2.3888576977757996,Differential LocalNO,0.4332994150578416,-1.7263069832395352,0.6617904794914334,0.9815441782251362,14.222536771704373,-435.74605504893543,199,0.3563506256545651,200
2.170129918996434,Index-space DISCO3D LocalNO,0.5715671289511295,-3.026523975176823,0.703333063003718,0.9539743319343202,12.339596104749962,-377.9246606392094,199,0.3357175362640191,200
2.1376853264505384,Anisotropic spherical DISCO3D LocalNO,0.8161678364916627,-8.452263313236003,0.6922651556696071,1.0059511352597639,267.6767496190811,-8218.825077692216,199,0.3570502515828645,200
2.028835156115706,Persistence,0.03408850474163509,-6.210309499987687e-07,0.0,1.0,0.018813610165165508,-6.336787901073393e-07,200,0.3516762118133463,201
2.7237014944079823,FNO,0.2513054430774663,-2.1492273948270206,0.36844975961217913,1.1174519458588767,0.5116724931870811,-8.970293504982692,200,0.3718686293640395,201
1.7453917090855464,3D CNN/U-Net,0.05264756430245436,-0.3826767438910801,0.7029951649608384,0.8934961925669865,0.82600971858975,-30.717720011463822,200,0.2902663942988968,201
2.3133058345184163,Differential LocalNO,0.36326206352712365,-1.2437427495558975,0.5825386892901553,0.9874637183311782,7.732917790184779,-22.49938530601647,200,0.3496588119726383,201
2.1852134753007006,Index-space DISCO3D LocalNO,0.5357728555578004,-1.4933000044066773,0.6393889195124378,0.9912652134160893,5.489004081768451,-21.477232336044292,200,0.3405275798866062,201
2.2132024244433777,Anisotropic spherical DISCO3D LocalNO,0.8072790391372474,-1.5712508570629504,0.6020181862527229,1.0419382734477258,116.29379728851819,-140.78631106390455,200,0.3625887417021401,201
1.8700014533129234,Persistence,0.058564397698090874,-3.412752791476237e-07,0.0,1.0,0.005541589169801535,-4.903955168611418e-07,201,0.33883627839700314,202
2.05686616445913,FNO,0.19387668838492,-1.6047731032953427,0.5786911297779161,1.0104452678387794,0.11444598317080333,-4.262228238033996,201,0.3186957442779157,202
1.6330779611439015,3D CNN/U-Net,0.09225140327424924,-0.36557501853093743,0.7528511422483573,0.8727643894780295,0.2177363833401748,-7.424629228050581,201,0.2705029466533613,202
2.015194716320297,Differential LocalNO,0.40562669505438903,-5.926185484748237,0.6745104289463346,0.9605440278387952,6.137371086505133,-1106.5048017255663,201,0.31969005536226264,202
1.9957371348461086,Index-space DISCO3D LocalNO,0.5388038061237839,-1.2027876532797692,0.7038310219331754,0.9587246748952855,24.589252902434705,-47.86315057702624,201,0.3126480801022156,202
1.9819726615768776,Anisotropic spherical DISCO3D LocalNO,0.251840050691263,-1.1199813923037376,0.6820252242977716,1.0124453083585228,57.155759577275155,-112.78699669785753,201,0.3388444638580065,202
1.9125485714320796,Persistence,0.05415058739755489,-2.1828881191510163e-07,0.0,1.0,0.03814120604198174,3.4147817273844083e-07,202,0.3434714839686659,203
2.136835226215005,FNO,0.20162161671509318,-1.6532774454335186,0.643443419066933,1.0101116285347254,0.26997739289339945,-6.078371827140423,202,0.32069424291132603,203
1.65757110662072,3D CNN/U-Net,0.06233044081582123,0.4539507111863803,0.7687728797253155,0.8559199372582706,0.11661842087303004,-2.057546915267815,202,0.272076686483238,203
2.065970438517362,Differential LocalNO,0.31773778255870877,0.003127643169863248,0.6933425428045586,0.9532875344843772,3.2219303980566543,-5.679677031453008,202,0.3209673179960215,203
2.005654575728402,Index-space DISCO3D LocalNO,0.7809851752218562,-0.6599413325333836,0.7174042934551432,0.9456042056606494,12.957957031071546,-21.360001478339598,202,0.3150338106793281,203
1.9852747300183469,Anisotropic spherical DISCO3D LocalNO,0.3931051457501199,-0.020743659430404238,0.7072034237688294,0.9897894857580848,1.483220202276909,-37.887641593708686,202,0.33645080486473766,203
2.0019893751652367,Persistence,0.10926598322652917,-1.5212026904798392e-07,0.0,1.0,0.022201808346107337,-5.713912836213808e-07,203,0.34700389834788403,204
2.199444426908379,FNO,0.2950455306490315,-1.7002461627685839,0.6721667462430145,1.0379863276256187,0.6622251625052624,-5.3142439272055775,203,0.33082247983032786,204
1.7010253613038906,3D CNN/U-Net,0.14840859483527172,-0.36566489929334245,0.7375206617598438,0.8625892759519792,0.07525689978440667,-2.3896700452749418,203,0.28214294138782336,204
2.0177376159551286,Differential LocalNO,0.35149641120159614,-0.9423229042802455,0.7359531599642145,0.9319631672377325,5.817822254949153,-5.031556031573091,203,0.315749627952168,204
1.9538593998026201,Index-space DISCO3D LocalNO,1.0523483293263938,-1.0984688910567613,0.7589158804427971,0.9197073227234104,17.991469663602164,-60.20295019238557,203,0.30732732104751204,204
1.9321635983529988,Anisotropic spherical DISCO3D LocalNO,0.5322850459684301,-0.8933084893607539,0.7526883670298085,0.9619680195498249,1.8011407366863266,-17.696912367393857,203,0.3250334608144124,204
2.0248701425629303,Persistence,0.06698786586885301,1.5137709041823655e-07,0.0,1.0,0.007791841753787559,-2.530086790075714e-06,204,0.3442014646555652,205
2.4593175684136375,FNO,0.24119741483023607,-2.243302288142462,0.6012578622783012,1.1340444937875607,0.39586316898358376,-49.80495511338273,204,0.35790984675407944,205
1.7596394858225393,3D CNN/U-Net,0.09520022500633887,-0.42115259619529155,0.6964395101872313,0.8998458815540329,0.9918777349462834,-17.049883448855923,204,0.29346476974549374,205
1.965363475497519,Differential LocalNO,0.27134537709542156,-0.8163415241999614,0.6925361445278436,0.9554830269759801,1.4800014780790582,-73.4714586252844,204,0.323939452773503,205
1.8945543017833395,Index-space DISCO3D LocalNO,0.6487814991651256,-1.3708307727679725,0.7261998271471949,0.9399188640112738,6.24784881482045,-17.92528517607927,204,0.3105463315208834,205
1.909695795843723,Anisotropic spherical DISCO3D LocalNO,0.35195065476163573,-1.0920287212002249,0.7046401134975172,0.9927675238015439,2.6064000661454565,-14.99967047661959,204,0.33148712711586126,205
2.2062427003302356,Persistence,0.1200640212784437,-4.84028579217366e-07,0.0,1.0,0.03578257916316716,-5.621656742338388e-07,205,0.35738012174067557,206
2.597614942111362,FNO,0.157443224635932,-0.31132916692483836,0.576158295536177,1.134488836573391,0.03444569063318665,-0.6596841089017267,205,0.37011284716049786,206
1.772900749008668,3D CNN/U-Net,0.09737200602843071,0.1889981176241643,0.7282300541265778,0.8721714449523996,3.044117372445049,-1.7244916099399492,205,0.2945614946659025,206
1.967045933162347,Differential LocalNO,0.1815449872945556,-0.5120703828243254,0.6856961321589415,0.9379080646300901,0.9866870703994628,-26.574525038617477,205,0.32468676704579325,206
1.873391114704436,Index-space DISCO3D LocalNO,0.4420036141100553,-0.24824426834620517,0.7175237470391184,0.9156462622051896,4.532335182644928,-1.6644076022187373,205,0.31202007097082274,206
1.9336122113851835,Anisotropic spherical DISCO3D LocalNO,0.26541817724088873,-0.1232966070812036,0.6937460168122964,0.9626972844029217,4.557842280122947,-3.3487309565158867,205,0.33253358093986496,206
2.1588028643539,Persistence,0.04654528018932165,-3.232048417789457e-07,0.0,1.0,0.016703706289568864,-3.723020676194011e-07,206,0.3605009618102887,207
2.705557320614094,FNO,0.3194051261485693,-5.8622530798486565,0.5559001007672902,1.126245522321021,0.07212193050111379,-0.13248094465200055,206,0.3778192700004174,207
1.5927858500366567,3D CNN/U-Net,0.09657866341734588,-1.0749423732638395,0.7879709189904354,0.8434191742454774,1.0594599974274659,-10.917221547074567,206,0.2815860929967738,207
1.821943016556512,Differential LocalNO,0.1509943923800209,-0.8215471768197931,0.7531791763787513,0.8990618041755138,0.5074804999596386,-4.70833968580605,206,0.31037143600557204,207
1.7623528221440299,Index-space DISCO3D LocalNO,0.3808923903301495,-0.5332102454898573,0.7632014453283483,0.8863196610570065,6.079209532365235,-67.3813329471593,206,0.30342762965085035,207
1.8366936560317217,Anisotropic spherical DISCO3D LocalNO,0.29419954575852786,-0.38414936784399667,0.7437988543710908,0.926431359880046,1.3999863871816798,-14.747595925701601,206,0.32281344987858124,207
1.6451739059197588,Persistence,0.036603993155022226,-5.360531023512749e-07,0.0,1.0,0.006381046097489036,-2.9983513738507384e-07,207,0.328614390932755,208
2.4819804175498184,FNO,0.27422770038077215,-4.791201673647194,0.4742077930900201,1.1253661993987252,0.026865375424634547,-3.210158027302615,207,0.35837400964933863,208
1.501836685213833,3D CNN/U-Net,0.2447936375805766,-0.4045005450066468,0.7780569468250268,0.8677268630683268,6.670196826049252,-78.53901606232937,207,0.2696327918544039,208
1.575428115599061,Differential LocalNO,0.1003687052536788,-1.0960204466070569,0.7567744700306042,0.886138611888875,0.8875157268377719,-14.847867199075797,207,0.28315926606855113,208
1.6471603213659498,Index-space DISCO3D LocalNO,0.2180557557066947,-0.18555769875233885,0.7689526530324112,0.8970164777165242,1.2038472897263104,-30.65008613833153,207,0.284869814624556,208
1.6354009585434846,Anisotropic spherical DISCO3D LocalNO,0.1075454513254682,-0.3311175077898114,0.7590965379147951,0.9201984229683345,0.6133732192485922,-35.126033680174245,207,0.29479608103118926,208
1.5866648985635259,Persistence,0.04233621488325195,-1.376749401149624e-07,0.0,1.0,0.014719953738322132,-1.9608795920333932e-08,208,0.3263552034801026,209
2.1584493384127654,FNO,0.16266915254930012,-2.8423332422021566,0.6274980632371719,1.0654200764297317,0.1574819870690887,-9.69851399140438,208,0.3324012501121071,209
1.336730370805084,3D CNN/U-Net,0.19648533375480556,-0.30105006059873984,0.8139288608997828,0.8317274775159482,3.5768942850657814,-3.446319933552058,208,0.25046776913158975,209
1.4448682483975448,Differential LocalNO,0.16323558113905412,-2.855712591425027,0.7820831771926825,0.868036305406539,4.025801218736502,-88.3458937394147,208,0.2730591830854875,209
1.4807403959940757,Index-space DISCO3D LocalNO,0.19869136438216295,-0.27508148716528824,0.811244509163148,0.8619926975810284,0.9793420807171876,-4.117449614947797,208,0.2683059569847047,209
1.4607418894990682,Anisotropic spherical DISCO3D LocalNO,0.19196212957871514,-0.9649572675648457,0.7890822677386831,0.8846291737584937,10.729464679267918,-3.3334516381669097,208,0.2794454998133177,209
1.5806757383461334,Persistence,0.05309442219130625,-1.260684243664656e-07,0.0,1.0,0.017933498345089744,1.184137822241027e-07,209,0.32038070439915817,210
1.9159038424580805,FNO,0.16209706704819352,-2.0530027091897627,0.6792319153120107,1.0291058323107931,0.8844297734837436,-48.31712192536035,209,0.3067437898707843,210
1.1980000172209564,3D CNN/U-Net,0.10558997959608749,-0.6635342564496434,0.8241691851037262,0.8017629391581179,0.36875421713275236,-2.510150390298839,209,0.23607377035838156,210
1.2742090157552588,Differential LocalNO,0.10915271968199698,-0.48343490273498,0.8147174088761038,0.8391428244820203,1.2846970961015864,-1.3403920595978494,209,0.25441121232251807,210
1.3474792887851643,Index-space DISCO3D LocalNO,0.19311792908999212,-1.8794519371543554,0.8258799862264009,0.8490848678862728,0.47593684806188796,-25.538947769911612,209,0.25519307279100384,210
1.3086560135111152,Anisotropic spherical DISCO3D LocalNO,0.5208876828220649,-0.4840438957141917,0.8186033781629243,0.8597711152238443,25.092149433993487,-5.738442028669352,209,0.26028006945215276,210
1.432613480953849,Persistence,0.049190548892322154,-3.610327783398759e-07,0.0,1.0,0.007655996932800185,-1.9291791941711267e-07,210,0.30561840787946115,211
1.7899701376491106,FNO,0.10370473434897477,-1.1082323396817322,0.6752605420623806,1.0113191535076098,0.023102996509090205,-32.899793031644755,210,0.29157418195404894,211
1.245604297883737,3D CNN/U-Net,0.08616023812456412,-0.6056060874738436,0.8203845722348619,0.821334924732261,0.3854009239320075,-3.150537124894278,210,0.23546711482575092,211
1.242781862249493,Differential LocalNO,0.06649367158667363,-0.3517619007775561,0.7830050426425599,0.8533776417891012,0.10506733835076679,-5.424936317039567,210,0.24903528428609661,211
1.3148092698964307,Index-space DISCO3D LocalNO,0.11337150987430865,-0.4876690339084786,0.79465926523732,0.8556737125325771,0.21321655999954883,-4.275406807062481,210,0.2484151318088732,211
1.295498346614275,Anisotropic spherical DISCO3D LocalNO,0.12717471995659274,-0.4465153280746115,0.77062369150893,0.8781737480081577,4.3097673109795345,-2.8552035303347982,210,0.25809715518422743,211
