channel,earliest_selected_no_gt_collapse_step,gt_median_model_dynamic_span_retention,gt_median_model_high_k_retention,gt_median_model_total_variation_retention,gt_median_model_variance_retention,gt_median_preprocessing_variance_retention,model,no_gt_detector_collapse_steps,no_gt_std_ratios
Bcc1,,0.14107126641076045,0.022509221934179147,0.1920179307494863,0.028675509148761907,1.0000000030745086,persistence,[],"{""100"":0.9999999345982298,""25"":0.9999999345982298,""50"":0.9999999345982298,""75"":0.9999999345982298}"
Bcc2,,0.8877169964552017,0.7998862320155162,1.1257156871975875,1.398206888242781,0.029595477510584067,persistence,[],"{""100"":0.7132048242226319,""25"":0.7132048242226319,""50"":0.7132048242226319,""75"":0.7132048242226319}"
Bcc3,25,1.0,1.3469143662701122,2.4494356871706713,0.7904941619614799,3.7140167463051e-06,persistence,"[25,50,75,100]","{""100"":0.012590570274327594,""25"":0.012590570274327594,""50"":0.012590570274327594,""75"":0.012590570274327594}"
rho,,0.12557603094733502,0.001726433590334272,0.12873490363558568,0.007857630399203461,1.0000000548642116,persistence,[],"{""100"":1.0,""25"":1.0,""50"":1.0,""75"":1.0}"
press,,0.101519414836068,0.0003079790371382453,0.031107609484975606,0.00038278889718596285,0.9999999471310116,persistence,[],"{""100"":1.0,""25"":1.0,""50"":1.0,""75"":1.0}"
vel1,,0.862973729318979,0.6811795079616881,0.7201143372830341,0.6496093058620965,1.0000000002699063,persistence,[],"{""100"":1.0,""25"":1.0,""50"":1.0,""75"":1.0}"
vel2,,1.0,0.9664980858037584,1.2139847552458976,1.6513261564451505,0.5247486654813817,persistence,[],"{""100"":0.4539392614255664,""25"":0.4539392614255664,""50"":0.4539392614255664,""75"":0.4539392614255664}"
vel3,,1.125566741902334,1.2224525885264494,1.5039133721903934,0.9238652456701109,0.02513101237919938,persistence,[],"{""100"":0.15903054972672143,""25"":0.15903054972672143,""50"":0.15903054972672143,""75"":0.15903054972672143}"
Bcc1,,0.07015927895598792,0.00196328546314448,0.22376299946079162,0.007635820237132692,1.0000000030745086,fno_plain,[],"{""100"":0.38801454352245823,""25"":0.29187423553505776,""50"":0.29308142141068216,""75"":0.2808954692662039}"
Bcc2,,0.5721695608085153,2.152842435971543,2.013099530484765,0.9863395121004281,0.029595477510584067,fno_plain,[],"{""100"":0.23143688392601403,""25"":0.390677209816018,""50"":0.2512917636752919,""75"":0.3616836555857801}"
Bcc3,25,1.0,0.6083552718583906,2.622071725943187,0.5428344386329429,3.7140167463051e-06,fno_plain,"[25,50,75,100]","{""100"":0.010169951688070025,""25"":0.010318717853451174,""50"":0.010237325820969409,""75"":0.01032141457009245}"
rho,,0.04967644602179174,7.210998873435114e-06,0.031799659229789,0.0006783954184777826,1.0000000548642116,fno_plain,[],"{""100"":0.0843048172740553,""25"":0.08934127179783911,""50"":0.07142698296921256,""75"":0.21300120003993342}"
press,,0.010445047039194418,1.9234256357455465e-06,0.005945370539843245,4.377908869488387e-06,0.9999999471310116,fno_plain,[],"{""100"":0.09004211328764263,""25"":0.10760762521102983,""50"":0.11399269184289575,""75"":0.15767767078679074}"
vel1,,0.5833468534055619,0.2272383191204615,0.5409542584242634,0.33904739422446434,1.0000000002699063,fno_plain,[],"{""100"":0.6159189663886494,""25"":0.6453867009099786,""50"":0.6420470632090984,""75"":0.6679450925415596}"
vel2,,0.8646629359239026,0.26956286323144546,1.0966595782295618,0.6446925833224969,0.5247486654813817,fno_plain,[],"{""100"":0.4557407031796505,""25"":0.3474371519346694,""50"":0.40053233000949945,""75"":0.4575277953365678}"
vel3,,1.0150984625876702,0.6495823691668912,1.8287180670318028,0.38118158478802655,0.02513101237919938,fno_plain,[],"{""100"":0.10315940036482273,""25"":0.0951352644058518,""50"":0.0989114331536661,""75"":0.10347231768117132}"
Bcc1,,0.07694484171234177,0.003749089036693657,0.17902784532549829,0.006093898204574139,1.0000000030745086,fno_full,[],"{""100"":0.44787681655051964,""25"":0.3040698344406507,""50"":0.3105523271061692,""75"":0.38609601529250354}"
Bcc2,,0.07996729678503395,0.20464648748480427,0.22164437067122653,0.028466677211512664,0.029595477510584067,fno_full,[],"{""100"":0.1877986437108038,""25"":0.05727597740756519,""50"":0.05493844469756408,""75"":0.1662706416301027}"
Bcc3,25,1.0,0.5842363720302068,2.6181514495978506,0.5590381561726522,3.7140167463051e-06,fno_full,"[25,50,75,100]","{""100"":0.013323314239130886,""25"":0.01132579395359481,""50"":0.012470720435553305,""75"":0.013298651362764593}"
rho,75,0.06343296709666883,0.00011123909431013995,0.029073013896535802,0.0009061051861427637,1.0000000548642116,fno_full,"[75,100]","{""100"":0.02549071497116033,""25"":0.069660810444626,""50"":0.06752932864998563,""75"":0.03183470112078433}"
press,,0.016758253768991066,9.195312574065983e-06,0.006292273452611188,9.81466510321433e-06,0.9999999471310116,fno_full,[],"{""100"":0.12035314102256006,""25"":0.20355506453261352,""50"":0.18217351075392688,""75"":0.1261612971569355}"
vel1,,0.5453213411755851,0.24555894802652445,0.6080246844747192,0.20772643136653307,1.0000000002699063,fno_full,[],"{""100"":0.5827119491015704,""25"":0.5139563603597834,""50"":0.5569498791345254,""75"":0.5803436375819587}"
vel2,,1.0,0.5990479405542966,1.570716933567982,1.0563716284089677,0.5247486654813817,fno_full,[],"{""100"":0.7983108722092286,""25"":0.6483798070065946,""50"":0.6853779406913129,""75"":0.7698926630109233}"
vel3,,1.018775530865455,0.7364110024375838,1.8150471927277572,0.6699247862136203,0.02513101237919938,fno_full,[],"{""100"":0.15331782976883096,""25"":0.14316300229862117,""50"":0.1501869779229518,""75"":0.1518451476361586}"
Bcc1,,0.020101181216003707,0.014835080762636536,0.18909244213843074,0.001801356902131453,1.0000000030745086,localno_plain,[],"{""100"":0.12353827860971009,""25"":0.3509282734861354,""50"":0.21033479100798907,""75"":0.17252588046152198}"
Bcc2,,0.5779283671833247,3.6224816203906047,2.124716056139112,0.4740898532928948,0.029595477510584067,localno_plain,[],"{""100"":0.35823449642767763,""25"":0.4089770682520676,""50"":0.33367901922387727,""75"":0.29562763785971663}"
Bcc3,25,1.0,0.9302787855409032,3.255463107199467,0.23854282056531498,3.7140167463051e-06,localno_plain,"[25,50,75,100]","{""100"":0.005714970931891867,""25"":0.006540314194893706,""50"":0.006181260482006235,""75"":0.006142925917123654}"
rho,,0.010623777631433535,0.001369895850352725,0.03146838442562334,0.0002782991701976263,1.0000000548642116,localno_plain,[],"{""100"":0.0991766585101983,""25"":0.08216406522186477,""50"":0.15388214955879687,""75"":0.1798653673365022}"
press,,0.0040448672838685916,2.0586014425207783e-06,0.00481926698524913,8.622340473094066e-07,0.9999999471310116,localno_plain,[],"{""100"":0.06351588243927955,""25"":0.057105949149813554,""50"":0.05756138885374569,""75"":0.05214980943465236}"
vel1,,0.6114475273424034,0.6475533824141938,0.9963892695741738,0.2690590635253694,1.0000000002699063,localno_plain,[],"{""100"":0.5478750202967093,""25"":0.5486334883125259,""50"":0.5394971676085102,""75"":0.5587434793248}"
vel2,,0.3999177524766175,0.5580091914802384,1.3866295664737551,0.2577601380995979,0.5247486654813817,localno_plain,[],"{""100"":0.15909823861030759,""25"":0.13748721133866457,""50"":0.18558774515035342,""75"":0.1624023334714232}"
vel3,75,0.9061764494902528,1.5684366197549953,2.180265658396395,0.20181993760753514,0.02513101237919938,localno_plain,"[75,100]","{""100"":0.04961326023704196,""25"":0.05824152396410557,""50"":0.06666264101341537,""75"":0.044911059312461914}"
