absolute_residual_error,finite,ground_truth_available,normalized_global_norm,physical_l2,physical_range_explosion,press_q001,press_q999,radial_absolute_error,radial_skill,residual_cosine,residual_l2,rho_press_positive,rho_q001,rho_q999,selected_step,shell_absolute_error,shell_skill,state_l2,step
1.017153934024129,True,True,47029.819309262675,9.92683445763452,True,2.9816915608193994e-07,29.642811120986796,0.1484705334669875,0.06493731351243981,0.8725428521256292,0.5036307019777446,True,8.10638290749921e-06,27.190277601241228,True,0.5686940716736575,-1.1695748024763581,0.20621552538468035,1
1.274177073997623,True,True,47062.814900441736,87.77711095758141,True,2.9902021594807596e-07,53.76852301025265,0.3759576618622922,-0.8784974100242517,0.7669204068925146,0.6572660923199505,True,7.899891999841202e-06,26.208238367080295,True,9.328132773293145,-3.8281471906095774,0.26494848045452374,2
1.6243724156638588,True,True,47372.0026510338,333765.909300271,True,2.9939542261558925e-07,101.2247657699557,9.12523502945087,-5.892934125791956,0.5673774872255075,0.8877497063610601,True,7.367742417955015e-06,23.820367671966416,True,26596.185521123873,-967.0395810082848,0.3239021493234393,3
2.1722725417866675,True,True,48849.99818382099,26356867758615.355,True,2.983224077013347e-07,916.9345424803003,1246.134566050183,-131.03429218578356,0.258625653253904,1.2362995377764763,True,4.5552236483104043e-07,24.536060235977164,False,358009983.26922315,-13462.512474562649,0.43397195743337635,4
3.623028810851163,True,True,54187.100754445506,48728348337571.65,True,2.909732236560103e-07,29291.598755858005,152394176.7591047,-122330.70195055465,0.13998643454228255,1.5479870824808324,True,1.1754943508222875e-38,24.67798487091059,True,1.1787151300961227e+19,-16123614201.130753,0.6541793927790771,5
6.177127070496612,True,True,67184.5340582688,2.254876773476402e+17,True,6.797705176531112e-09,119644974432.09633,1100606831110.4187,-7221.105525556902,0.09299122730628637,1.6312953006366164,True,1.1754943508222875e-38,38.56631378173767,False,3.1104975082953884e+26,-26388881.511771366,1.0471657422903995,6
10.540667778483968,True,True,93272.3614027892,5.6132704883264615e+32,True,1.1754943508222875e-38,6.620955797775974e+16,1.634006023124217e+20,-148464098.7071711,0.05247043767742978,1.62691816544747,True,1.1754943508222875e-38,196.15720060722634,False,8.624606642234361e+42,-2.7727418585719456e+16,1.6984601422677208,7
17.635808817090528,True,True,139325.08397908608,2.176871602043155e+36,True,1.1754943508222875e-38,6.620955797775974e+16,1.632832940559206e+35,-8462.914518867421,-0.003791170472991602,1.6176809782715185,True,1.1754943508222875e-38,16718.68816698603,False,6.827011264600391e+72,-14685978.745758075,2.7333379400659323,8
29.20863627173378,True,True,215421.44423531851,5.712146866425431e+36,True,1.1754943508222875e-38,6.620955797775974e+16,2.7212753281966696e+36,-6.1182632545927325,-0.06292591565588507,1.610023023829575,True,1.1754943508222875e-38,496518181.9836863,False,2.115967271344908e+74,-5.569806558080225,4.353885991959777,9
46.7736214462861,True,True,330933.42051076295,1.2341801895230193e+37,True,1.1754943508222875e-38,6.620955797775974e+16,1.0903682593747249e+37,-1.4498342117120626,-0.08692420017657211,1.591945639373778,True,1.1754943508222875e-38,2.1504328797415057e+25,True,1.044708686375854e+75,-2.8133379687344084,6.7406849947779035,10
72.21219208340949,True,True,489211.8266238067,2.0510639487803654e+37,True,1.1754943508222875e-38,6.620955797775974e+16,2.31978180089974e+37,-0.965634464437102,-0.12569819406702726,1.5903027581433546,True,1.1754943508222875e-38,2.1504328797415057e+25,True,2.6388725567053367e+75,-1.5259410504757223,9.954885775223586,11
103.86668114360842,True,True,666722.0640030041,2.8941615962437987e+37,True,1.1754943508222875e-38,6.620955797775974e+16,3.7462984493634336e+37,-0.5957774025854214,-0.12768588869907532,1.563147296800974,True,1.1754943508222875e-38,2.1504328797415057e+25,False,5.340847210120102e+75,-0.9904559399380781,13.58955859902535,12
139.19919894146307,True,True,843624.5621064116,3.4935926218125475e+37,True,1.1754943508222875e-38,6.620955797775974e+16,5.481984334633771e+37,-0.4444287925604049,-0.11360435241097315,1.5438165462362896,True,1.1754943508222875e-38,2.1504328797415057e+25,False,9.52933634570971e+75,-0.7619381256560447,17.129697304778695,13
175.392403538626,True,True,1017677.4815498072,4.0344785441551354e+37,True,1.1754943508222875e-38,6.620955797775974e+16,5.591799483392528e+37,-0.34782842401244896,-0.10412263991770333,1.5468617976300427,True,1.1754943508222875e-38,2.1504328797415057e+25,False,1.4784209031850918e+76,-0.5514416214836464,20.72166910143333,14
207.34709499245258,True,True,1147456.7790331717,4.458180519074024e+37,True,1.1754943508222875e-38,6.620955797775974e+16,7.865017785898458e+37,-0.3068526862505838,-0.10698175168132723,1.5253132249109898,True,1.1754943508222875e-38,2.1504328797415057e+25,False,1.9891012625301022e+76,-0.3454228482868491,23.42895815820272,15
235.95215964085662,True,True,1258168.635185887,4.79160582367315e+37,True,1.1754943508222875e-38,6.620955797775974e+16,9.405807065309277e+37,-0.2590788169538145,-0.10268114652718843,1.5151490249981205,True,1.1754943508222875e-38,2.1504328797415057e+25,False,2.471470744336078e+76,-0.24250624686267108,25.81022076159872,16
265.92770639477783,True,True,1378076.9026036607,5.109249132878487e+37,True,1.1754943508222875e-38,6.620955797775974e+16,9.109698528780989e+37,-0.23066935473530936,-0.11228673424768955,1.5385492034853894,True,1.1754943508222875e-38,2.1504328797415057e+25,False,2.9931212011040015e+76,-0.21106883743754645,28.35650145294453,17
297.61838142434306,True,True,1507205.4992358522,5.733543072080313e+37,True,1.1754943508222875e-38,6.620955797775974e+16,7.803732026627019e+37,-0.20966337917501177,-0.11924361225195552,1.5740330416366546,True,1.1754943508222875e-38,2.1504328797415057e+25,False,3.468756297506312e+76,-0.158909400737556,31.241274238608423,18
329.14247390059575,True,True,1645331.9067191507,6.198307421389303e+37,True,1.1754943508222875e-38,6.620955797775974e+16,7.021884679168272e+37,-0.18317173274277154,-0.1414908535794815,1.6206092531058938,True,1.1754943508222875e-38,2.1504328797415057e+25,True,4.017009244486717e+76,-0.15805461668625842,34.35090461453001,19
362.1364118718998,True,True,1794871.8475885377,6.629921388169475e+37,True,1.1754943508222875e-38,6.620955797775974e+16,6.492139738535794e+37,-0.17178582842473444,-0.1703514523222866,1.6768347036455085,True,1.1754943508222875e-38,2.1504328797415057e+25,False,4.625816047641239e+76,-0.15155723228421736,37.58713714134429,20
393.5665390763901,True,True,1922559.7837670962,6.7449796578759695e+37,True,1.1754943508222875e-38,6.620955797775974e+16,6.489085745355977e+37,-0.1442553634369652,-0.19627235902446097,1.7097308798817281,True,1.1754943508222875e-38,2.1504328797415057e+25,False,5.220114130707856e+76,-0.12847421448366014,40.36194502616826,21
425.3098476654904,True,True,2062653.7507337844,6.86493162492105e+37,True,1.1754943508222875e-38,6.620955797775974e+16,7.101474452231452e+37,-0.11975070468604265,-0.20924491429581477,1.753116760349528,True,1.1754943508222875e-38,2.1504328797415057e+25,False,5.830436825042628e+76,-0.11691750008768698,43.17763187349989,22
456.0532404399252,True,True,2189599.8638455034,7.090549868759449e+37,True,1.1754943508222875e-38,6.620955797775974e+16,8.209203914417741e+37,-0.12526050661271193,-0.22527673371742885,1.7838331828399097,True,1.1754943508222875e-38,2.1504328797415057e+25,False,6.351232954437135e+76,-0.0893236896346441,45.94491976097387,23
484.4881465821014,True,True,2318012.9801747487,7.326268682783754e+37,True,1.1754943508222875e-38,6.620955797775974e+16,9.179769108632373e+37,-0.11101476030447799,-0.23824578032238375,1.816902275201794,True,1.1754943508222875e-38,2.1504328797415057e+25,False,6.835822292594466e+76,-0.07629846702737986,48.60721978219221,24
505.95692064303466,True,True,2392051.0107376208,7.396198992189837e+37,True,1.1754943508222875e-38,6.620955797775974e+16,1.0220656792786798e+38,-0.09857774611210068,-0.25451431214957515,1.8127296160764468,True,1.1754943508222875e-38,2.1504328797415057e+25,True,7.203280087871249e+76,-0.05375473199103875,50.26440364217372,25
521.6803168546998,True,True,2424006.912819249,7.436663311366572e+37,True,1.1754943508222875e-38,6.620955797775974e+16,1.1418930225305324e+38,-0.08766353374357672,-0.2681489411387908,1.7810458936649864,True,1.1754943508222875e-38,2.1504328797415057e+25,False,7.376371014923985e+76,-0.02402945948807189,50.952433763854344,26
535.151053068916,True,True,2450964.527042922,7.722475965830996e+37,True,1.1754943508222875e-38,6.620955797775974e+16,1.2015145376905648e+38,-0.05221287282052556,-0.27658818964817744,1.7529805320201608,True,1.1754943508222875e-38,2.1504328797415057e+25,False,7.550764863730195e+76,-0.023642228468900628,51.766144791436304,27
546.3504224424116,True,True,2468930.8597278465,7.908483174872584e+37,True,1.1754943508222875e-38,6.620955797775974e+16,1.2528323894492696e+38,-0.04271097032029503,-0.28211419277964556,1.7207677893707576,True,1.1754943508222875e-38,2.1504328797415057e+25,False,7.650858551424984e+76,-0.018029326221607356,52.05205215155154,28
557.7615967152973,True,True,2494278.4277483076,7.859957338290517e+37,True,1.1754943508222875e-38,6.620955797775974e+16,1.3308247912371002e+38,-0.062252861950763405,-0.2858233980150226,1.6981480384809549,True,1.1754943508222875e-38,2.1504328797415057e+25,False,7.794106083438133e+76,-0.018723066313449,52.71578623482701,29
570.5216404964673,True,True,2525424.333345666,8.071310071624121e+37,True,1.1754943508222875e-38,6.620955797775974e+16,1.4191759365929258e+38,-0.06142198006053734,-0.2879855687444334,1.6788973206993714,True,1.1754943508222875e-38,2.1504328797415057e+25,False,7.877597618263435e+76,-0.02267461738483534,53.42331753450322,30
582.3508397222066,True,True,2557386.409219299,8.35529189554256e+37,True,1.1754943508222875e-38,6.620955797775974e+16,1.4771209851464012e+38,-0.04083006698421521,-0.28732172672067624,1.6597340268427616,True,1.1754943508222875e-38,2.1504328797415057e+25,False,7.988023755267805e+76,-0.021487701657139313,54.26993504126755,31
593.5914698035806,True,True,2574968.3939317437,8.529484437952766e+37,True,1.1754943508222875e-38,6.620955797775974e+16,1.5535116044250685e+38,-0.05171588518938819,-0.28927701159559854,1.6307695745153197,True,1.1754943508222875e-38,2.1504328797415057e+25,False,8.107252501578003e+76,-0.02079958228465495,54.744259242542135,32
605.9474559437183,True,True,2605157.2298407382,8.582125163934084e+37,True,1.1754943508222875e-38,6.620955797775974e+16,1.6124578149170516e+38,-0.03794384948530727,-0.2937572243419312,1.609900792816824,True,1.1754943508222875e-38,2.1504328797415057e+25,False,8.128640469455966e+76,-0.017836684460148966,55.35428964206262,33
616.8724675815301,True,True,2622629.5720263454,8.439706880476964e+37,True,1.1754943508222875e-38,6.620955797775974e+16,1.6888611347492123e+38,-0.047383143376120485,-0.2929020465429783,1.5809299256308305,True,1.1754943508222875e-38,2.1504328797415057e+25,False,8.136618614851354e+76,-0.016276419567752942,55.579920234940516,34
628.3263310705776,True,True,2640129.8798848907,8.748747060633553e+37,True,1.1754943508222875e-38,6.620955797775974e+16,1.7755074004413005e+38,-0.05005348904816298,-0.2962563467829063,1.5537956113278852,True,1.1754943508222875e-38,2.1504328797415057e+25,False,8.183972717749254e+76,-0.015018587178685427,56.11288321791798,35
643.7135141060787,True,True,2684186.503702959,8.871753834211311e+37,True,1.1754943508222875e-38,6.620955797775974e+16,1.8351162387800285e+38,-0.03357284702046992,-0.2961424412012135,1.5411859868159565,True,1.1754943508222875e-38,2.1504328797415057e+25,False,8.213202842339849e+76,-0.017247524354342403,57.26801258938005,36
660.7138972171958,True,True,2751109.6481142445,8.66540327209136e+37,True,1.1754943508222875e-38,6.620955797775974e+16,1.9024898184812847e+38,-0.03671352161650843,-0.2953916719055338,1.5394471739738247,True,1.1754943508222875e-38,2.1504328797415057e+25,False,8.296843556534466e+76,-0.01754532063978509,58.386009022798056,37
678.3880169017781,True,True,2821921.021288961,9.218957745538183e+37,True,1.1754943508222875e-38,6.620955797775974e+16,1.969885493604235e+38,-0.0372507664388988,-0.29385646110621816,1.5364963319058889,True,1.1754943508222875e-38,2.1504328797415057e+25,False,8.359175037702055e+76,-0.013925564774900812,59.822256411397845,38
698.6925017703197,True,True,2895054.89286956,9.38133633777574e+37,True,1.1754943508222875e-38,6.620955797775974e+16,2.0547686528430876e+38,-0.043090402723634735,-0.2939409533804442,1.5314092271766981,True,1.1754943508222875e-38,2.1504328797415057e+25,False,8.4234373289068e+76,-0.01751369047056328,61.349970597180665,39
721.344923653683,True,True,2989906.265523613,9.545297229723776e+37,True,1.1754943508222875e-38,6.620955797775974e+16,2.1229347232302256e+38,-0.052390358413626936,-0.2899432471313625,1.5331458859623144,True,1.1754943508222875e-38,2.1504328797415057e+25,False,8.537047967930659e+76,-0.018234194747524413,63.60087296782391,40
744.6748109156493,True,True,3099187.362836214,9.685357487501513e+37,True,1.1754943508222875e-38,6.620955797775974e+16,2.1798260565406723e+38,-0.05353337801774649,-0.27989847633136666,1.5380794475740112,True,1.1754943508222875e-38,2.1504328797415057e+25,False,8.618122111913305e+76,-0.011877655345724492,66.11233553866637,41
772.6152831285292,True,True,3247505.9577047615,9.728174484043668e+37,True,1.1754943508222875e-38,6.620955797775974e+16,2.2661934240121825e+38,-0.055958203836802944,-0.2712027325835797,1.5579338871297936,True,1.1754943508222875e-38,2.1504328797415057e+25,True,8.729822317054249e+76,-0.012961084061055006,69.42300947907357,42
,True,False,3411730.2757575656,,True,1.1754943508222875e-38,6.620955797775974e+16,,,,,True,1.1754943508222875e-38,2.1504328797415057e+25,False,,,,43
,True,False,3607100.447490629,,True,1.1754943508222875e-38,6.620955797775974e+16,,,,,True,1.1754943508222875e-38,2.1504328797415057e+25,False,,,,44
,True,False,3835365.050798359,,True,1.1754943508222875e-38,6.620955797775974e+16,,,,,True,1.1754943508222875e-38,2.1504328797415057e+25,False,,,,45
,True,False,4121934.3989959573,,True,1.1754943508222875e-38,6.620955797775974e+16,,,,,True,1.1754943508222875e-38,2.1504328797415057e+25,False,,,,46
,True,False,4449277.381907428,,True,1.1754943508222875e-38,6.620955797775974e+16,,,,,True,1.1754943508222875e-38,2.1504328797415057e+25,False,,,,47
,True,False,4825798.352556101,,True,1.1754943508222875e-38,6.620955797775974e+16,,,,,True,1.1754943508222875e-38,2.1504328797415057e+25,False,,,,48
,True,False,5257277.273232275,,True,1.1754943508222875e-38,6.620955797775974e+16,,,,,True,1.1754943508222875e-38,2.1504328797415057e+25,False,,,,49
,True,False,5750940.862813074,,True,1.1754943508222875e-38,6.620955797775974e+16,,,,,True,1.1754943508222875e-38,2.1504328797415057e+25,True,,,,50
,True,False,6312573.891733201,,True,1.1754943508222875e-38,6.620955797775974e+16,,,,,True,1.1754943508222875e-38,2.1504328797415057e+25,False,,,,51
,True,False,6965084.328823691,,True,1.1754943508222875e-38,6.620955797775974e+16,,,,,True,1.1754943508222875e-38,2.1504328797415057e+25,False,,,,52
,True,False,7735755.478594335,,True,1.1754943508222875e-38,6.620955797775974e+16,,,,,True,1.1754943508222875e-38,2.1504328797415057e+25,False,,,,53
,True,False,8637380.433587395,,True,1.1754943508222875e-38,6.620955797775974e+16,,,,,True,1.1754943508222875e-38,2.1504328797415057e+25,False,,,,54
,True,False,9626847.791467708,,True,1.1754943508222875e-38,6.620955797775974e+16,,,,,True,1.1754943508222875e-38,2.1504328797415057e+25,False,,,,55
,True,False,10748347.836288085,,True,1.1754943508222875e-38,6.620955797775974e+16,,,,,True,1.1754943508222875e-38,2.1504328797415057e+25,False,,,,56
,True,False,12016597.794128263,,True,1.1754943508222875e-38,6.620955797775974e+16,,,,,True,1.1754943508222875e-38,2.1504328797415057e+25,False,,,,57
,True,False,13395440.95374233,,True,1.1754943508222875e-38,6.620955797775974e+16,,,,,True,1.1754943508222875e-38,2.1504328797415057e+25,False,,,,58
,True,False,14799694.59313298,,True,1.1754943508222875e-38,6.620955797775974e+16,,,,,True,1.1754943508222875e-38,2.1504328797415057e+25,False,,,,59
,True,False,16377898.369961325,,True,1.1754943508222875e-38,6.620955797775974e+16,,,,,True,1.1754943508222875e-38,2.1504328797415057e+25,False,,,,60
,True,False,18147814.336860456,,True,1.1754943508222875e-38,6.620955797775974e+16,,,,,True,1.1754943508222875e-38,2.1504328797415057e+25,False,,,,61
,True,False,20161624.54228665,,True,1.1754943508222875e-38,6.620955797775974e+16,,,,,True,1.1754943508222875e-38,2.1504328797415057e+25,False,,,,62
,True,False,22459965.336571563,,True,1.1754943508222875e-38,6.620955797775974e+16,,,,,True,1.1754943508222875e-38,2.1504328797415057e+25,False,,,,63
,True,False,25024249.14854412,,True,1.1754943508222875e-38,6.620955797775974e+16,,,,,True,1.1754943508222875e-38,2.1504328797415057e+25,False,,,,64
,True,False,27699250.63955601,,True,1.1754943508222875e-38,6.620955797775974e+16,,,,,True,1.1754943508222875e-38,2.1504328797415057e+25,False,,,,65
,True,False,30649970.317253403,,True,1.1754943508222875e-38,6.620955797775974e+16,,,,,True,1.1754943508222875e-38,2.1504328797415057e+25,False,,,,66
,True,False,33753333.50233179,,True,1.1754943508222875e-38,6.620955797775974e+16,,,,,True,1.1754943508222875e-38,2.1504328797415057e+25,False,,,,67
,True,False,37058722.48873356,,True,1.1754943508222875e-38,6.620955797775974e+16,,,,,True,1.1754943508222875e-38,2.1504328797415057e+25,False,,,,68
,True,False,40923159.29123722,,True,1.1754943508222875e-38,6.620955797775974e+16,,,,,True,1.1754943508222875e-38,2.1504328797415057e+25,False,,,,69
,True,False,45172830.499429055,,True,1.1754943508222875e-38,6.620955797775974e+16,,,,,True,1.1754943508222875e-38,2.1504328797415057e+25,False,,,,70
,True,False,49881452.647857934,,True,1.1754943508222875e-38,6.620955797775974e+16,,,,,True,1.1754943508222875e-38,2.1504328797415057e+25,False,,,,71
,True,False,54803519.8234753,,True,1.1754943508222875e-38,6.620955797775974e+16,,,,,True,1.1754943508222875e-38,2.1504328797415057e+25,False,,,,72
,True,False,60172120.05108257,,True,1.1754943508222875e-38,6.620955797775974e+16,,,,,True,1.1754943508222875e-38,2.1504328797415057e+25,False,,,,73
,True,False,66719356.186796695,,True,1.1754943508222875e-38,6.620955797775974e+16,,,,,True,1.1754943508222875e-38,2.1504328797415057e+25,False,,,,74
,True,False,74088546.77777368,,True,1.1754943508222875e-38,6.620955797775974e+16,,,,,True,1.1754943508222875e-38,2.1504328797415057e+25,True,,,,75
,True,False,82237970.28936167,,True,1.1754943508222875e-38,6.620955797775974e+16,,,,,True,1.1754943508222875e-38,2.1504328797415057e+25,False,,,,76
,True,False,90698356.89417973,,True,1.1754943508222875e-38,6.620955797775974e+16,,,,,True,1.1754943508222875e-38,2.1504328797415057e+25,False,,,,77
,True,False,99674328.59121698,,True,1.1754943508222875e-38,6.620955797775974e+16,,,,,True,1.1754943508222875e-38,2.1504328797415057e+25,False,,,,78
,True,False,110034202.54112798,,True,1.1754943508222875e-38,6.620955797775974e+16,,,,,True,1.1754943508222875e-38,2.1504328797415057e+25,False,,,,79
,True,False,121792984.31189762,,True,1.1754943508222875e-38,6.620955797775974e+16,,,,,True,1.1754943508222875e-38,2.1504328797415057e+25,False,,,,80
,True,False,134946201.87641275,,True,1.1754943508222875e-38,6.620955797775974e+16,,,,,True,1.1754943508222875e-38,2.1504328797415057e+25,False,,,,81
,True,False,149344509.02673087,,True,1.1754943508222875e-38,6.620955797775974e+16,,,,,True,1.1754943508222875e-38,2.1504328797415057e+25,False,,,,82
,True,False,164079997.79146817,,True,1.1754943508222875e-38,6.620955797775974e+16,,,,,True,1.1754943508222875e-38,2.1504328797415057e+25,False,,,,83
,True,False,179595419.2324489,,True,1.1754943508222875e-38,6.620955797775974e+16,,,,,True,1.1754943508222875e-38,2.1504328797415057e+25,False,,,,84
,True,False,196457450.0296052,,True,1.1754943508222875e-38,6.620955797775974e+16,,,,,True,1.1754943508222875e-38,2.1504328797415057e+25,False,,,,85
,True,False,214070548.48237363,,True,1.1754943508222875e-38,6.620955797775974e+16,,,,,True,1.1754943508222875e-38,2.1504328797415057e+25,False,,,,86
,True,False,233439567.37242517,,True,1.1754943508222875e-38,6.620955797775974e+16,,,,,True,1.1754943508222875e-38,2.1504328797415057e+25,False,,,,87
,True,False,254402056.9734077,,True,1.1754943508222875e-38,6.620955797775974e+16,,,,,True,1.1754943508222875e-38,2.1504328797415057e+25,False,,,,88
,True,False,278427519.34192455,,True,1.1754943508222875e-38,6.620955797775974e+16,,,,,True,1.1754943508222875e-38,2.1504328797415057e+25,False,,,,89
,True,False,305663285.25399137,,True,1.1754943508222875e-38,6.620955797775974e+16,,,,,True,1.1754943508222875e-38,2.1504328797415057e+25,False,,,,90
,True,False,336528375.3654779,,True,1.1754943508222875e-38,6.620955797775974e+16,,,,,True,1.1754943508222875e-38,2.1504328797415057e+25,False,,,,91
,True,False,370969242.60521543,,True,1.1754943508222875e-38,6.620955797775974e+16,,,,,True,1.1754943508222875e-38,2.1504328797415057e+25,False,,,,92
,True,False,409022862.22649395,,True,1.1754943508222875e-38,6.620955797775974e+16,,,,,True,1.1754943508222875e-38,2.1504328797415057e+25,False,,,,93
,True,False,451049898.99497455,,True,1.1754943508222875e-38,6.620955797775974e+16,,,,,True,1.1754943508222875e-38,2.1504328797415057e+25,False,,,,94
,True,False,495919130.7699982,,True,1.1754943508222875e-38,6.620955797775974e+16,,,,,True,1.1754943508222875e-38,2.1504328797415057e+25,False,,,,95
,True,False,544152379.0435289,,True,1.1754943508222875e-38,6.620955797775974e+16,,,,,True,1.1754943508222875e-38,2.1504328797415057e+25,False,,,,96
,True,False,597608915.740643,,True,1.1754943508222875e-38,6.620955797775974e+16,,,,,True,1.1754943508222875e-38,2.1504328797415057e+25,False,,,,97
,True,False,655975558.3099062,,True,1.1754943508222875e-38,6.620955797775974e+16,,,,,True,1.1754943508222875e-38,2.1504328797415057e+25,False,,,,98
,True,False,718234523.4621066,,True,1.1754943508222875e-38,6.620955797775974e+16,,,,,True,1.1754943508222875e-38,2.1504328797415057e+25,False,,,,99
,True,False,785441142.4280689,,True,1.1754943508222875e-38,6.620955797775974e+16,,,,,True,1.1754943508222875e-38,2.1504328797415057e+25,True,,,,100
