path,bytes,sha256,reason_excluded,regeneration
artifacts/stage_ab/resume/checkpoints/epoch_0002.pt,8276327,0000b0c4f62d3393fa429e54b975bb492b2442161783b89a54f00fba96f49f47,binary checkpoint omitted from source-and-lightweight-artifact release,rerun the stage command documented in its resolved config and report
artifacts/stage_ab/resume/checkpoints/epoch_0010.pt,8276327,d77cbc416dc273b3c98dd702b5c0eead74c643f198bc071572308b9098e03eda,binary checkpoint omitted from source-and-lightweight-artifact release,rerun the stage command documented in its resolved config and report
artifacts/stage_ab/resume/checkpoints/epoch_0030.pt,8276327,a6265b31cf4a1e978deb7ef50c197e54b871b4fb46ccadc3e422f8bf35e7677c,binary checkpoint omitted from source-and-lightweight-artifact release,rerun the stage command documented in its resolved config and report
artifacts/stage_ab/resume/checkpoints/epoch_0075.pt,8276327,e275c8906ec7edd54597027514a228625b93534500d0e0e2332d1bd18506e2d8,binary checkpoint omitted from source-and-lightweight-artifact release,rerun the stage command documented in its resolved config and report
artifacts/stage_ab/resume/checkpoints/epoch_0150.pt,8276327,9454f279d0174500ab3049da325b32a2584e2f6468608f5f20a1c32408f8fc57,binary checkpoint omitted from source-and-lightweight-artifact release,rerun the stage command documented in its resolved config and report
artifacts/stage_ab/resume/resume.pt,8275919,7d68a314c95b0c3faefd54102be12d0e9b87de3bfdaf4a6fd9cab775a8b54b3e,binary checkpoint omitted from source-and-lightweight-artifact release,rerun the stage command documented in its resolved config and report
artifacts/stage_ad/training/disco3d_localno/checkpoints/epoch_0002.pt,8474355,358c67182ae4c1e32ca311205addee2b6a0a6a666d662b8b4145859e53d0ca67,binary checkpoint omitted from source-and-lightweight-artifact release,rerun the stage command documented in its resolved config and report
artifacts/stage_ad/training/disco3d_localno/checkpoints/epoch_0010.pt,8474355,5d884726ad88d39e46139827e43a38aaa5d86521ecf0474ea93b50c17da389d9,binary checkpoint omitted from source-and-lightweight-artifact release,rerun the stage command documented in its resolved config and report
artifacts/stage_ad/training/disco3d_localno/checkpoints/epoch_0030.pt,8474355,a7c5c13c8abe62a32a9053090d337bfa1ed2978a13da756f0378662352259a99,binary checkpoint omitted from source-and-lightweight-artifact release,rerun the stage command documented in its resolved config and report
artifacts/stage_ad/training/disco3d_localno/checkpoints/epoch_0075.pt,8474355,61f56ac6aa6eb44874a7d57d3d0e86dc62158d16fd2e7cc0121b97c64cbb5116,binary checkpoint omitted from source-and-lightweight-artifact release,rerun the stage command documented in its resolved config and report
artifacts/stage_ad/training/disco3d_localno/checkpoints/epoch_0150.pt,8474355,376cfafd158c7f741b5e92d4834eb6c506e820b2743afda194d9daaea6288ad0,binary checkpoint omitted from source-and-lightweight-artifact release,rerun the stage command documented in its resolved config and report
artifacts/stage_ad/training/disco3d_localno/checkpoints/epoch_0300.pt,8485491,b83b100024dfaa9f46628ec3c10b6c3e11eee72dbfe1a67dc1700ec6f71e1143,binary checkpoint omitted from source-and-lightweight-artifact release,rerun the stage command documented in its resolved config and report
artifacts/stage_ad/training/disco3d_localno/resume.pt,8484875,19747705790bb7c2136771ed5fab4d34dd3bcf6c248c011c32b46bc3a7168486,binary checkpoint omitted from source-and-lightweight-artifact release,rerun the stage command documented in its resolved config and report
artifacts/stage_s/s_full_30epoch/best.pt,8263619,a1ede1b38998a1d96ea6f1ad65905e39abf06bbb27b3a38b49fec4eff60a3c36,binary checkpoint omitted from source-and-lightweight-artifact release,rerun the stage command documented in its resolved config and report
artifacts/stage_s/s_full_30epoch/last.pt,8263619,319678dd7cd2c08633c5f8731b19467eab1db4051bc951f0d98116b10672e682,binary checkpoint omitted from source-and-lightweight-artifact release,rerun the stage command documented in its resolved config and report
artifacts/stage_s/s_full_matched/best.pt,8263619,fa2a979747c2bac1a29c2fc58bc78eb2e325ad8bf102daa011c12a1de4d6751a,binary checkpoint omitted from source-and-lightweight-artifact release,rerun the stage command documented in its resolved config and report
artifacts/stage_s/s_full_matched/last.pt,8263619,7f4f87161f32239d5c491ed51b35f16c02db07570605e16ab18500f855e6bbc5,binary checkpoint omitted from source-and-lightweight-artifact release,rerun the stage command documented in its resolved config and report
artifacts/stage_s/s_small_matched/best.pt,8263619,012a0b40a16c4e525329ef0f16c5fe730d085a7292d963f04ea51717fbbaf398,binary checkpoint omitted from source-and-lightweight-artifact release,rerun the stage command documented in its resolved config and report
artifacts/stage_s/s_small_matched/last.pt,8263619,0a0bcdfc38b13ce63ce8bb4ec6f625e2f93e9421f573bc62c9d81704dcbf194b,binary checkpoint omitted from source-and-lightweight-artifact release,rerun the stage command documented in its resolved config and report
artifacts/stage_s/smoke_full/best.pt,8263619,cebc0b7956df2a340b5e5397d3a1e9872430b80413d91c3bbf3a6f977c054692,binary checkpoint omitted from source-and-lightweight-artifact release,rerun the stage command documented in its resolved config and report
artifacts/stage_s/smoke_full/last.pt,8263619,74370af511ac84af5e06afce375b2384d9efa5686687f7241153d6ca9d0c85af,binary checkpoint omitted from source-and-lightweight-artifact release,rerun the stage command documented in its resolved config and report
artifacts/stage_s/smoke_small/best.pt,8263619,c71e9e326799cf689420d87eb272ef8d8690b3582d2ac9c7ddbd94ebb3b655ad,binary checkpoint omitted from source-and-lightweight-artifact release,rerun the stage command documented in its resolved config and report
artifacts/stage_s/smoke_small/last.pt,8263619,f3597a036268e8812822623f7e37421014bafcb4ba2155ec99d0d0a92f137456,binary checkpoint omitted from source-and-lightweight-artifact release,rerun the stage command documented in its resolved config and report
artifacts/stage_t/causal_control/resume.pt,8265167,d567f8d3ce33b87acb24b403fe4a7bae5e0a067aa66e534d0fd16ae50a0a7520,binary checkpoint omitted from source-and-lightweight-artifact release,rerun the stage command documented in its resolved config and report
artifacts/stage_t/causal_control/small_1260.pt,8265639,8ff22ba6e14d1156beebf86c1fa8ab31704a333ff031ebb07c18dd801d249744,binary checkpoint omitted from source-and-lightweight-artifact release,rerun the stage command documented in its resolved config and report
artifacts/stage_t/full_long/checkpoints/epoch_0002.pt,8355431,954ab3c6b3346c56bb7498baf2624119dfeb28b1b826d2115b3620c62e4a1af4,binary checkpoint omitted from source-and-lightweight-artifact release,rerun the stage command documented in its resolved config and report
artifacts/stage_t/full_long/checkpoints/epoch_0010.pt,8355431,296017c7d351a6ca195c0e2aa5d3cfbba0ebb8a4c0ed1375b526466b53ae6f5c,binary checkpoint omitted from source-and-lightweight-artifact release,rerun the stage command documented in its resolved config and report
artifacts/stage_t/full_long/checkpoints/epoch_0030.pt,8355431,1a00094162cbe8649ebc656755b89242ab813d6595a07658f59be23d61bb254e,binary checkpoint omitted from source-and-lightweight-artifact release,rerun the stage command documented in its resolved config and report
artifacts/stage_t/full_long/checkpoints/epoch_0075.pt,8355431,f0a28367d69f95cd70a665a7a1594c334744c5552577d83ef052837971e62975,binary checkpoint omitted from source-and-lightweight-artifact release,rerun the stage command documented in its resolved config and report
artifacts/stage_t/full_long/checkpoints/epoch_0150.pt,8355431,92254003fe63e13d0df1d52c3710ff15638545d4d74084f776300be34d434c96,binary checkpoint omitted from source-and-lightweight-artifact release,rerun the stage command documented in its resolved config and report
artifacts/stage_t/full_long/checkpoints/epoch_0300.pt,8355431,7a047686ac2162ad6be4c8bacdda18ddaeee85083dcddd6cad1445e6d24bbf49,binary checkpoint omitted from source-and-lightweight-artifact release,rerun the stage command documented in its resolved config and report
artifacts/stage_t/full_long/checkpoints/epoch_0600.pt,8355431,c68cd149681cd528a8b55fe2879b85e75db86effc4cf33c960f6249fd6c3262d,binary checkpoint omitted from source-and-lightweight-artifact release,rerun the stage command documented in its resolved config and report
artifacts/stage_t/full_long/checkpoints/epoch_0900.pt,8355431,1c34f2fc84c2fbda0302a483adbb872a8513addf7d5bc422ea2c7594ac4eefbc,binary checkpoint omitted from source-and-lightweight-artifact release,rerun the stage command documented in its resolved config and report
artifacts/stage_t/full_long/checkpoints/epoch_1200.pt,8355431,6032c54c18c2866ee1461f8ca271cb1fc0511ba09b1228a21061da4cb1916045,binary checkpoint omitted from source-and-lightweight-artifact release,rerun the stage command documented in its resolved config and report
artifacts/stage_t/full_long/resume.pt,8355023,d3f8517e17ce84eba0683b2816bbbf5112ea38e519d50c3132cfd9635bbcc2ce,binary checkpoint omitted from source-and-lightweight-artifact release,rerun the stage command documented in its resolved config and report
artifacts/stage_u/variants/coordinate_fd/checkpoints/epoch_0030.pt,8142771,57a7a04692cca1bc2ec4f04f4b3b9f867428396464dc050b68c76cd97901dde4,binary checkpoint omitted from source-and-lightweight-artifact release,rerun the stage command documented in its resolved config and report
artifacts/stage_u/variants/coordinate_fd/checkpoints/epoch_0075.pt,8142771,63abe45ae707e0b7138c46e6af0c7859f430999d085339e77386125a1b1df669,binary checkpoint omitted from source-and-lightweight-artifact release,rerun the stage command documented in its resolved config and report
artifacts/stage_u/variants/coordinate_fd/checkpoints/epoch_0150.pt,8142771,a7f288fc998ba63011493d33ac0e78fcc7d2a3d6287e7253600f130cb687bf6b,binary checkpoint omitted from source-and-lightweight-artifact release,rerun the stage command documented in its resolved config and report
artifacts/stage_u/variants/coordinate_fd/resume.pt,8142155,b9b9304edb13fe3dff2f75d5f7a24ffece4fd5d65edd5a0a718d389dbb0f7743,binary checkpoint omitted from source-and-lightweight-artifact release,rerun the stage command documented in its resolved config and report
artifacts/stage_u/variants/spectral_only/checkpoints/epoch_0030.pt,7940407,58c7754f640a72cb6c16269e5ec6915738d690e797473dd94cca356ef4594e39,binary checkpoint omitted from source-and-lightweight-artifact release,rerun the stage command documented in its resolved config and report
artifacts/stage_u/variants/spectral_only/checkpoints/epoch_0075.pt,7940407,c5650704a0d9640419f3221d00340134f44b97da479766616b72ccfd0d73e0b8,binary checkpoint omitted from source-and-lightweight-artifact release,rerun the stage command documented in its resolved config and report
artifacts/stage_u/variants/spectral_only/checkpoints/epoch_0150.pt,7940407,cef934e129199cc4758996abcdb1928022380371d198bed8c7835e8d43420209,binary checkpoint omitted from source-and-lightweight-artifact release,rerun the stage command documented in its resolved config and report
artifacts/stage_u/variants/spectral_only/resume.pt,7940063,ac784362ba21793dad127286a0b495ecae249deb97ca01acc5e6feb6538c3adf,binary checkpoint omitted from source-and-lightweight-artifact release,rerun the stage command documented in its resolved config and report
artifacts/stage_u/variants/spherical_proxy_fd/checkpoints/epoch_0030.pt,8142771,e3fee57c65ab8b5d20b710a5de7941563d8c347deeaa1ce3a20f2195d40a0139,binary checkpoint omitted from source-and-lightweight-artifact release,rerun the stage command documented in its resolved config and report
artifacts/stage_u/variants/spherical_proxy_fd/checkpoints/epoch_0075.pt,8142771,5f0519979b4e09779490449ee4082d6de3afb305ddd9b83f276ead004785fcd7,binary checkpoint omitted from source-and-lightweight-artifact release,rerun the stage command documented in its resolved config and report
artifacts/stage_u/variants/spherical_proxy_fd/checkpoints/epoch_0150.pt,8142771,ef4d287e4e0203dce5d0c7cce88f9aa286cc54e764e5edd75aaecebb109545b6,binary checkpoint omitted from source-and-lightweight-artifact release,rerun the stage command documented in its resolved config and report
artifacts/stage_u/variants/spherical_proxy_fd/resume.pt,8142155,f8d538cf8b917a67390943a646adf987795e25076a04b5a6032a67d8ae00d7c2,binary checkpoint omitted from source-and-lightweight-artifact release,rerun the stage command documented in its resolved config and report
artifacts/stage_v/variants/direction/checkpoints/epoch_0010.pt,8278823,34fd239bb94893233dcca1d5176f1df1127543f69a8e42ad2ffe559ccc29ef24,binary checkpoint omitted from source-and-lightweight-artifact release,rerun the stage command documented in its resolved config and report
artifacts/stage_v/variants/direction/checkpoints/epoch_0020.pt,8278823,729a66b0d09ce19ab876f4dd54af6eef455e68a1276ad365770a06198251bb28,binary checkpoint omitted from source-and-lightweight-artifact release,rerun the stage command documented in its resolved config and report
artifacts/stage_v/variants/direction/checkpoints/epoch_0030.pt,8278823,086d214f03e607689b8986e62f7f4e3f36cd574a4e9a0b3eae4164d2375dd072,binary checkpoint omitted from source-and-lightweight-artifact release,rerun the stage command documented in its resolved config and report
artifacts/stage_v/variants/direction/checkpoints/epoch_0040.pt,8278823,6424f7d773aa1bfe12b8a0111c93bd1b440c7c524f82d5521aaed64dff5be4cb,binary checkpoint omitted from source-and-lightweight-artifact release,rerun the stage command documented in its resolved config and report
artifacts/stage_v/variants/direction/checkpoints/epoch_0050.pt,8278823,b5dcfa3e6419651f8dc93ab65d6297c95221ae38a02709506592372b4014bd89,binary checkpoint omitted from source-and-lightweight-artifact release,rerun the stage command documented in its resolved config and report
artifacts/stage_v/variants/direction/checkpoints/epoch_0060.pt,8278823,76efcb38685f0dca4a5a9fa24dbbe5b541391471af46e87e96a0346874b99902,binary checkpoint omitted from source-and-lightweight-artifact release,rerun the stage command documented in its resolved config and report
artifacts/stage_v/variants/direction/checkpoints/epoch_0070.pt,8278823,2beaaad3a4c682e3f35d352ce73b912536f7d936c2bfa78a519e716686a570cc,binary checkpoint omitted from source-and-lightweight-artifact release,rerun the stage command documented in its resolved config and report
artifacts/stage_v/variants/direction/checkpoints/epoch_0080.pt,8278823,1b9575032f2917ec630e55a96198068af03c04a7c4fde9c7a68cbd51b8cbb8d5,binary checkpoint omitted from source-and-lightweight-artifact release,rerun the stage command documented in its resolved config and report
artifacts/stage_v/variants/direction/checkpoints/epoch_0090.pt,8278823,fdddb0fd3c2856b4ab780c538981a3347a94fbb173471d317888e156ee80037a,binary checkpoint omitted from source-and-lightweight-artifact release,rerun the stage command documented in its resolved config and report
artifacts/stage_v/variants/direction/checkpoints/epoch_0100.pt,8278823,54bd773bb5746811aab9638b4506b532a257a4c546329cf9d2f352e5791d05e0,binary checkpoint omitted from source-and-lightweight-artifact release,rerun the stage command documented in its resolved config and report
artifacts/stage_v/variants/direction/checkpoints/epoch_0110.pt,8278823,42373d7e7a263f71961d69b946c512560e641684942e5970bd624b88dff186c3,binary checkpoint omitted from source-and-lightweight-artifact release,rerun the stage command documented in its resolved config and report
artifacts/stage_v/variants/direction/checkpoints/epoch_0120.pt,8278823,dc8fb9e32c75060eaef8547beeac5ef13f493ec4c4694a8c5350a4bdbc8a503b,binary checkpoint omitted from source-and-lightweight-artifact release,rerun the stage command documented in its resolved config and report
artifacts/stage_v/variants/direction/checkpoints/epoch_0130.pt,8278823,ffa2757440896d442f380a9a2d2f7c5175e5bec32a21633053ab83192660063e,binary checkpoint omitted from source-and-lightweight-artifact release,rerun the stage command documented in its resolved config and report
artifacts/stage_v/variants/direction/checkpoints/epoch_0140.pt,8278823,47279722a87ea3266e94137b59807a9b16abf7b1205440b98a66d567de7803c3,binary checkpoint omitted from source-and-lightweight-artifact release,rerun the stage command documented in its resolved config and report
artifacts/stage_v/variants/direction/checkpoints/epoch_0150.pt,8278823,31133b902695bc535fc0d890120954f4e7085a137d8ba86b189bd214dc2b5b18,binary checkpoint omitted from source-and-lightweight-artifact release,rerun the stage command documented in its resolved config and report
artifacts/stage_v/variants/direction/formal_best.pt,8278823,31133b902695bc535fc0d890120954f4e7085a137d8ba86b189bd214dc2b5b18,binary checkpoint omitted from source-and-lightweight-artifact release,rerun the stage command documented in its resolved config and report
artifacts/stage_v/variants/direction/resume.pt,8278415,18f29936c660bf4abcc10d03fbfd3dd92952c387d6d33fc0d6a6b0329f08b0e7,binary checkpoint omitted from source-and-lightweight-artifact release,rerun the stage command documented in its resolved config and report
artifacts/stage_v/variants/direction_transport/checkpoints/epoch_0010.pt,8278823,9111245bba7e73a92e97beb3df17ede3a729fa3688bc7696da88dc1614a422f0,binary checkpoint omitted from source-and-lightweight-artifact release,rerun the stage command documented in its resolved config and report
artifacts/stage_v/variants/direction_transport/checkpoints/epoch_0020.pt,8278823,1132d0f947fea9a268549821767817a831cc705a5754877060aa9f940d1b3586,binary checkpoint omitted from source-and-lightweight-artifact release,rerun the stage command documented in its resolved config and report
artifacts/stage_v/variants/direction_transport/checkpoints/epoch_0030.pt,8278823,a03fd6da3e3bac83f389ad567b34b19f5c0a5eb2e5b6001594b792f04094b4ae,binary checkpoint omitted from source-and-lightweight-artifact release,rerun the stage command documented in its resolved config and report
artifacts/stage_v/variants/direction_transport/checkpoints/epoch_0040.pt,8278823,85889f304c2c9f5adc6e9f37ec928e586c35930f20e0c46b978cfb5807c36a54,binary checkpoint omitted from source-and-lightweight-artifact release,rerun the stage command documented in its resolved config and report
artifacts/stage_v/variants/direction_transport/checkpoints/epoch_0050.pt,8278823,68c916e2a830a829bae0fcbd6a7e8a7c87250cafb33f15eaa75de41633fbe345,binary checkpoint omitted from source-and-lightweight-artifact release,rerun the stage command documented in its resolved config and report
artifacts/stage_v/variants/direction_transport/checkpoints/epoch_0060.pt,8278823,f114781afeb042ebae2947ba028bacb203d890c1c325d2ef50dd1dda269644d2,binary checkpoint omitted from source-and-lightweight-artifact release,rerun the stage command documented in its resolved config and report
artifacts/stage_v/variants/direction_transport/checkpoints/epoch_0070.pt,8278823,cbb94a6a9e346f198f7b9c48692bd0bc54c3b71a0551d02e3a1703acf93e076a,binary checkpoint omitted from source-and-lightweight-artifact release,rerun the stage command documented in its resolved config and report
artifacts/stage_v/variants/direction_transport/checkpoints/epoch_0080.pt,8278823,53c96e2ae2fa806dda1fa776773245432a8a525ff8bd4896c9f415dc5f8c28e4,binary checkpoint omitted from source-and-lightweight-artifact release,rerun the stage command documented in its resolved config and report
artifacts/stage_v/variants/direction_transport/checkpoints/epoch_0090.pt,8278823,de2cd55c2f497284f66bab858df787318abdcdfa22fd2bb070a19de56c49b650,binary checkpoint omitted from source-and-lightweight-artifact release,rerun the stage command documented in its resolved config and report
artifacts/stage_v/variants/direction_transport/checkpoints/epoch_0100.pt,8278823,1bb3e708792334ff429fd5d1d1fa350db3f33be7e75dc318c517d8a5e61e368b,binary checkpoint omitted from source-and-lightweight-artifact release,rerun the stage command documented in its resolved config and report
artifacts/stage_v/variants/direction_transport/checkpoints/epoch_0110.pt,8278823,7a50a415b008c02e729a9d26bab093f3df725c0883ef37a2e23daefcb7538617,binary checkpoint omitted from source-and-lightweight-artifact release,rerun the stage command documented in its resolved config and report
artifacts/stage_v/variants/direction_transport/checkpoints/epoch_0120.pt,8278823,68a167354565a209e9c202e26bf52e544d45a764e418ff8050e3d20aedf24255,binary checkpoint omitted from source-and-lightweight-artifact release,rerun the stage command documented in its resolved config and report
artifacts/stage_v/variants/direction_transport/checkpoints/epoch_0130.pt,8278823,583c808272e47a7e5123a8cee62ccc9ca5bebf31025495c4e37063a767831c34,binary checkpoint omitted from source-and-lightweight-artifact release,rerun the stage command documented in its resolved config and report
artifacts/stage_v/variants/direction_transport/checkpoints/epoch_0140.pt,8278823,f7bdb811e3e2bb0d1e2b1bdfe23d39942dc3c03952b80aa28b903fd66f8137bd,binary checkpoint omitted from source-and-lightweight-artifact release,rerun the stage command documented in its resolved config and report
artifacts/stage_v/variants/direction_transport/checkpoints/epoch_0150.pt,8278823,10f0b0412e23e595cadc6357fb34b0b9959f954095e6465a8808f645c2c20848,binary checkpoint omitted from source-and-lightweight-artifact release,rerun the stage command documented in its resolved config and report
artifacts/stage_v/variants/direction_transport/formal_best.pt,8278823,10f0b0412e23e595cadc6357fb34b0b9959f954095e6465a8808f645c2c20848,binary checkpoint omitted from source-and-lightweight-artifact release,rerun the stage command documented in its resolved config and report
artifacts/stage_v/variants/direction_transport/resume.pt,8278415,0a250ec6c5a6c6ab74d986d8365d6a04143372b81c245c69c2f28c7bc81958ce,binary checkpoint omitted from source-and-lightweight-artifact release,rerun the stage command documented in its resolved config and report
artifacts/stage_v/variants/transport/checkpoints/epoch_0010.pt,8278823,a6cca6d987f83e79ac7791aa9366d17541100663dc5f1131266aec554b393d51,binary checkpoint omitted from source-and-lightweight-artifact release,rerun the stage command documented in its resolved config and report
artifacts/stage_v/variants/transport/checkpoints/epoch_0020.pt,8278823,c82c380bd099cd020b58684a281bddaddc9bacbc3d3391b4c562e2d1de10c3b9,binary checkpoint omitted from source-and-lightweight-artifact release,rerun the stage command documented in its resolved config and report
artifacts/stage_v/variants/transport/checkpoints/epoch_0030.pt,8278823,dba9a8aa8026b7152acb53f93f3a3ce96eef17c9267ac7c66cca37f9465c7545,binary checkpoint omitted from source-and-lightweight-artifact release,rerun the stage command documented in its resolved config and report
artifacts/stage_v/variants/transport/checkpoints/epoch_0040.pt,8278823,3ba03dc5efb57d307f496676e581caa1fd4ea16fb0039eef1509ca39e9ec703f,binary checkpoint omitted from source-and-lightweight-artifact release,rerun the stage command documented in its resolved config and report
artifacts/stage_v/variants/transport/checkpoints/epoch_0050.pt,8278823,704f54eb2dff530dd0911db6a1dd9e2382f8a5a7d46b09124283c59fe2f61ba7,binary checkpoint omitted from source-and-lightweight-artifact release,rerun the stage command documented in its resolved config and report
artifacts/stage_v/variants/transport/checkpoints/epoch_0060.pt,8278823,c9459dae2e6a131f0aa371d85b7d20546927ee124f0c1c1de834369c94a2eb0a,binary checkpoint omitted from source-and-lightweight-artifact release,rerun the stage command documented in its resolved config and report
artifacts/stage_v/variants/transport/checkpoints/epoch_0070.pt,8278823,06a7ac67598a94762b4a71aa378c2c7819ec24cee2abfe986dbec72d6d3e22b6,binary checkpoint omitted from source-and-lightweight-artifact release,rerun the stage command documented in its resolved config and report
artifacts/stage_v/variants/transport/checkpoints/epoch_0080.pt,8278823,22bb3e67a2252ecea0afa705d45deea95fdd3c0b5694e566487c377342bc506a,binary checkpoint omitted from source-and-lightweight-artifact release,rerun the stage command documented in its resolved config and report
artifacts/stage_v/variants/transport/checkpoints/epoch_0090.pt,8278823,f4b33f300fff944f9966defd9ef22b4149e6650f803fba57c23a304b9ccf2979,binary checkpoint omitted from source-and-lightweight-artifact release,rerun the stage command documented in its resolved config and report
artifacts/stage_v/variants/transport/checkpoints/epoch_0100.pt,8278823,5ade29e83024e99336895a0561099b9b00a2e98c0ae902b9788f0b420320105b,binary checkpoint omitted from source-and-lightweight-artifact release,rerun the stage command documented in its resolved config and report
artifacts/stage_v/variants/transport/checkpoints/epoch_0110.pt,8278823,4a2336eda1fca94329f1ef263ceb9b308410e9a302f6dd680beeef9db5908af5,binary checkpoint omitted from source-and-lightweight-artifact release,rerun the stage command documented in its resolved config and report
artifacts/stage_v/variants/transport/checkpoints/epoch_0120.pt,8278823,fddc84703cd882efa75dd1c5c3523322ad9e7e758d8592c98f0645308b8ccfe4,binary checkpoint omitted from source-and-lightweight-artifact release,rerun the stage command documented in its resolved config and report
artifacts/stage_v/variants/transport/checkpoints/epoch_0130.pt,8278823,8b974704c8358ff352378eccecb9a7d5ec4c6075ddff052ee4eec0848b3949cf,binary checkpoint omitted from source-and-lightweight-artifact release,rerun the stage command documented in its resolved config and report
artifacts/stage_v/variants/transport/checkpoints/epoch_0140.pt,8278823,1b34174b0dfa8e486085c92adad354b3efa8e5dee99b8c6b1456dbde07e89ebd,binary checkpoint omitted from source-and-lightweight-artifact release,rerun the stage command documented in its resolved config and report
artifacts/stage_v/variants/transport/checkpoints/epoch_0150.pt,8278823,1f22b23e73471de74a33a95a4ce6de4051a44eeaf864afd9464c3e4cc71719fd,binary checkpoint omitted from source-and-lightweight-artifact release,rerun the stage command documented in its resolved config and report
artifacts/stage_v/variants/transport/formal_best.pt,8278823,22bb3e67a2252ecea0afa705d45deea95fdd3c0b5694e566487c377342bc506a,binary checkpoint omitted from source-and-lightweight-artifact release,rerun the stage command documented in its resolved config and report
artifacts/stage_v/variants/transport/resume.pt,8278415,13788ae11afd649acdbfad1bb981e0c20baf4d906a6741e1b41f4ce46049726f,binary checkpoint omitted from source-and-lightweight-artifact release,rerun the stage command documented in its resolved config and report
artifacts/stage_w/variants/mixed_basis/checkpoints/epoch_0002.pt,8278759,efa8705350a6291b43f34af5217eb5f3e867a8a8188989f4b3cb8de2882aea22,binary checkpoint omitted from source-and-lightweight-artifact release,rerun the stage command documented in its resolved config and report
artifacts/stage_w/variants/mixed_basis/checkpoints/epoch_0010.pt,8278759,13d476e5f57ec5ee768285bf32e08b2da86a448d4da5b37225f246b112f2dfa5,binary checkpoint omitted from source-and-lightweight-artifact release,rerun the stage command documented in its resolved config and report
artifacts/stage_w/variants/mixed_basis/checkpoints/epoch_0030.pt,8278759,87a5e6888c2f8e4732328e12c2625ad27393e9d1a9bc4206d12c47457a3f829c,binary checkpoint omitted from source-and-lightweight-artifact release,rerun the stage command documented in its resolved config and report
artifacts/stage_w/variants/mixed_basis/checkpoints/epoch_0075.pt,8278759,e310e0a812bb8836392d15b2e9007452d0ef2153c1c4ce07468ce73127a56676,binary checkpoint omitted from source-and-lightweight-artifact release,rerun the stage command documented in its resolved config and report
artifacts/stage_w/variants/mixed_basis/checkpoints/epoch_0150.pt,8278759,f7f468a6ca039535fbd2b114e5e7c517bbd9616b00220b3068b712765f3e30b6,binary checkpoint omitted from source-and-lightweight-artifact release,rerun the stage command documented in its resolved config and report
artifacts/stage_w/variants/mixed_basis/formal_best.pt,8278759,e310e0a812bb8836392d15b2e9007452d0ef2153c1c4ce07468ce73127a56676,binary checkpoint omitted from source-and-lightweight-artifact release,rerun the stage command documented in its resolved config and report
artifacts/stage_w/variants/mixed_basis/resume.pt,8278351,726097ef1f59adef3134b3a3e8893fd0dc984569d8404f4d37ee2a1ec561058d,binary checkpoint omitted from source-and-lightweight-artifact release,rerun the stage command documented in its resolved config and report
artifacts/stage_w/variants/mixed_basis_boundary/checkpoints/epoch_0002.pt,8278823,b912859a9c6ccf8c91d3226f0f7693ce0005e0c04dc99d6314979ab6808466b3,binary checkpoint omitted from source-and-lightweight-artifact release,rerun the stage command documented in its resolved config and report
artifacts/stage_w/variants/mixed_basis_boundary/checkpoints/epoch_0010.pt,8278823,dd027561cbd3574bfa19b69bcbcfabe0082a9e184a237d78c00ec60528bdb3fc,binary checkpoint omitted from source-and-lightweight-artifact release,rerun the stage command documented in its resolved config and report
artifacts/stage_w/variants/mixed_basis_boundary/checkpoints/epoch_0030.pt,8278823,6d4129402b3874b830491a60c526c975231102701986b78b45ae547334e86e3f,binary checkpoint omitted from source-and-lightweight-artifact release,rerun the stage command documented in its resolved config and report
artifacts/stage_w/variants/mixed_basis_boundary/checkpoints/epoch_0075.pt,8278823,33b30de3879e0bac2317500e4d7b621e965bf36a2631d54d880b21f3e12f47ed,binary checkpoint omitted from source-and-lightweight-artifact release,rerun the stage command documented in its resolved config and report
artifacts/stage_w/variants/mixed_basis_boundary/checkpoints/epoch_0150.pt,8278823,bffc3f0b6e7e0ef29a940132a5a859b4542172eed2101ebb540e3d45b7f1916c,binary checkpoint omitted from source-and-lightweight-artifact release,rerun the stage command documented in its resolved config and report
artifacts/stage_w/variants/mixed_basis_boundary/formal_best.pt,8278823,33b30de3879e0bac2317500e4d7b621e965bf36a2631d54d880b21f3e12f47ed,binary checkpoint omitted from source-and-lightweight-artifact release,rerun the stage command documented in its resolved config and report
artifacts/stage_w/variants/mixed_basis_boundary/resume.pt,8278415,9a86cdb7d45e30412b4022c0884f8e3e98bc5651e5869d64ae03d8a9c329aee4,binary checkpoint omitted from source-and-lightweight-artifact release,rerun the stage command documented in its resolved config and report
outputs/paper_reduced100/stage_f/smoke_full_fno/best.pt/manifest.pt,1395,82060a56cf9c726bf3d3523bc12aec36312f420b107ba6cb5daa08da3c037d95,binary checkpoint omitted from source-and-lightweight-artifact release,rerun the stage command documented in its resolved config and report
outputs/paper_reduced100/stage_f/smoke_full_fno/best.pt/optimizer.pt,5309195,e2fe7081c9e985e99a85c83f3f32ff9922d91a06682e3e39bf97daa02964798c,binary checkpoint omitted from source-and-lightweight-artifact release,rerun the stage command documented in its resolved config and report
outputs/paper_reduced100/stage_f/smoke_full_fno/best.pt/paper_state_dict.pt,2654793,0e742948b73f2aad961f46c224a358515b321c3a9f373d8bfdf8fa7572f21806,binary checkpoint omitted from source-and-lightweight-artifact release,rerun the stage command documented in its resolved config and report
outputs/paper_reduced100/stage_f/smoke_full_fno/best.pt/scheduler.pt,1401,b971bcc069cc5ea27e89dc51746fa05ddd9cff1b8aed448c50ad0831bfcff23f,binary checkpoint omitted from source-and-lightweight-artifact release,rerun the stage command documented in its resolved config and report
outputs/paper_reduced100/stage_f/smoke_full_fno/last.pt/manifest.pt,1395,82060a56cf9c726bf3d3523bc12aec36312f420b107ba6cb5daa08da3c037d95,binary checkpoint omitted from source-and-lightweight-artifact release,rerun the stage command documented in its resolved config and report
outputs/paper_reduced100/stage_f/smoke_full_fno/last.pt/optimizer.pt,5309195,e2fe7081c9e985e99a85c83f3f32ff9922d91a06682e3e39bf97daa02964798c,binary checkpoint omitted from source-and-lightweight-artifact release,rerun the stage command documented in its resolved config and report
outputs/paper_reduced100/stage_f/smoke_full_fno/last.pt/paper_state_dict.pt,2654793,0e742948b73f2aad961f46c224a358515b321c3a9f373d8bfdf8fa7572f21806,binary checkpoint omitted from source-and-lightweight-artifact release,rerun the stage command documented in its resolved config and report
outputs/paper_reduced100/stage_f/smoke_full_fno/last.pt/scheduler.pt,1401,b971bcc069cc5ea27e89dc51746fa05ddd9cff1b8aed448c50ad0831bfcff23f,binary checkpoint omitted from source-and-lightweight-artifact release,rerun the stage command documented in its resolved config and report
outputs/paper_reduced100/stage_f/smoke_plain_l2/best.pt/manifest.pt,1395,82060a56cf9c726bf3d3523bc12aec36312f420b107ba6cb5daa08da3c037d95,binary checkpoint omitted from source-and-lightweight-artifact release,rerun the stage command documented in its resolved config and report
outputs/paper_reduced100/stage_f/smoke_plain_l2/best.pt/optimizer.pt,5309195,5e5b170782d26968f408e7547acfbdc11ed585d46a4a6c6339c2967da3d3ddf5,binary checkpoint omitted from source-and-lightweight-artifact release,rerun the stage command documented in its resolved config and report
outputs/paper_reduced100/stage_f/smoke_plain_l2/best.pt/paper_state_dict.pt,2654793,29903eafe0ddfd2aacca985195bb2e0a3e8c757ffc0306a75896252251364a23,binary checkpoint omitted from source-and-lightweight-artifact release,rerun the stage command documented in its resolved config and report
outputs/paper_reduced100/stage_f/smoke_plain_l2/best.pt/scheduler.pt,1401,b971bcc069cc5ea27e89dc51746fa05ddd9cff1b8aed448c50ad0831bfcff23f,binary checkpoint omitted from source-and-lightweight-artifact release,rerun the stage command documented in its resolved config and report
outputs/paper_reduced100/stage_f/smoke_plain_l2/last.pt/manifest.pt,1395,82060a56cf9c726bf3d3523bc12aec36312f420b107ba6cb5daa08da3c037d95,binary checkpoint omitted from source-and-lightweight-artifact release,rerun the stage command documented in its resolved config and report
outputs/paper_reduced100/stage_f/smoke_plain_l2/last.pt/optimizer.pt,5309195,5e5b170782d26968f408e7547acfbdc11ed585d46a4a6c6339c2967da3d3ddf5,binary checkpoint omitted from source-and-lightweight-artifact release,rerun the stage command documented in its resolved config and report
outputs/paper_reduced100/stage_f/smoke_plain_l2/last.pt/paper_state_dict.pt,2654793,29903eafe0ddfd2aacca985195bb2e0a3e8c757ffc0306a75896252251364a23,binary checkpoint omitted from source-and-lightweight-artifact release,rerun the stage command documented in its resolved config and report
outputs/paper_reduced100/stage_f/smoke_plain_l2/last.pt/scheduler.pt,1401,b971bcc069cc5ea27e89dc51746fa05ddd9cff1b8aed448c50ad0831bfcff23f,binary checkpoint omitted from source-and-lightweight-artifact release,rerun the stage command documented in its resolved config and report
outputs/paper_reduced100/stage_g/pilot30_full_fno/best_validation_l2/manifest.pt,1395,d2e013eb0397995f81e60f772a84c01f322a55e3aaa94000af9c0a3f8d1dd288,binary checkpoint omitted from source-and-lightweight-artifact release,rerun the stage command documented in its resolved config and report
outputs/paper_reduced100/stage_g/pilot30_full_fno/best_validation_l2/optimizer.pt,5310283,b5e9e0bcd3ef5cb649215273fcea6b33693065ab34ee10c65640da45bad12b8a,binary checkpoint omitted from source-and-lightweight-artifact release,rerun the stage command documented in its resolved config and report
outputs/paper_reduced100/stage_g/pilot30_full_fno/best_validation_l2/paper_state_dict.pt,2655305,a18e8711aae8071218959d34d217bb52b51a1fcc23f4e11bdcc5713dbff111e2,binary checkpoint omitted from source-and-lightweight-artifact release,rerun the stage command documented in its resolved config and report
outputs/paper_reduced100/stage_g/pilot30_full_fno/best_validation_l2/scheduler.pt,1401,9515e94df4f09976b874b12ff94f7b0cbaa6c1187e28e49a2cef9dc7a6d00cc7,binary checkpoint omitted from source-and-lightweight-artifact release,rerun the stage command documented in its resolved config and report
outputs/paper_reduced100/stage_g/pilot30_full_fno/last/manifest.pt,1395,1b2198015cb8ff67ddd3ed28e06635294212316f2c344364e5c7fc362df239c3,binary checkpoint omitted from source-and-lightweight-artifact release,rerun the stage command documented in its resolved config and report
outputs/paper_reduced100/stage_g/pilot30_full_fno/last/optimizer.pt,5310283,756f4a7b1d39f165c06ab9c1f68670b0d39c3e7446118eb0e4c1a72b0af6154d,binary checkpoint omitted from source-and-lightweight-artifact release,rerun the stage command documented in its resolved config and report
outputs/paper_reduced100/stage_g/pilot30_full_fno/last/paper_state_dict.pt,2655305,69e03ac30fb35cb0653218c77c4e2cc38f3d13f84571cd3bbcbae6c5affe277b,binary checkpoint omitted from source-and-lightweight-artifact release,rerun the stage command documented in its resolved config and report
outputs/paper_reduced100/stage_g/pilot30_full_fno/last/scheduler.pt,1401,665575ab94754602b9c3d35819df94058f5343ff98b25c41fe98d7ef287fe78c,binary checkpoint omitted from source-and-lightweight-artifact release,rerun the stage command documented in its resolved config and report
outputs/paper_reduced100/stage_g/pilot30_full_fno/selected_states.pt,67112573,60eeda64167b0ab33ce544ac011ff13bab0f4f4887a4eae4d664436b351e9077,binary checkpoint omitted from source-and-lightweight-artifact release,rerun the stage command documented in its resolved config and report
outputs/paper_reduced100/stage_g/pilot30_plain_l2/best_validation_l2/manifest.pt,1395,55525ff9d53000369f9578219590e851c0e8d8a9214f4ba31b6d2e6a721e8f58,binary checkpoint omitted from source-and-lightweight-artifact release,rerun the stage command documented in its resolved config and report
outputs/paper_reduced100/stage_g/pilot30_plain_l2/best_validation_l2/optimizer.pt,5310283,3cf9b0df5ecc40ce464bf06326c64b960b9c28abd31b9a37cc3c9c599eb61769,binary checkpoint omitted from source-and-lightweight-artifact release,rerun the stage command documented in its resolved config and report
outputs/paper_reduced100/stage_g/pilot30_plain_l2/best_validation_l2/paper_state_dict.pt,2655305,923b233de1d0abfda97f99fda9142dc437dc91f5dbbc3f19e0e5d28f5e862f1b,binary checkpoint omitted from source-and-lightweight-artifact release,rerun the stage command documented in its resolved config and report
outputs/paper_reduced100/stage_g/pilot30_plain_l2/best_validation_l2/scheduler.pt,1401,3882ae18a590b9f6e58c79ffb98a4599781d1e731c3d548f83e27b0af0f03481,binary checkpoint omitted from source-and-lightweight-artifact release,rerun the stage command documented in its resolved config and report
outputs/paper_reduced100/stage_g/pilot30_plain_l2/last/manifest.pt,1395,1b2198015cb8ff67ddd3ed28e06635294212316f2c344364e5c7fc362df239c3,binary checkpoint omitted from source-and-lightweight-artifact release,rerun the stage command documented in its resolved config and report
outputs/paper_reduced100/stage_g/pilot30_plain_l2/last/optimizer.pt,5310283,75b1cc6eb68e6f4917e2ea04e613ab789f3876b07c11c76ab8d8a5088a422d0a,binary checkpoint omitted from source-and-lightweight-artifact release,rerun the stage command documented in its resolved config and report
outputs/paper_reduced100/stage_g/pilot30_plain_l2/last/paper_state_dict.pt,2655305,17983d023166aecf9e42e233c613ff3b07566445382fdf2babfb425d45ca3305,binary checkpoint omitted from source-and-lightweight-artifact release,rerun the stage command documented in its resolved config and report
outputs/paper_reduced100/stage_g/pilot30_plain_l2/last/scheduler.pt,1401,665575ab94754602b9c3d35819df94058f5343ff98b25c41fe98d7ef287fe78c,binary checkpoint omitted from source-and-lightweight-artifact release,rerun the stage command documented in its resolved config and report
outputs/paper_reduced100/stage_g/pilot30_plain_l2/selected_states.pt,67112573,2a82cb6015fa9316ceeaa7c433423d8cee4ccbd0910884f244f8ea0217b97c7c,binary checkpoint omitted from source-and-lightweight-artifact release,rerun the stage command documented in its resolved config and report
outputs/paper_reduced100/stage_g/shared_initial_state.pt,2651521,b332b3f7c66a964d264488a27aebae1b0f803fded74291bcdfb881ac4a2e1a82,binary checkpoint omitted from source-and-lightweight-artifact release,rerun the stage command documented in its resolved config and report
outputs/paper_reduced100/stage_i/no_h1/best_validation_l2/manifest.pt,1395,1201e63323636422c1ff3d98e9784eae00b39773d55f7435a92469af9a465b28,binary checkpoint omitted from source-and-lightweight-artifact release,rerun the stage command documented in its resolved config and report
outputs/paper_reduced100/stage_i/no_h1/best_validation_l2/optimizer.pt,5310283,144336d1f84fe059a954f2c436d107d6cabeedaf65ceb270218998ea6dee37c4,binary checkpoint omitted from source-and-lightweight-artifact release,rerun the stage command documented in its resolved config and report
outputs/paper_reduced100/stage_i/no_h1/best_validation_l2/paper_state_dict.pt,2655305,25c2d3850a358d1cc9d025ab5c5a5c98a1e5cb4a9fb857c8771924b61cb224b7,binary checkpoint omitted from source-and-lightweight-artifact release,rerun the stage command documented in its resolved config and report
outputs/paper_reduced100/stage_i/no_h1/best_validation_l2/scheduler.pt,1401,142d0fe5d84dfe283042744143373b222cd24ac8432ce34c64574230fe7ae422,binary checkpoint omitted from source-and-lightweight-artifact release,rerun the stage command documented in its resolved config and report
outputs/paper_reduced100/stage_i/no_h1/last/manifest.pt,1395,1b2198015cb8ff67ddd3ed28e06635294212316f2c344364e5c7fc362df239c3,binary checkpoint omitted from source-and-lightweight-artifact release,rerun the stage command documented in its resolved config and report
outputs/paper_reduced100/stage_i/no_h1/last/optimizer.pt,5310283,476c682513c4a4a0634853395e5325e2bbe164db9834588daa3ae414d6e978e3,binary checkpoint omitted from source-and-lightweight-artifact release,rerun the stage command documented in its resolved config and report
outputs/paper_reduced100/stage_i/no_h1/last/paper_state_dict.pt,2655305,5a2cba35ad4457697d92372ae2bd22f4cc7e58bb38c266676ebd42ac952d4b5e,binary checkpoint omitted from source-and-lightweight-artifact release,rerun the stage command documented in its resolved config and report
outputs/paper_reduced100/stage_i/no_h1/last/scheduler.pt,1401,665575ab94754602b9c3d35819df94058f5343ff98b25c41fe98d7ef287fe78c,binary checkpoint omitted from source-and-lightweight-artifact release,rerun the stage command documented in its resolved config and report
outputs/paper_reduced100/stage_i/no_h1/selected_states.pt,67112637,a8f00ac32d6a176558bd4c883bf1828c760b52a0733288415e2c51f9dea0c82d,binary checkpoint omitted from source-and-lightweight-artifact release,rerun the stage command documented in its resolved config and report
outputs/paper_reduced100/stage_i/stored_coordinate_volume_h1/best_validation_l2/manifest.pt,1395,1201e63323636422c1ff3d98e9784eae00b39773d55f7435a92469af9a465b28,binary checkpoint omitted from source-and-lightweight-artifact release,rerun the stage command documented in its resolved config and report
outputs/paper_reduced100/stage_i/stored_coordinate_volume_h1/best_validation_l2/optimizer.pt,5310283,1ff95ab576c472c916ac3162f6602f242f0a7cbde8e2a10927bd5652449969c2,binary checkpoint omitted from source-and-lightweight-artifact release,rerun the stage command documented in its resolved config and report
outputs/paper_reduced100/stage_i/stored_coordinate_volume_h1/best_validation_l2/paper_state_dict.pt,2655305,0ea78db31a84d2ae35110d5ed6c3f6c459653b4fae0403945e8eeb39e82fd0a4,binary checkpoint omitted from source-and-lightweight-artifact release,rerun the stage command documented in its resolved config and report
outputs/paper_reduced100/stage_i/stored_coordinate_volume_h1/best_validation_l2/scheduler.pt,1401,142d0fe5d84dfe283042744143373b222cd24ac8432ce34c64574230fe7ae422,binary checkpoint omitted from source-and-lightweight-artifact release,rerun the stage command documented in its resolved config and report
outputs/paper_reduced100/stage_i/stored_coordinate_volume_h1/last/manifest.pt,1395,1b2198015cb8ff67ddd3ed28e06635294212316f2c344364e5c7fc362df239c3,binary checkpoint omitted from source-and-lightweight-artifact release,rerun the stage command documented in its resolved config and report
outputs/paper_reduced100/stage_i/stored_coordinate_volume_h1/last/optimizer.pt,5310283,932ffcf6051d6e0001168704fd782b9a42e7e5670f5cd2a4cd98cfd8083884ba,binary checkpoint omitted from source-and-lightweight-artifact release,rerun the stage command documented in its resolved config and report
outputs/paper_reduced100/stage_i/stored_coordinate_volume_h1/last/paper_state_dict.pt,2655305,43c6052090415f91077e88ab1a60f52c73080110e95fd9e73c0214546319bc5e,binary checkpoint omitted from source-and-lightweight-artifact release,rerun the stage command documented in its resolved config and report
outputs/paper_reduced100/stage_i/stored_coordinate_volume_h1/last/scheduler.pt,1401,665575ab94754602b9c3d35819df94058f5343ff98b25c41fe98d7ef287fe78c,binary checkpoint omitted from source-and-lightweight-artifact release,rerun the stage command documented in its resolved config and report
outputs/paper_reduced100/stage_i/stored_coordinate_volume_h1/selected_states.pt,67112637,ddc83ffb5dfe11bc0d504796e6c004eac1a1c6f77f5ac47c38d01ced20a0e8c6,binary checkpoint omitted from source-and-lightweight-artifact release,rerun the stage command documented in its resolved config and report
outputs/paper_reduced100/stage_i/unit_index_h1/best_validation_l2/manifest.pt,1395,55525ff9d53000369f9578219590e851c0e8d8a9214f4ba31b6d2e6a721e8f58,binary checkpoint omitted from source-and-lightweight-artifact release,rerun the stage command documented in its resolved config and report
outputs/paper_reduced100/stage_i/unit_index_h1/best_validation_l2/optimizer.pt,5310283,1ee5c37b37be7ce8fc7c547a18b9616cb08fa9e56cebad76bd336ce647c30f2d,binary checkpoint omitted from source-and-lightweight-artifact release,rerun the stage command documented in its resolved config and report
outputs/paper_reduced100/stage_i/unit_index_h1/best_validation_l2/paper_state_dict.pt,2655305,dadf2030ac98c4e2132fa4dfe1fbe5d80321176f9d8521cd729472841f60f3ce,binary checkpoint omitted from source-and-lightweight-artifact release,rerun the stage command documented in its resolved config and report
outputs/paper_reduced100/stage_i/unit_index_h1/best_validation_l2/scheduler.pt,1401,3882ae18a590b9f6e58c79ffb98a4599781d1e731c3d548f83e27b0af0f03481,binary checkpoint omitted from source-and-lightweight-artifact release,rerun the stage command documented in its resolved config and report
outputs/paper_reduced100/stage_i/unit_index_h1/last/manifest.pt,1395,1b2198015cb8ff67ddd3ed28e06635294212316f2c344364e5c7fc362df239c3,binary checkpoint omitted from source-and-lightweight-artifact release,rerun the stage command documented in its resolved config and report
outputs/paper_reduced100/stage_i/unit_index_h1/last/optimizer.pt,5310283,6e902a937ead82d1386e7166bebcb2cdde0c104b6307c7e66b9537f9dafdbb44,binary checkpoint omitted from source-and-lightweight-artifact release,rerun the stage command documented in its resolved config and report
outputs/paper_reduced100/stage_i/unit_index_h1/last/paper_state_dict.pt,2655305,71f5c7332fbf9a5a0153c4b6585f64c9767bb25568bdc1305b6927a68d1d363b,binary checkpoint omitted from source-and-lightweight-artifact release,rerun the stage command documented in its resolved config and report
outputs/paper_reduced100/stage_i/unit_index_h1/last/scheduler.pt,1401,665575ab94754602b9c3d35819df94058f5343ff98b25c41fe98d7ef287fe78c,binary checkpoint omitted from source-and-lightweight-artifact release,rerun the stage command documented in its resolved config and report
outputs/paper_reduced100/stage_i/unit_index_h1/selected_states.pt,67112637,54530ef304548cefd35b546386e61f0af2649681c2687867ceec6f2d5d0ecccd,binary checkpoint omitted from source-and-lightweight-artifact release,rerun the stage command documented in its resolved config and report
outputs/paper_reduced100/stage_k/localno_differential_plain/best_validation_l2/manifest.pt,1395,5910f548796c3ffb854f817a5fcc070e20c35557a2443f2a30d15abaa25f8d71,binary checkpoint omitted from source-and-lightweight-artifact release,rerun the stage command documented in its resolved config and report
outputs/paper_reduced100/stage_k/localno_differential_plain/best_validation_l2/optimizer.pt,5509031,4b94f97a5e32ce6116c84e6cafd4d3f96e084daad7eec947cf1e534de2291347,binary checkpoint omitted from source-and-lightweight-artifact release,rerun the stage command documented in its resolved config and report
outputs/paper_reduced100/stage_k/localno_differential_plain/best_validation_l2/paper_state_dict.pt,2756521,f69008f91da80a4a7a6374adc253bbcdf37f58f0d142ea80f2b3f399e1f02a9f,binary checkpoint omitted from source-and-lightweight-artifact release,rerun the stage command documented in its resolved config and report
outputs/paper_reduced100/stage_k/localno_differential_plain/best_validation_l2/scheduler.pt,1401,33bef8198a16a24d85ffaa441ccaaf44bc28e96f6e03b070a2e916ab0aa14dc9,binary checkpoint omitted from source-and-lightweight-artifact release,rerun the stage command documented in its resolved config and report
outputs/paper_reduced100/stage_k/localno_differential_plain/last/manifest.pt,1395,1b2198015cb8ff67ddd3ed28e06635294212316f2c344364e5c7fc362df239c3,binary checkpoint omitted from source-and-lightweight-artifact release,rerun the stage command documented in its resolved config and report
outputs/paper_reduced100/stage_k/localno_differential_plain/last/optimizer.pt,5509031,8d0a2ddd791f6d4ccfcb415579993b00733dadfc7f1ce87d5d8ee7e086209966,binary checkpoint omitted from source-and-lightweight-artifact release,rerun the stage command documented in its resolved config and report
outputs/paper_reduced100/stage_k/localno_differential_plain/last/paper_state_dict.pt,2756521,d8ab630075126b68a5c005ea9cb7d3ac55c17f53e826a47cd74cf04a6f826b81,binary checkpoint omitted from source-and-lightweight-artifact release,rerun the stage command documented in its resolved config and report
outputs/paper_reduced100/stage_k/localno_differential_plain/last/scheduler.pt,1401,665575ab94754602b9c3d35819df94058f5343ff98b25c41fe98d7ef287fe78c,binary checkpoint omitted from source-and-lightweight-artifact release,rerun the stage command documented in its resolved config and report
outputs/paper_reduced100/stage_k/localno_differential_plain/selected_states.pt,75501505,441a1d8348b240cb5df16063ee71de1ba375d97b64e79010ec88330191fbea66,binary checkpoint omitted from source-and-lightweight-artifact release,rerun the stage command documented in its resolved config and report
outputs/paper_reduced100/stage_k/shared_localno_initial_state.pt,2864793,07db393f5c3e831f44bcc2d47b8132c3f9a0e72e2a258618080db487cc13cbb0,binary checkpoint omitted from source-and-lightweight-artifact release,rerun the stage command documented in its resolved config and report
outputs/paper_reduced100/stage_k/smoke_localno_differential_plain/best_validation_l2/manifest.pt,1395,82060a56cf9c726bf3d3523bc12aec36312f420b107ba6cb5daa08da3c037d95,binary checkpoint omitted from source-and-lightweight-artifact release,rerun the stage command documented in its resolved config and report
outputs/paper_reduced100/stage_k/smoke_localno_differential_plain/best_validation_l2/optimizer.pt,5509031,fa77a6444454ea919c66f0ab52905db86b47c99c71897b2fdfee157ec0cc8651,binary checkpoint omitted from source-and-lightweight-artifact release,rerun the stage command documented in its resolved config and report
outputs/paper_reduced100/stage_k/smoke_localno_differential_plain/best_validation_l2/paper_state_dict.pt,2756521,206ff40fbd72a287344d8d20160180cb80b8cf3e42ef189945af909bac1ef392,binary checkpoint omitted from source-and-lightweight-artifact release,rerun the stage command documented in its resolved config and report
outputs/paper_reduced100/stage_k/smoke_localno_differential_plain/best_validation_l2/scheduler.pt,1401,b971bcc069cc5ea27e89dc51746fa05ddd9cff1b8aed448c50ad0831bfcff23f,binary checkpoint omitted from source-and-lightweight-artifact release,rerun the stage command documented in its resolved config and report
outputs/paper_reduced100/stage_k/smoke_localno_differential_plain/last/manifest.pt,1395,82060a56cf9c726bf3d3523bc12aec36312f420b107ba6cb5daa08da3c037d95,binary checkpoint omitted from source-and-lightweight-artifact release,rerun the stage command documented in its resolved config and report
outputs/paper_reduced100/stage_k/smoke_localno_differential_plain/last/optimizer.pt,5509031,fa77a6444454ea919c66f0ab52905db86b47c99c71897b2fdfee157ec0cc8651,binary checkpoint omitted from source-and-lightweight-artifact release,rerun the stage command documented in its resolved config and report
outputs/paper_reduced100/stage_k/smoke_localno_differential_plain/last/paper_state_dict.pt,2756521,206ff40fbd72a287344d8d20160180cb80b8cf3e42ef189945af909bac1ef392,binary checkpoint omitted from source-and-lightweight-artifact release,rerun the stage command documented in its resolved config and report
outputs/paper_reduced100/stage_k/smoke_localno_differential_plain/last/scheduler.pt,1401,b971bcc069cc5ea27e89dc51746fa05ddd9cff1b8aed448c50ad0831bfcff23f,binary checkpoint omitted from source-and-lightweight-artifact release,rerun the stage command documented in its resolved config and report
outputs/paper_reduced100/stage_o/localno_p3_plain/best_validation_l2/manifest.pt,1395,eb5390ccb6b2d4e29cc06a56aef635a55cd330ece3b085dffaf4ed4cab931547,binary checkpoint omitted from source-and-lightweight-artifact release,rerun the stage command documented in its resolved config and report
outputs/paper_reduced100/stage_o/localno_p3_plain/best_validation_l2/optimizer.pt,5509031,1fd3d4ec628d0e5ab51cde3ea8a973f3c24ec4218bd2119bdeeaae967a62b4f0,binary checkpoint omitted from source-and-lightweight-artifact release,rerun the stage command documented in its resolved config and report
outputs/paper_reduced100/stage_o/localno_p3_plain/best_validation_l2/paper_state_dict.pt,2756521,756ee7f31a9780942aa0f35dce4e5584cbeaf04ed8e9777721e7765962f04e12,binary checkpoint omitted from source-and-lightweight-artifact release,rerun the stage command documented in its resolved config and report
outputs/paper_reduced100/stage_o/localno_p3_plain/best_validation_l2/scheduler.pt,1401,aff1b26062e8607c5801dc96ce20bf346989b087db7fa444df1573657dc8c091,binary checkpoint omitted from source-and-lightweight-artifact release,rerun the stage command documented in its resolved config and report
outputs/paper_reduced100/stage_o/localno_p3_plain/last/manifest.pt,1395,1b2198015cb8ff67ddd3ed28e06635294212316f2c344364e5c7fc362df239c3,binary checkpoint omitted from source-and-lightweight-artifact release,rerun the stage command documented in its resolved config and report
outputs/paper_reduced100/stage_o/localno_p3_plain/last/optimizer.pt,5509031,2538ee86633f47731a0d79eda7faaa8fcdf56fdb0e7acac662d3efa20026c5ca,binary checkpoint omitted from source-and-lightweight-artifact release,rerun the stage command documented in its resolved config and report
outputs/paper_reduced100/stage_o/localno_p3_plain/last/paper_state_dict.pt,2756521,ec9c4f1f81f15de03952986d454acf150f3613fa12b78465426a3ceef1e3dfa7,binary checkpoint omitted from source-and-lightweight-artifact release,rerun the stage command documented in its resolved config and report
outputs/paper_reduced100/stage_o/localno_p3_plain/last/scheduler.pt,1401,665575ab94754602b9c3d35819df94058f5343ff98b25c41fe98d7ef287fe78c,binary checkpoint omitted from source-and-lightweight-artifact release,rerun the stage command documented in its resolved config and report
outputs/paper_reduced100/stage_o/localno_p3_plain/selected_states.pt,75501505,f42fc77c1d50089296516245e637dce9ae3927b5fdfee45cbfc481ec4990a700,binary checkpoint omitted from source-and-lightweight-artifact release,rerun the stage command documented in its resolved config and report
outputs/paper_reduced100/stage_o/smoke_localno_p3_plain/best_validation_l2/manifest.pt,1395,ea731f82e78d92ef9edd94d2f3fa11616929b6a68d2907616af27faae7094b30,binary checkpoint omitted from source-and-lightweight-artifact release,rerun the stage command documented in its resolved config and report
outputs/paper_reduced100/stage_o/smoke_localno_p3_plain/best_validation_l2/optimizer.pt,5509031,9cb1c86e9413fcf90d342f8da5b3bfcbfd575935c4f7cf1ab1f8695675c936b3,binary checkpoint omitted from source-and-lightweight-artifact release,rerun the stage command documented in its resolved config and report
outputs/paper_reduced100/stage_o/smoke_localno_p3_plain/best_validation_l2/paper_state_dict.pt,2756521,30fa477115dfe28d3b2efca0168c25d2357644a582744b71e3af1be47ac2b8b9,binary checkpoint omitted from source-and-lightweight-artifact release,rerun the stage command documented in its resolved config and report
outputs/paper_reduced100/stage_o/smoke_localno_p3_plain/best_validation_l2/scheduler.pt,1401,660934456fb7ee0964699260b05297dcebcc004dea193b59879035789c643697,binary checkpoint omitted from source-and-lightweight-artifact release,rerun the stage command documented in its resolved config and report
outputs/paper_reduced100/stage_o/smoke_localno_p3_plain/last/manifest.pt,1395,82060a56cf9c726bf3d3523bc12aec36312f420b107ba6cb5daa08da3c037d95,binary checkpoint omitted from source-and-lightweight-artifact release,rerun the stage command documented in its resolved config and report
outputs/paper_reduced100/stage_o/smoke_localno_p3_plain/last/optimizer.pt,5509031,8ce2d62a50b61de036b2df2b21d071eab2c6e7d7b8e987a4acbd00558604e5b0,binary checkpoint omitted from source-and-lightweight-artifact release,rerun the stage command documented in its resolved config and report
outputs/paper_reduced100/stage_o/smoke_localno_p3_plain/last/paper_state_dict.pt,2756521,e987b47aca97a7037e5f272c80aceaad98f1690d9e4ef0f908dd8f6fc4f735b1,binary checkpoint omitted from source-and-lightweight-artifact release,rerun the stage command documented in its resolved config and report
outputs/paper_reduced100/stage_o/smoke_localno_p3_plain/last/scheduler.pt,1401,b971bcc069cc5ea27e89dc51746fa05ddd9cff1b8aed448c50ad0831bfcff23f,binary checkpoint omitted from source-and-lightweight-artifact release,rerun the stage command documented in its resolved config and report
outputs/paper_reduced100/stage_r/localno_p3_residual_plain/best_validation_l2/manifest.pt,1395,2a74bafa45c83f243a70785f4115f4d99062fa5fa6a19e7d10719f902c271f09,binary checkpoint omitted from source-and-lightweight-artifact release,rerun the stage command documented in its resolved config and report
outputs/paper_reduced100/stage_r/localno_p3_residual_plain/best_validation_l2/optimizer.pt,5509031,a8f0bed0097436c1ad00609b76ed65b7a9d186cacf53658a263ded99f31dbcbf,binary checkpoint omitted from source-and-lightweight-artifact release,rerun the stage command documented in its resolved config and report
outputs/paper_reduced100/stage_r/localno_p3_residual_plain/best_validation_l2/paper_state_dict.pt,2756521,f95d99f149596d1049cb77765b75abbf2085eac8a9c4b4fa339c6cd0b0ffd681,binary checkpoint omitted from source-and-lightweight-artifact release,rerun the stage command documented in its resolved config and report
outputs/paper_reduced100/stage_r/localno_p3_residual_plain/best_validation_l2/scheduler.pt,1401,6269a600a28026f9aaccabe8e224158a1ff0dc20279384093bc1227e2954c541,binary checkpoint omitted from source-and-lightweight-artifact release,rerun the stage command documented in its resolved config and report
outputs/paper_reduced100/stage_r/localno_p3_residual_plain/last/manifest.pt,1395,1b2198015cb8ff67ddd3ed28e06635294212316f2c344364e5c7fc362df239c3,binary checkpoint omitted from source-and-lightweight-artifact release,rerun the stage command documented in its resolved config and report
outputs/paper_reduced100/stage_r/localno_p3_residual_plain/last/optimizer.pt,5509031,9a3c4782e661bb052d014c8074401c3cf6093fc5cf5a26dc521f13b6d8c2bdaf,binary checkpoint omitted from source-and-lightweight-artifact release,rerun the stage command documented in its resolved config and report
outputs/paper_reduced100/stage_r/localno_p3_residual_plain/last/paper_state_dict.pt,2756521,640407b361ae0933fdbfa097882cec71ee3b39a8579d195f0d7c75036095c312,binary checkpoint omitted from source-and-lightweight-artifact release,rerun the stage command documented in its resolved config and report
outputs/paper_reduced100/stage_r/localno_p3_residual_plain/last/scheduler.pt,1401,665575ab94754602b9c3d35819df94058f5343ff98b25c41fe98d7ef287fe78c,binary checkpoint omitted from source-and-lightweight-artifact release,rerun the stage command documented in its resolved config and report
outputs/paper_reduced100/stage_r/localno_p3_residual_plain/selected_states.pt,75501505,2579dfb83c28ca1ae49e9471581623407a9a194bc578dcc230731f67d7c2308a,binary checkpoint omitted from source-and-lightweight-artifact release,rerun the stage command documented in its resolved config and report
outputs/paper_reduced100/stage_r/smoke_localno_p3_residual_plain/best_validation_l2/manifest.pt,1395,ea731f82e78d92ef9edd94d2f3fa11616929b6a68d2907616af27faae7094b30,binary checkpoint omitted from source-and-lightweight-artifact release,rerun the stage command documented in its resolved config and report
outputs/paper_reduced100/stage_r/smoke_localno_p3_residual_plain/best_validation_l2/optimizer.pt,5509031,cc979c23c4f46cf3d30b7cc8a66f292d5ac82638c773ac850ab9b11cc3886e0c,binary checkpoint omitted from source-and-lightweight-artifact release,rerun the stage command documented in its resolved config and report
outputs/paper_reduced100/stage_r/smoke_localno_p3_residual_plain/best_validation_l2/paper_state_dict.pt,2756521,c52b36adc5fd2368e9136e8f165ca1c2956de956af24a827c15580ffc193d108,binary checkpoint omitted from source-and-lightweight-artifact release,rerun the stage command documented in its resolved config and report
outputs/paper_reduced100/stage_r/smoke_localno_p3_residual_plain/best_validation_l2/scheduler.pt,1401,660934456fb7ee0964699260b05297dcebcc004dea193b59879035789c643697,binary checkpoint omitted from source-and-lightweight-artifact release,rerun the stage command documented in its resolved config and report
outputs/paper_reduced100/stage_r/smoke_localno_p3_residual_plain/last/manifest.pt,1395,82060a56cf9c726bf3d3523bc12aec36312f420b107ba6cb5daa08da3c037d95,binary checkpoint omitted from source-and-lightweight-artifact release,rerun the stage command documented in its resolved config and report
outputs/paper_reduced100/stage_r/smoke_localno_p3_residual_plain/last/optimizer.pt,5509031,7e8226538666ca1dbdabad8db8d83fc4052979475f386d3d853f2e8129713e76,binary checkpoint omitted from source-and-lightweight-artifact release,rerun the stage command documented in its resolved config and report
outputs/paper_reduced100/stage_r/smoke_localno_p3_residual_plain/last/paper_state_dict.pt,2756521,d149283aeb265fc20e6cf5c5d49ef144983d356152cd45820ac15f3aff88fbbb,binary checkpoint omitted from source-and-lightweight-artifact release,rerun the stage command documented in its resolved config and report
outputs/paper_reduced100/stage_r/smoke_localno_p3_residual_plain/last/scheduler.pt,1401,b971bcc069cc5ea27e89dc51746fa05ddd9cff1b8aed448c50ad0831bfcff23f,binary checkpoint omitted from source-and-lightweight-artifact release,rerun the stage command documented in its resolved config and report
