absolute_residual_error_mean,absolute_residual_error_median,channel,model,pair_count,region,residual_cosine_mean,residual_cosine_median,residual_l2_mean,residual_l2_median,stage_ag_minus_stage_ad_absolute_residual_error_mean,stage_ag_minus_stage_ad_residual_cosine_mean,stage_ag_minus_stage_ad_residual_l2_mean,stage_ag_minus_stage_ad_state_l2_mean,state_l2_mean,state_l2_median
2.770296755965376,2.8767674863786583,ALL,Stage AD,42,equatorial,0.7757164147086462,0.7744129871961858,0.6712585935802621,0.6739689260160086,,,,,0.4944016154992091,0.5032777264059413
0.5640372920185858,0.5770006650749049,Bcc1,Stage AD,42,equatorial,0.7023068913898065,0.7016412909466067,0.7257126631144533,0.7274342335570195,,,,,0.48984293187666095,0.48733723020107866
10.381180344536833,10.927919145046392,Bcc2,Stage AD,42,equatorial,0.6908715090815685,0.6925792264690045,0.7694308599918969,0.7702695908181707,,,,,0.666711427242442,0.6990210050144843
8.280737131994552,8.200953456190689,Bcc3,Stage AD,42,equatorial,0.8128263233114842,0.8121354721967216,0.6218197924335249,0.6224760888002581,,,,,0.43157034603252037,0.4201993006310697
0.1512825230609989,0.16143577610207593,press,Stage AD,42,equatorial,0.36184086679729643,0.34017503624844125,0.9397669870937113,0.9455895387227864,,,,,0.2076340509448053,0.22151512787555389
0.14149549404165157,0.15103257449599283,rho,Stage AD,42,equatorial,0.28279821734048227,0.2533099440441927,0.9831771946428601,0.9914182346391198,,,,,0.2066132507021032,0.22250185797187255
0.15983097682826722,0.1623580348743232,vel1,Stage AD,42,equatorial,0.2637376974381997,0.2542710809353915,1.0343279597274122,1.0292238781406418,,,,,0.26568576076430783,0.2735775269924634
1.5025466576365336,1.5232132265845473,vel2,Stage AD,42,equatorial,0.5537223150003336,0.5490879308019405,0.8777910562565948,0.8920105949444572,,,,,1.197898879144943,1.2141242647954398
0.9812636276055838,1.01970042664488,vel3,Stage AD,42,equatorial,0.5604070136246165,0.5572953825818803,0.99129824483673,1.0118455240058615,,,,,0.2511682938353763,0.2577795246456912
0.9235435294718157,0.9655245706249962,ALL,Stage AD,42,mid_latitude_north,0.6823450190246799,0.7245956140582188,0.8270468407306278,0.7988953077991625,,,,,0.134523121729486,0.13701366187594174
0.05728569177513291,0.05005391185303859,Bcc1,Stage AD,42,mid_latitude_north,-0.011150112167758658,-0.012093269160415168,2.4183860121971157,2.2119542442431355,,,,,0.028654350779134512,0.02663050552699447
4.921883155493588,4.559550305337737,Bcc2,Stage AD,42,mid_latitude_north,0.6921457010133815,0.7339402365639789,0.8131000501415422,0.7922637649183779,,,,,0.33134238087132145,0.3495520061719116
1.0709446389824036,0.8370275912435093,Bcc3,Stage AD,42,mid_latitude_north,0.14551269397188382,0.14078638328623871,1.779065497139981,1.6339630965359757,,,,,0.025093570354551772,0.02064815425524749
0.06326334603069717,0.06130918748976644,press,Stage AD,42,mid_latitude_north,0.0096607551272566,0.012759776619798293,1.1778890196871035,1.1686617306509337,,,,,0.0961947841535438,0.09281663893398528
0.04443006044649863,0.04104511419068402,rho,Stage AD,42,mid_latitude_north,-0.02875135542491443,-0.02418763231206332,1.3368025218918982,1.3464418096295374,,,,,0.11276281461535459,0.10554376894468288
0.10798024007033179,0.10316640719928749,vel1,Stage AD,42,mid_latitude_north,0.01411564776555537,0.01945286022758716,1.0684500790554163,1.0712359531885869,,,,,0.07858447797235127,0.07270175183724623
0.7066192393491177,0.6689620442802882,vel2,Stage AD,42,mid_latitude_north,0.37709968184299913,0.4155713707540053,0.9952975516516896,0.9848494337938788,,,,,0.4623537454456476,0.47150703034926333
0.41594186362675645,0.4028257088868905,vel3,Stage AD,42,mid_latitude_north,0.06599135623008663,0.05949994463466746,1.1122634821163702,1.1159825776403454,,,,,0.07510806188527505,0.07361351985829703
0.8815590581936054,0.8244484913259418,ALL,Stage AD,42,mid_latitude_south,0.6247655231303975,0.6651866447149928,0.947986162820092,0.8305262915453875,,,,,0.1315028954559914,0.12494596937889949
0.05987818670373751,0.05711495631776947,Bcc1,Stage AD,42,mid_latitude_south,0.011055211171169524,0.0007760835842377531,3.1300361441540385,2.692886579989946,,,,,0.03240132173792313,0.032334057279283096
4.892005158816149,4.265067915112693,Bcc2,Stage AD,42,mid_latitude_south,0.6332297067487156,0.6743794884474428,0.939449309485964,0.8263259850521294,,,,,0.3266759064198195,0.32095254052034283
0.8678412321618557,0.7092680449110275,Bcc3,Stage AD,42,mid_latitude_south,0.14435151531474386,0.13770635253380514,1.7408734233208434,1.6087429208637782,,,,,0.020973382706876716,0.01764836318213479
0.05881837163477198,0.057268737899488276,press,Stage AD,42,mid_latitude_south,-0.014784100922972046,-0.0099185436492501,1.1201276261908752,1.1166901708457955,,,,,0.08753317909856495,0.08409503963965768
0.03541607456571323,0.03578494411611066,rho,Stage AD,42,mid_latitude_south,0.01863735179491049,0.01605640511964734,1.2063027378826205,1.2013890768768514,,,,,0.08532375661024953,0.0902306303328628
0.10036860366238619,0.10011043391314667,vel1,Stage AD,42,mid_latitude_south,0.05798610001702128,0.05647484943770578,1.047061368772128,1.048691004165197,,,,,0.0697817727195766,0.07098498255116455
0.605913614932704,0.6247899005573808,vel2,Stage AD,42,mid_latitude_south,0.43366566606723483,0.49619604485295854,0.9743174026835216,0.9808397880837235,,,,,0.3994611917263841,0.42376841841991714
0.432231223071526,0.4256344321505221,vel3,Stage AD,42,mid_latitude_south,0.05324549636557748,0.0588014066328474,1.1894588760220948,1.1575717325025507,,,,,0.08346616313681327,0.08410697756392227
0.7734021827717283,0.7136384402667668,ALL,Stage AD,42,near_north_pole,0.3422232894420431,0.4008054298173828,1.0592743638127944,0.9898303590792006,,,,,0.10773940857997437,0.10070815018213568
0.04871664938801383,0.03556638926473188,Bcc1,Stage AD,42,near_north_pole,0.0016190044265104754,0.0008935823784989915,13.134083860622521,13.19352205228883,,,,,0.03308161963985749,0.028654036776969705
2.8397290539164555,2.694200822333346,Bcc2,Stage AD,42,near_north_pole,0.46197020899294194,0.47856930703292405,1.0799984274028263,0.9249258773537454,,,,,0.21711238521734944,0.20789753155547963
2.023191054830357,1.7490963004388238,Bcc3,Stage AD,42,near_north_pole,0.22771558474484527,0.23180967858262794,1.0434224024659526,1.0025212422221474,,,,,0.07686235678937144,0.06532104627962536
0.06752493543757679,0.05895224979685576,press,Stage AD,42,near_north_pole,0.006756425565604447,0.011516974829657679,1.0619005025644528,1.039606979050558,,,,,0.07829090332251128,0.07042123853196301
0.022423610511339957,0.019616819634368454,rho,Stage AD,42,near_north_pole,0.006852847100751185,0.006998723756408426,2.202178183111874,1.7016308829425109,,,,,0.041972792689454065,0.035886106059592915
0.10207332160847649,0.08612930237627481,vel1,Stage AD,42,near_north_pole,0.016928444950103743,0.027091303165068872,1.024177893523201,1.0205842913345904,,,,,0.05630580107870707,0.04588258840883687
0.34001700342457847,0.28181791072731954,vel2,Stage AD,42,near_north_pole,0.09754547801364072,0.0804368109983236,1.2303423289632005,1.1701145669730153,,,,,0.2767731722296112,0.27135769235590723
0.7435418330570289,0.6677347838294718,vel3,Stage AD,42,near_north_pole,0.13477497763880447,0.14304399010349012,0.9975314182629242,0.9960587271082164,,,,,0.15484215266907317,0.15876981007759705
0.689313529011513,0.6896876267125442,ALL,Stage AD,42,near_south_pole,0.3795710951150915,0.3485212475158986,1.0102723617498608,1.0199306481316865,,,,,0.09935682827511752,0.09606193636735708
0.042100760155922026,0.040808917667640165,Bcc1,Stage AD,42,near_south_pole,-0.0008562412625841489,0.0006236099381700952,12.757084774557958,11.833280720341577,,,,,0.033161634289384095,0.03479139826614218
2.682253519686734,2.7966288435428446,Bcc2,Stage AD,42,near_south_pole,0.43170832328662445,0.41141053672767525,1.1097920370776966,1.0164835498160354,,,,,0.19814559970345885,0.19705234540798403
1.6112511546129575,1.3939556954445411,Bcc3,Stage AD,42,near_south_pole,0.33189870679072275,0.26898621018376123,0.9590482932104335,0.9834427308560376,,,,,0.07159822994492189,0.06842344486258284
0.06671543773654001,0.06844780192828814,press,Stage AD,42,near_south_pole,-4.0670886480422064e-05,-0.006441812402750612,1.0430146333257024,1.0407241019088411,,,,,0.07543350469859456,0.07692383873715686
0.017617898901485303,0.016972958875388855,rho,Stage AD,42,near_south_pole,0.0026034524027908237,0.0034102751862164753,1.7109194431368788,1.622714275467758,,,,,0.030842740977299905,0.030561777085946554
0.10148256853097766,0.1020983922818921,vel1,Stage AD,42,near_south_pole,-0.00208619289722684,-0.005303088400090456,1.0148316843931093,1.0132439051187483,,,,,0.06330341397385983,0.06063974694925787
0.2954114063092631,0.29771952619660347,vel2,Stage AD,42,near_south_pole,0.2063758595746251,0.1755976095361549,1.2711982918782438,1.2010460908168192,,,,,0.2684825814075679,0.2908121974972921
0.6976754861582248,0.6755030087658421,vel3,Stage AD,42,near_south_pole,0.09629140519536258,0.10664444035213469,1.00041695341977,0.997455129070963,,,,,0.1400388474925436,0.13732061598925116
2.7100017850287728,2.7680179054098257,ALL,Stage AG,42,equatorial,0.7697206244493832,0.7663571912275042,0.6560578681396831,0.6616974947357251,-0.06029497093660341,-0.005995790259263001,-0.015200725440578933,-0.009981367416828868,0.4844202480823802,0.4893163136104196
0.5768524038305636,0.6076652113091869,Bcc1,Stage AG,42,equatorial,0.6723683371522413,0.674597711943046,0.7394361184653934,0.7506584089270769,0.012815111811977808,-0.029938554237565196,0.013723455350940106,0.012773861837149236,0.5026167937138102,0.5187561099364111
10.023328453935259,10.656040667019784,Bcc2,Stage AG,42,equatorial,0.6884708368021494,0.6909429582850481,0.752395644852549,0.7529292967867022,-0.35785189060157485,-0.0024006722794190916,-0.017035215139347915,-0.01413536540402538,0.6525760618384167,0.6769380013641266
8.095693730104651,8.187313637951164,Bcc3,Stage AG,42,equatorial,0.8062645887239912,0.8100669775986128,0.6067725157007167,0.6059260309657231,-0.1850434018899012,-0.0065617345874929844,-0.015047276732808257,-0.008682345252397083,0.4228880007801233,0.404022884108971
0.15232890522312173,0.16226587229428335,press,Stage AG,42,equatorial,0.36605511358094683,0.3354947223392122,0.9457346743164466,0.9555798608056338,0.0010463821621228275,0.004214246783650399,0.0059676872227353295,0.001247626621154574,0.20888167756595988,0.22237925880351644
0.1484028568180782,0.1585337012787078,rho,Stage AG,42,equatorial,0.26115595093542004,0.24853273459895703,1.065672726588901,1.0612806062809876,0.006907362776426618,-0.021642266405062227,0.08249553194604087,0.017074792637706476,0.22368804333980968,0.23791202835509345
0.16404288313531562,0.1654269298491835,vel1,Stage AG,42,equatorial,0.18660700393213417,0.1904616335222109,1.0723113196223586,1.0724654525494328,0.004211906307048402,-0.07713069350606552,0.03798335989494639,0.008788547918822609,0.27447430868313044,0.27541188986400866
1.5690105122208204,1.5790859227068208,vel2,Stage AG,42,equatorial,0.5285717349905936,0.5216539186065932,0.9027781890592741,0.9107177924934318,0.06646385458428683,-0.02515058000974002,0.02498713280267928,0.034877961438507965,1.232776840583451,1.2401264287856884
0.9503545349623718,0.9907256949694214,vel3,Stage AG,42,equatorial,0.5510843438727869,0.5379218066804633,1.0124447193332904,1.0373670257272387,-0.030909092643212066,-0.009322669751829604,0.021146474496560375,0.004105484232861112,0.2552737780682374,0.2621855167492966
0.8727340918797063,0.8538620475844452,ALL,Stage AG,42,mid_latitude_north,0.6655768332181591,0.6996603493244753,0.7884148444311843,0.7538542875811127,-0.05080943759210943,-0.01676818580652084,-0.03863199629944358,-0.006759663019404727,0.12776345871008127,0.1311484155567964
0.058283123683260815,0.05404643535885523,Bcc1,Stage AG,42,mid_latitude_north,0.012172961522078725,0.021392273517078272,2.2829296366199734,2.1502329922560284,0.0009974319081279062,0.02332307368983738,-0.1354563755771423,-0.0018410658843237525,0.02681328489481076,0.02464568073052068
4.621082649779525,4.377968668871785,Bcc2,Stage AG,42,mid_latitude_north,0.678385609379947,0.7185684801662328,0.7717570525355404,0.7352291603785621,-0.30080050571406325,-0.013760091633434501,-0.0413429976060018,-0.018183419276811164,0.3131589615945103,0.3338157723934623
1.0138319271377871,0.82231870499605,Bcc3,Stage AG,42,mid_latitude_north,0.05344687615962275,0.05466677832094714,1.833230840916491,1.596458731319724,-0.057112711844616415,-0.09206581781226107,0.054165343776509944,0.0010198878844534243,0.026113458239005197,0.02002550166460535
0.059663442204115444,0.05593561893447796,press,Stage AG,42,mid_latitude_north,-0.010833951323504006,-0.013103266809232968,1.1624646963630787,1.126252733102421,-0.0035999038265817213,-0.020494706450760604,-0.015424323324024769,-0.0007754526438056436,0.09541933150973815,0.08721506418210459
0.040442223677946615,0.03799951122975642,rho,Stage AG,42,mid_latitude_north,0.01445650674869399,0.009956640024313967,1.2701412022517622,1.2718706468606964,-0.003987836768552015,0.04320786217360842,-0.066661319640136,-0.0059667741856647,0.10679604042968989,0.09881323239528648
0.11292129722197133,0.11009677306710586,vel1,Stage AG,42,mid_latitude_north,3.8116532253027275e-05,0.006624241906354862,1.1351612886869331,1.131391270419837,0.004941057151639547,-0.014077531233302342,0.06671120963151678,0.004144644852853263,0.08272912282520453,0.07996537207353537
0.6617689965179827,0.6577902339771708,vel2,Stage AG,42,mid_latitude_north,0.3103694873136735,0.3767301974252413,1.0044883520064272,0.9881396480660234,-0.044850242831135034,-0.06673019452932566,0.009190800354737516,-0.004740294583185978,0.45761345086246163,0.4638655808470995
0.4138790748150624,0.3647668568680178,vel3,Stage AG,42,mid_latitude_north,0.05243710499798319,0.034692145888757325,1.1384385203617982,1.107327189588227,-0.0020627888116940274,-0.013554251232103444,0.026175038245427995,0.0026120653753530787,0.07772012726062813,0.06934271878167157
0.8793745716411008,0.7996997970447981,ALL,Stage AG,42,mid_latitude_south,0.6310237124179463,0.6779854332107866,0.9393198415681852,0.8099615591047127,-0.002184486552504583,0.006258189287548843,-0.008666321251906806,-0.0006557964971016794,0.1308470989588897,0.11788541939197174
0.06434792882485868,0.06061342458114494,Bcc1,Stage AG,42,mid_latitude_south,-0.0027075600644128686,9.009133518395065e-05,3.018122967529899,2.631260326908376,0.004469742121121167,-0.013762771235582392,-0.11191317662413969,-0.0006926496703218502,0.03170867206760128,0.031736040529665006
4.830364962733753,4.131715061900907,Bcc2,Stage AG,42,mid_latitude_south,0.639179316543952,0.6845334262511382,0.9307984378986812,0.7873917125104571,-0.06164019608239624,0.005949609795236399,-0.008650871587282727,-0.0020412447933902955,0.3246346616264292,0.3014792542999066
0.784001001621328,0.6336894607912905,Bcc3,Stage AG,42,mid_latitude_south,0.14407596262620812,0.14921833242174598,1.535179383599012,1.392035623399103,-0.0838402305405277,-0.00027555268853574066,-0.20569403972183142,-0.002587688174997483,0.018385694531879233,0.015158179786374225
0.06157593750294582,0.05453922237842601,press,Stage AG,42,mid_latitude_south,-0.0040214689872571634,-0.0070224625092379,1.1841048572033817,1.171736156760486,0.002757565868173842,0.010762631935714882,0.06397723101250641,0.006901495718126122,0.09443467481669107,0.08722742927948167
0.040945792103574394,0.03880738911822146,rho,Stage AG,42,mid_latitude_south,0.004619168806110508,0.0009217606368355062,1.3412755046568703,1.288374334354979,0.005529717537861162,-0.014018182988799983,0.13497276677424974,0.010873035146766533,0.09619679175701606,0.09731981344921171
0.10530288566471237,0.10295474586731945,vel1,Stage AG,42,mid_latitude_south,0.01590958619044784,0.0010193361391280407,1.0773540764288205,1.0792665948056648,0.004934282002326179,-0.04207651382657344,0.030292707656692563,0.002597401140970332,0.07237917386054693,0.07228706791462576
0.7432392346446871,0.6859813488595866,vel2,Stage AG,42,mid_latitude_south,0.3882351381680495,0.47699902018012497,1.1863984106359673,1.0481061200541066,0.1373256197119831,-0.045430527899185336,0.21208100795244567,0.1089341406404774,0.5083953323668615,0.4823541536521213
0.4052188300329474,0.3980950556853333,vel3,Stage AG,42,mid_latitude_south,0.03197462398679259,0.03647162881875952,1.1200508508267493,1.0836058655939178,-0.027012393038578608,-0.02127087237878489,-0.0694080251953455,-0.005229049124629168,0.0782371140121841,0.07908359786375313
0.7676009811364753,0.7148631678422668,ALL,Stage AG,42,near_north_pole,0.3469624350555611,0.4095758545954606,1.0418536686707103,0.979323528910529,-0.005801201635252995,0.004739145613518014,-0.01742069514208411,-0.001473414607530088,0.10626599397244428,0.09803386300041031
0.04395717647892085,0.03526375145491922,Bcc1,Stage AG,42,near_north_pole,0.028319916024931564,0.021780631293166416,10.689864583744816,10.20269032332116,-0.004759472909092982,0.026700911598421088,-2.444219276877705,-0.005708883479450866,0.027372736160406627,0.022835595089043894
2.8124764235836457,2.745777717169696,Bcc2,Stage AG,42,near_north_pole,0.4643187898393595,0.5121203230344695,1.049395781188134,0.9348156065729352,-0.02725263033280978,0.002348580846417536,-0.03060264621469222,-0.0076972791524207995,0.20941510606492864,0.20874583723733625
1.97648866027793,1.7307477546055723,Bcc3,Stage AG,42,near_north_pole,0.20991986923939324,0.251091074655332,1.0386371051064114,1.0283569490271147,-0.04670239455242697,-0.01779571550545203,-0.004785297359541252,0.0008695624804350294,0.07773191926980647,0.06456803590838442
0.06804378647461384,0.05788057892072507,press,Stage AG,42,near_north_pole,-0.013240813002046894,-0.0037992952752201126,1.087603247344735,1.0744653272558096,0.0005188510370370547,-0.019997238567651343,0.025702744780282227,0.001961768231555805,0.08025267155406708,0.07014754604914086
0.022251232770290324,0.02016982223496555,rho,Stage AG,42,near_north_pole,0.006491781112685467,0.0066038803001913,2.7141433480524877,2.693452391717516,-0.00017237774104963272,-0.0003610659880657176,0.5119651649406136,0.008752132389298672,0.05072492507875274,0.04951638011296695
0.10441863020397472,0.0867014347764794,vel1,Stage AG,42,near_north_pole,0.009072356793716568,-0.004288751066131488,1.0508683459794212,1.0360607982797316,0.0023453085954982383,-0.007856088156387175,0.02669045245622015,0.001472314366184821,0.05777811544489189,0.04758195695468595
0.34707019253025084,0.28175408768260546,vel2,Stage AG,42,near_north_pole,0.036692672928965823,0.037564627432446804,1.309049887698977,1.1504013070021126,0.007053189105672375,-0.060852805084674895,0.0787075587357764,0.02724497966330347,0.30401815189291465,0.2883137257431319
0.7661017467721775,0.6827537871452076,vel3,Stage AG,42,near_north_pole,0.19916754071171533,0.20982015565603468,1.006512325009283,0.9974709948274311,0.02255991371514854,0.06439256307291086,0.008980906746358652,0.0016221188921588525,0.15646427156123202,0.15526039738501718
0.721398663219548,0.6774709178101118,ALL,Stage AG,42,near_south_pole,0.39878228409201955,0.3813541884142889,1.0363549112515036,0.9909947354074797,0.03208513420803505,0.01921118897692803,0.026082549501642793,0.004449383435963364,0.10380621171108088,0.10190622470614916
0.046418075551722116,0.04364483962528887,Bcc1,Stage AG,42,near_south_pole,-0.008529197391875472,-0.003832814568200801,12.037391114882947,10.516994557221633,0.004317315395800089,-0.007672956129291323,-0.719693659675011,-0.0006509978871050356,0.03251063640227906,0.034340185745107416
2.917918822611156,2.71281547518789,Bcc2,Stage AG,42,near_south_pole,0.4534892215051612,0.43738102755105746,1.1834781624284423,0.9984751924667077,0.235665302924422,0.021780898218536737,0.0736861253507457,0.019815618526764722,0.21796121823022357,0.1939844821136191
1.5735683548363746,1.373916848264027,Bcc3,Stage AG,42,near_south_pole,0.3586977612690336,0.3265263752068085,0.9137750400316984,0.9560614544400474,-0.037682799776582954,0.026799054478310824,-0.045273253178735096,-0.0016915171813148555,0.06990671276360703,0.06695278829392944
0.06774284531592076,0.0666579643596707,press,Stage AG,42,near_south_pole,0.007426983765499965,0.008060485092064588,1.0648870029503081,1.0440495546804693,0.0010274075793807458,0.007467654651980387,0.021872369624605703,0.002280834789504846,0.0777143394880994,0.07564899988196089
0.021576065020947097,0.01859256127488429,rho,Stage AG,42,near_south_pole,0.014110974590680973,0.010630309729112917,2.856552585848039,3.1184612180107285,0.003958166119461794,0.011507522187890149,1.1456331427111603,0.02154903512990593,0.052391776107205835,0.05697633979678404
0.10347417333140002,0.10274322822463944,vel1,Stage AG,42,near_south_pole,-0.006977127168191607,-0.0069964705380094255,1.0237381163729946,1.0147310208659621,0.0019916048004223613,-0.0048909342709647675,0.008906431979885276,0.0008256643282010118,0.06412907830206084,0.06146277255996189
0.3414926436601351,0.2934087733374433,vel2,Stage AG,42,near_south_pole,0.17373824555803777,0.1407551675220196,1.458430936320541,1.1697352674386539,0.046081237350871995,-0.032637614016587324,0.18723264444229715,0.0627751973851205,0.3312577787926884,0.26710519885293416
0.6989983254287282,0.6707038039089758,vel3,Stage AG,42,near_south_pole,0.1702695258471489,0.1761148349353538,0.9988052164234046,0.9934572318819764,0.001322839270503362,0.07397812065178633,-0.0016117369963654093,-0.00018376790855084701,0.13985507958399276,0.14103854206457506
